frame_index,t,face_detected,ear,mar,yaw,pitch,pose_person,pose_fresh,pose_yaw_rel,pose_pitch_rel,calibrated_A,calibrated_B,A_drowsiness_acute,A_yawning,A_looking_away,A_looking_down,A_phone_usage,A_driver_absence,A_risk_level,A_risk_score,A_events,B_drowsiness_acute,B_yawning,B_looking_away,B_looking_down,B_phone_usage,B_driver_absence,B_risk_level,B_risk_score,B_events
0,0.000000,True,0.296,0.008,-1.3,-7.5,False,False,,,False,False,False,False,False,False,False,False,NORMAL,0.0,,False,False,False,False,False,False,NORMAL,0.0,
1,0.066823,True,0.273,0.008,-2.1,-5.5,False,False,,,False,False,False,False,False,False,False,False,NORMAL,0.0,,False,False,False,False,False,False,NORMAL,0.0,
2,0.133645,True,0.346,0.007,-2.4,-5.2,False,False,,,False,False,False,False,False,False,False,False,NORMAL,0.0,,False,False,False,False,False,False,NORMAL,0.0,
3,0.200468,True,0.33,0.012,-3.7,-6.5,False,False,,,False,False,False,False,False,False,False,False,NORMAL,0.0,,False,False,False,False,False,False,NORMAL,0.0,
4,0.267290,True,0.324,0.011,-4.6,-6.1,False,False,,,False,False,False,False,False,False,False,False,NORMAL,0.0,,False,False,False,False,False,False,NORMAL,0.0,
5,0.334113,True,0.337,0.011,-3.6,-4.7,False,False,,,False,False,False,False,False,False,False,False,NORMAL,0.0,,False,False,False,False,False,False,NORMAL,0.0,
6,0.400936,True,0.327,0.012,-3.5,-6.2,False,False,,,False,False,False,False,False,False,False,False,NORMAL,0.0,,False,False,False,False,False,False,NORMAL,0.0,
7,0.467758,True,0.326,0.012,-3.5,-6.7,False,False,,,False,False,False,False,False,False,False,False,NORMAL,0.0,,False,False,False,False,False,False,NORMAL,0.0,
8,0.534581,True,0.324,0.012,-3.8,-5.8,False,False,,,False,False,False,False,False,False,False,False,NORMAL,0.0,,False,False,False,False,False,False,NORMAL,0.0,
9,0.601403,True,0.324,0.011,-4.1,-6.0,False,False,,,False,False,False,False,False,False,False,False,NORMAL,0.0,,False,False,False,False,False,False,NORMAL,0.0,
10,0.668226,True,0.334,0.012,-5.6,-5.9,False,False,,,False,False,False,False,False,False,False,False,NORMAL,0.0,,False,False,False,False,False,False,NORMAL,0.0,
11,0.735048,True,0.335,0.017,-5.4,-5.7,False,False,,,False,False,False,False,False,False,False,False,NORMAL,0.0,,False,False,False,False,False,False,NORMAL,0.0,
12,0.801871,True,0.331,0.016,-5.9,-5.4,False,False,,,False,False,False,False,False,False,False,False,NORMAL,0.0,,False,False,False,False,False,False,NORMAL,0.0,
13,0.868694,True,0.33,0.015,-5.4,-3.8,False,False,,,False,False,False,False,False,False,False,False,NORMAL,0.0,,False,False,False,False,False,False,NORMAL,0.0,
14,0.935516,True,0.321,0.014,-5.2,-3.6,False,False,,,False,False,False,False,False,False,False,False,NORMAL,0.0,,False,False,False,False,False,False,NORMAL,0.0,
15,1.002339,True,0.321,0.012,-4.1,-2.8,False,False,,,False,False,False,False,False,False,False,False,NORMAL,0.0,,False,False,False,False,False,False,NORMAL,0.0,
16,1.069161,True,0.302,0.01,-4.0,-3.3,False,False,,,False,False,False,False,False,False,False,False,NORMAL,0.0,,False,False,False,False,False,False,NORMAL,0.0,
17,1.135984,True,0.274,0.008,-3.2,-4.4,False,False,,,False,False,False,False,False,False,False,False,NORMAL,0.0,,False,False,False,False,False,False,NORMAL,0.0,
18,1.202807,True,0.286,0.007,-0.5,-6.6,False,False,,,False,False,False,False,False,False,False,False,NORMAL,0.0,,False,False,False,False,False,False,NORMAL,0.0,
19,1.269629,True,0.273,0.007,-0.4,-5.6,False,False,,,False,False,False,False,False,False,False,False,NORMAL,0.0,,False,False,False,False,False,False,NORMAL,0.0,
20,1.336452,True,0.269,0.014,-0.8,-6.3,False,False,,,False,False,False,False,False,False,False,False,NORMAL,0.0,,False,False,False,False,False,False,NORMAL,0.0,
21,1.403274,True,0.309,0.012,-1.8,-5.9,False,False,,,False,False,False,False,False,False,False,False,NORMAL,0.0,,False,False,False,False,False,False,NORMAL,0.0,
22,1.470097,True,0.311,0.011,-4.1,-7.8,False,False,,,False,False,False,False,False,False,False,False,NORMAL,0.0,,False,False,False,False,False,False,NORMAL,0.0,
23,1.536919,True,0.331,0.011,-4.1,-6.6,False,False,,,False,False,False,False,False,False,False,False,NORMAL,0.0,,False,False,False,False,False,False,NORMAL,0.0,
24,1.603742,True,0.336,0.011,-4.2,-5.2,False,False,,,False,False,False,False,False,False,False,False,NORMAL,0.0,,False,False,False,False,False,False,NORMAL,0.0,
25,1.670565,True,0.331,0.013,-3.5,-2.7,False,False,,,False,False,False,False,False,False,False,False,NORMAL,0.0,,False,False,False,False,False,False,NORMAL,0.0,
26,1.737387,True,0.325,0.012,-3.5,-3.1,False,False,,,False,False,False,False,False,False,False,False,NORMAL,0.0,,False,False,False,False,False,False,NORMAL,0.0,
27,1.804210,True,0.315,0.016,-4.5,-2.6,False,False,,,False,False,False,False,False,False,False,False,NORMAL,0.0,,False,False,False,False,False,False,NORMAL,0.0,
28,1.871032,True,0.313,0.012,-5.8,-3.8,False,False,,,False,False,False,False,False,False,False,False,NORMAL,0.0,,False,False,False,False,False,False,NORMAL,0.0,
29,1.937855,True,0.285,0.012,-4.5,-4.0,False,False,,,False,False,False,False,False,False,False,False,NORMAL,0.0,,False,False,False,False,False,False,NORMAL,0.0,
30,2.004678,True,0.293,0.013,-4.1,-3.5,False,False,,,False,False,False,False,False,False,False,False,NORMAL,0.0,,False,False,False,False,False,False,NORMAL,0.0,
31,2.071500,True,0.295,0.01,-4.1,-3.3,False,False,,,False,False,False,False,False,False,False,False,NORMAL,0.0,,False,False,False,False,False,False,NORMAL,0.0,
32,2.138323,True,0.295,0.009,-4.0,-3.6,False,False,,,False,False,False,False,False,False,False,False,NORMAL,0.0,,False,False,False,False,False,False,NORMAL,0.0,
33,2.205145,True,0.307,0.009,-3.6,-3.6,False,False,,,False,False,False,False,False,False,False,False,NORMAL,0.0,,False,False,False,False,False,False,NORMAL,0.0,
34,2.271968,True,0.304,0.009,-3.9,-3.9,False,False,,,False,False,False,False,False,False,False,False,NORMAL,0.0,,False,False,False,False,False,False,NORMAL,0.0,
35,2.338791,True,0.31,0.009,-3.6,-3.3,False,False,,,False,False,False,False,False,False,False,False,NORMAL,0.0,,False,False,False,False,False,False,NORMAL,0.0,
36,2.405613,True,0.31,0.01,-3.7,-3.6,False,False,,,False,False,False,False,False,False,False,False,NORMAL,0.0,,False,False,False,False,False,False,NORMAL,0.0,
37,2.472436,True,0.314,0.009,-3.9,-3.9,False,False,,,False,False,False,False,False,False,False,False,NORMAL,0.0,,False,False,False,False,False,False,NORMAL,0.0,
38,2.539258,True,0.322,0.01,-4.2,-4.3,False,False,,,False,False,False,False,False,False,False,False,NORMAL,0.0,,False,False,False,False,False,False,NORMAL,0.0,
39,2.606081,True,0.32,0.01,-3.7,-4.4,False,False,,,False,False,False,False,False,False,False,False,NORMAL,0.0,,False,False,False,False,False,False,NORMAL,0.0,
40,2.672903,True,0.32,0.01,-3.6,-4.3,False,False,,,False,False,False,False,False,False,False,False,NORMAL,0.0,,False,False,False,False,False,False,NORMAL,0.0,
41,2.739726,True,0.316,0.009,-3.4,-5.7,False,False,,,False,False,False,False,False,False,False,False,NORMAL,0.0,,False,False,False,False,False,False,NORMAL,0.0,
42,2.806549,True,0.309,0.01,-3.4,-7.5,False,False,,,False,False,False,False,False,False,False,False,NORMAL,0.0,,False,False,False,False,False,False,NORMAL,0.0,
43,2.873371,True,0.31,0.01,-2.8,-5.1,False,False,,,False,False,False,False,False,False,False,False,NORMAL,0.0,,False,False,False,False,False,False,NORMAL,0.0,
44,2.940194,True,0.304,0.01,-2.7,-5.1,False,False,,,False,False,False,False,False,False,False,False,NORMAL,0.0,,False,False,False,False,False,False,NORMAL,0.0,
45,3.007016,True,0.306,0.012,-3.3,-5.8,False,False,,,False,False,False,False,False,False,False,False,NORMAL,0.0,,False,False,False,False,False,False,NORMAL,0.0,
46,3.073839,True,0.306,0.01,-2.9,-5.4,False,False,,,False,False,False,False,False,False,False,False,NORMAL,0.0,,False,False,False,False,False,False,NORMAL,0.0,
47,3.140662,True,0.308,0.01,-3.3,-6.1,False,False,,,False,False,False,False,False,False,False,False,NORMAL,0.0,,False,False,False,False,False,False,NORMAL,0.0,
48,3.207484,True,0.306,0.01,-3.3,-4.3,False,False,,,False,False,False,False,False,False,False,False,NORMAL,0.0,,False,False,False,False,False,False,NORMAL,0.0,
49,3.274307,True,0.304,0.012,-3.8,-7.6,False,False,,,False,False,False,False,False,False,False,False,NORMAL,0.0,,False,False,False,False,False,False,NORMAL,0.0,
50,3.341129,True,0.307,0.011,-3.7,-7.2,False,False,,,False,False,False,False,False,False,False,False,NORMAL,0.0,,False,False,False,False,False,False,NORMAL,0.0,
51,3.407952,True,0.306,0.01,-3.0,-6.2,False,False,,,False,False,False,False,False,False,False,False,NORMAL,0.0,,False,False,False,False,False,False,NORMAL,0.0,
52,3.474774,True,0.308,0.01,-3.8,-7.2,False,False,,,False,False,False,False,False,False,False,False,NORMAL,0.0,,False,False,False,False,False,False,NORMAL,0.0,
53,3.541597,True,0.308,0.01,-3.6,-6.1,False,False,,,False,False,False,False,False,False,False,False,NORMAL,0.0,,False,False,False,False,False,False,NORMAL,0.0,
54,3.608420,True,0.307,0.01,-3.8,-7.2,False,False,,,False,False,False,False,False,False,False,False,NORMAL,0.0,,False,False,False,False,False,False,NORMAL,0.0,
55,3.675242,True,0.31,0.01,-3.4,-6.6,False,False,,,False,False,False,False,False,False,False,False,NORMAL,0.0,,False,False,False,False,False,False,NORMAL,0.0,
56,3.742065,True,0.309,0.01,-3.3,-6.6,False,False,,,False,False,False,False,False,False,False,False,NORMAL,0.0,,False,False,False,False,False,False,NORMAL,0.0,
57,3.808887,True,0.306,0.009,-3.1,-6.7,False,False,,,False,False,False,False,False,False,False,False,NORMAL,0.0,,False,False,False,False,False,False,NORMAL,0.0,
58,3.875710,True,0.307,0.01,-3.5,-7.0,False,False,,,False,False,False,False,False,False,False,False,NORMAL,0.0,,False,False,False,False,False,False,NORMAL,0.0,
59,3.942533,True,0.308,0.009,-3.2,-6.4,False,False,,,False,False,False,False,False,False,False,False,NORMAL,0.0,,False,False,False,False,False,False,NORMAL,0.0,
60,4.009355,True,0.307,0.01,-3.5,-6.7,False,False,,,True,True,False,False,False,False,False,False,NORMAL,0.0,,False,False,False,False,False,False,NORMAL,0.0,
61,4.076178,True,0.307,0.01,-3.0,-5.1,False,False,,,True,True,False,False,False,False,False,False,NORMAL,0.0,,False,False,False,False,False,False,NORMAL,0.0,
62,4.143000,True,0.306,0.01,-3.0,-5.3,False,False,,,True,True,False,False,False,False,False,False,NORMAL,0.0,,False,False,False,False,False,False,NORMAL,0.0,
63,4.209823,True,0.298,0.009,-3.3,-5.2,False,False,,,True,True,False,False,False,False,False,False,NORMAL,0.0,,False,False,False,False,False,False,NORMAL,0.0,
64,4.276646,True,0.299,0.01,-3.4,-6.6,False,False,,,True,True,False,False,False,False,False,False,NORMAL,0.0,,False,False,False,False,False,False,NORMAL,0.0,
65,4.343468,True,0.303,0.009,-3.3,-4.6,False,False,,,True,True,False,False,False,False,False,False,NORMAL,0.0,,False,False,False,False,False,False,NORMAL,0.0,
66,4.410291,True,0.306,0.011,-4.3,-6.9,False,False,,,True,True,False,False,False,False,False,False,NORMAL,0.0,,False,False,False,False,False,False,NORMAL,0.0,
67,4.477113,True,0.31,0.01,-3.8,-6.5,False,False,,,True,True,False,False,False,False,False,False,NORMAL,0.0,,False,False,False,False,False,False,NORMAL,0.0,
68,4.543936,True,0.311,0.009,-3.6,-6.5,False,False,,,True,True,False,False,False,False,False,False,NORMAL,0.0,,False,False,False,False,False,False,NORMAL,0.0,
69,4.610758,True,0.309,0.01,-3.6,-6.3,False,False,,,True,True,False,False,False,False,False,False,NORMAL,0.0,,False,False,False,False,False,False,NORMAL,0.0,
70,4.677581,True,0.308,0.01,-3.3,-5.6,False,False,,,True,True,False,False,False,False,False,False,NORMAL,0.0,,False,False,False,False,False,False,NORMAL,0.0,
71,4.744404,True,0.308,0.01,-3.3,-6.9,False,False,,,True,True,False,False,False,False,False,False,NORMAL,0.0,,False,False,False,False,False,False,NORMAL,0.0,
72,4.811226,True,0.309,0.01,-3.2,-5.4,False,False,,,True,True,False,False,False,False,False,False,NORMAL,0.0,,False,False,False,False,False,False,NORMAL,0.0,
73,4.878049,True,0.311,0.01,-3.9,-6.6,False,False,,,True,True,False,False,False,False,False,False,NORMAL,0.0,,False,False,False,False,False,False,NORMAL,0.0,
74,4.944871,True,0.309,0.01,-3.7,-5.7,False,False,,,True,True,False,False,False,False,False,False,NORMAL,0.0,,False,False,False,False,False,False,NORMAL,0.0,
75,5.011694,True,0.306,0.01,-3.6,-6.0,False,False,,,True,True,False,False,False,False,False,False,NORMAL,0.0,,False,False,False,False,False,False,NORMAL,0.0,
76,5.078517,False,0.0,0.0,0.0,0.0,False,False,,,True,True,False,False,False,False,False,False,NORMAL,0.0,,False,False,False,False,False,False,NORMAL,0.0,
77,5.145339,True,0.163,0.009,-1.2,4.3,False,False,,,True,True,False,False,False,False,False,False,NORMAL,0.0,,False,False,False,False,False,False,NORMAL,0.0,
78,5.212162,True,0.178,0.005,-1.4,0.3,False,False,,,True,True,False,False,False,False,False,False,NORMAL,0.0,,False,False,False,False,False,False,NORMAL,0.0,
79,5.278984,True,0.143,0.005,-2.0,0.9,False,False,,,True,True,False,False,False,False,False,False,NORMAL,0.0,,False,False,False,False,False,False,NORMAL,0.0,
80,5.345807,True,0.195,0.006,-1.9,1.6,False,False,,,True,True,False,False,False,False,False,False,NORMAL,0.0,,False,False,False,False,False,False,NORMAL,0.0,
81,5.412629,True,0.171,0.005,-0.8,3.5,False,False,,,True,True,False,False,False,False,False,False,NORMAL,0.0,,False,False,False,False,False,False,NORMAL,0.0,
82,5.479452,True,0.121,0.006,-0.4,3.3,False,False,,,True,True,False,False,False,False,False,False,NORMAL,0.0,,False,False,False,False,False,False,NORMAL,0.0,
83,5.546275,True,0.094,0.006,0.6,2.4,False,False,,,True,True,False,False,False,False,False,False,NORMAL,2.6,,False,False,False,False,False,False,NORMAL,2.6,
84,5.613097,True,0.079,0.005,1.0,2.4,False,False,,,True,True,False,False,False,False,False,False,NORMAL,5.2,,False,False,False,False,False,False,NORMAL,5.2,
85,5.679920,True,0.083,0.006,1.2,2.8,False,False,,,True,True,False,False,False,False,False,False,NORMAL,7.8,,False,False,False,False,False,False,NORMAL,7.8,
86,5.746742,True,0.091,0.006,0.0,5.6,False,False,,,True,True,False,False,False,False,False,False,NORMAL,10.4,,False,False,False,False,False,False,NORMAL,10.4,
87,5.813565,True,0.136,0.006,-1.1,6.5,False,False,,,True,True,False,False,False,False,False,False,NORMAL,13.0,,False,False,False,False,False,False,NORMAL,13.0,
88,5.880388,True,0.171,0.014,-2.2,6.6,False,False,,,True,True,False,False,False,False,False,False,NORMAL,12.7,,False,False,False,False,False,False,NORMAL,12.7,
89,5.947210,True,0.153,0.017,-2.8,8.1,False,False,,,True,True,False,False,False,False,False,False,NORMAL,12.5,,False,False,False,False,False,False,NORMAL,12.5,
90,6.014033,True,0.148,0.012,-0.7,8.9,False,False,,,True,True,False,False,False,False,False,False,NORMAL,12.2,,False,False,False,False,False,False,NORMAL,12.2,
91,6.080855,True,0.133,0.006,0.1,9.3,False,False,,,True,True,False,False,False,False,False,False,NORMAL,12.0,,False,False,False,False,False,False,NORMAL,12.0,
92,6.147678,True,0.125,0.006,0.2,9.4,False,False,,,True,True,False,False,False,False,False,False,NORMAL,11.8,,False,False,False,False,False,False,NORMAL,11.8,
93,6.214501,True,0.117,0.01,2.1,12.7,False,False,,,True,True,False,False,False,False,False,False,NORMAL,11.5,,False,False,False,False,False,False,NORMAL,11.5,
94,6.281323,True,0.126,0.007,1.5,13.2,False,False,,,True,True,False,False,False,False,False,False,NORMAL,13.0,,False,False,False,False,False,False,NORMAL,13.0,
95,6.348146,True,0.139,0.006,1.6,12.1,False,False,,,True,True,False,False,False,False,False,False,NORMAL,15.6,,False,False,False,False,False,False,NORMAL,15.6,
96,6.414968,True,0.123,0.006,2.8,10.5,False,False,,,True,True,False,False,False,False,False,False,NORMAL,18.2,,False,False,False,False,False,False,NORMAL,18.2,
97,6.481791,True,0.11,0.004,3.4,10.2,False,False,,,True,True,False,False,False,False,False,False,NORMAL,20.8,,False,False,False,False,False,False,NORMAL,20.8,
98,6.548613,True,0.119,0.005,4.2,10.2,False,False,,,True,True,False,False,False,False,False,False,NORMAL,23.4,,False,False,False,False,False,False,NORMAL,23.4,
99,6.615436,False,0.0,0.0,0.0,0.0,False,False,,,True,True,False,False,False,False,False,False,NORMAL,22.9,,False,False,False,False,False,False,NORMAL,22.9,
100,6.682259,False,0.0,0.0,0.0,0.0,False,False,,,True,True,False,False,False,False,False,False,NORMAL,22.5,,False,False,False,False,False,False,NORMAL,22.5,
101,6.749081,True,0.138,0.021,-0.3,12.3,False,False,,,True,True,False,False,False,False,False,False,NORMAL,22.0,,False,False,False,False,False,False,NORMAL,22.0,
102,6.815904,True,0.123,0.009,3.1,9.2,False,False,,,True,True,False,False,False,False,False,False,NORMAL,21.6,,False,False,False,False,False,False,NORMAL,21.6,
103,6.882726,True,0.133,0.006,4.9,9.0,False,False,,,True,True,False,False,False,False,False,False,NORMAL,21.2,,False,False,False,False,False,False,NORMAL,21.2,
104,6.949549,True,0.119,0.007,4.1,9.7,False,False,,,True,True,False,False,False,False,False,False,NORMAL,20.7,,False,False,False,False,False,False,NORMAL,20.7,
105,7.016372,True,0.13,0.002,4.2,9.2,False,False,,,True,True,False,False,False,False,False,False,NORMAL,20.3,,False,False,False,False,False,False,NORMAL,20.3,
106,7.083194,True,0.149,0.005,4.5,8.1,False,False,,,True,True,False,False,False,False,False,False,NORMAL,19.9,,False,False,False,False,False,False,NORMAL,19.9,
107,7.150017,True,0.184,0.005,2.7,9.3,False,False,,,True,True,False,False,False,False,False,False,NORMAL,19.5,,False,False,False,False,False,False,NORMAL,19.5,
108,7.216839,True,0.149,0.006,2.4,10.3,False,False,,,True,True,False,False,False,False,False,False,NORMAL,19.1,,False,False,False,False,False,False,NORMAL,19.1,
109,7.283662,True,0.145,0.005,2.2,10.8,False,False,,,True,True,False,False,False,False,False,False,NORMAL,18.8,,False,False,False,False,False,False,NORMAL,18.8,
110,7.350484,True,0.145,0.006,2.2,10.9,False,False,,,True,True,False,False,False,False,False,False,NORMAL,18.4,,False,False,False,False,False,False,NORMAL,18.4,
111,7.417307,True,0.142,0.008,1.4,9.4,False,False,,,True,True,False,False,False,False,False,False,NORMAL,18.0,,False,False,False,False,False,False,NORMAL,18.0,
112,7.484130,True,0.153,0.008,1.7,10.5,False,False,,,True,True,False,False,False,False,False,False,NORMAL,17.7,,False,False,False,False,False,False,NORMAL,17.7,
113,7.550952,True,0.131,0.016,2.1,0.9,False,False,,,True,True,False,False,False,False,False,False,NORMAL,17.3,,False,False,False,False,False,False,NORMAL,17.3,
114,7.617775,True,0.218,0.012,1.0,3.2,False,False,,,True,True,False,False,False,False,False,False,NORMAL,17.0,,False,False,False,False,False,False,NORMAL,17.0,
115,7.684597,True,0.218,0.007,1.7,1.9,False,False,,,True,True,False,False,False,False,False,False,NORMAL,16.6,,False,False,False,False,False,False,NORMAL,16.6,
116,7.751420,True,0.252,0.01,-0.3,-2.3,False,False,,,True,True,False,False,False,False,False,False,NORMAL,16.3,,False,False,False,False,False,False,NORMAL,16.3,
117,7.818243,True,0.231,0.01,1.4,2.3,False,False,,,True,True,False,False,False,False,False,False,NORMAL,16.0,,False,False,False,False,False,False,NORMAL,16.0,
118,7.885065,True,0.227,0.008,2.0,1.4,False,False,,,True,True,False,False,False,False,False,False,NORMAL,15.7,,False,False,False,False,False,False,NORMAL,15.7,
119,7.951888,True,0.303,0.01,2.1,2.6,False,False,,,True,True,False,False,False,False,False,False,NORMAL,15.4,,False,False,False,False,False,False,NORMAL,15.4,
120,8.018710,True,0.293,0.01,-2.8,-3.2,False,False,,,True,True,False,False,False,False,False,False,NORMAL,15.0,,False,False,False,False,False,False,NORMAL,15.0,
121,8.085533,True,0.331,0.015,-2.2,-2.3,False,False,,,True,True,False,False,False,False,False,False,NORMAL,14.7,,False,False,False,False,False,False,NORMAL,14.7,
122,8.152355,True,0.298,0.016,-2.8,-2.2,False,False,,,True,True,False,False,False,False,False,False,NORMAL,14.5,,False,False,False,False,False,False,NORMAL,14.5,
123,8.219178,True,0.297,0.011,-1.1,-2.5,False,False,,,True,True,False,False,False,False,False,False,NORMAL,14.2,,False,False,False,False,False,False,NORMAL,14.2,
124,8.286001,True,0.288,0.014,-0.3,-1.7,False,False,,,True,True,False,False,False,False,False,False,NORMAL,13.9,,False,False,False,False,False,False,NORMAL,13.9,
125,8.352823,True,0.234,0.008,0.4,-2.9,False,False,,,True,True,False,False,False,False,False,False,NORMAL,13.6,,False,False,False,False,False,False,NORMAL,13.6,
126,8.419646,True,0.249,0.005,1.5,-9.5,False,False,,,True,True,False,False,False,False,False,False,NORMAL,13.3,,False,False,False,False,False,False,NORMAL,13.3,
127,8.486468,False,0.0,0.0,0.0,0.0,False,False,,,True,True,False,False,False,False,False,False,NORMAL,13.1,,False,False,False,False,False,False,NORMAL,13.1,
128,8.553291,True,0.309,0.007,1.9,-10.7,False,False,,,True,True,False,False,False,False,False,False,NORMAL,12.8,,False,False,False,False,False,False,NORMAL,12.8,
129,8.620114,True,0.28,0.002,1.1,-11.4,False,False,,,True,True,False,False,False,False,False,False,NORMAL,12.6,,False,False,False,False,False,False,NORMAL,12.6,
130,8.686936,True,0.274,0.006,1.7,-13.1,False,False,,,True,True,False,False,False,False,False,False,NORMAL,12.3,,False,False,False,False,False,False,NORMAL,12.3,
131,8.753759,True,0.273,0.007,0.8,-9.7,False,False,,,True,True,False,False,False,False,False,False,NORMAL,12.1,,False,False,False,False,False,False,NORMAL,12.1,
132,8.820581,True,0.275,0.006,-1.1,-7.5,False,False,,,True,True,False,False,False,False,False,False,NORMAL,11.8,,False,False,False,False,False,False,NORMAL,11.8,
133,8.887404,True,0.286,0.008,-1.3,-7.1,False,False,,,True,True,False,False,False,False,False,False,NORMAL,11.6,,False,False,False,False,False,False,NORMAL,11.6,
134,8.954227,True,0.289,0.01,-1.3,-7.1,False,False,,,True,True,False,False,False,False,False,False,NORMAL,11.4,,False,False,False,False,False,False,NORMAL,11.4,
135,9.021049,True,0.274,0.012,-2.3,-5.3,False,False,,,True,True,False,False,False,False,False,False,NORMAL,11.1,,False,False,False,False,False,False,NORMAL,11.1,
136,9.087872,True,0.279,0.008,-3.1,-5.6,False,False,,,True,True,False,False,False,False,False,False,NORMAL,10.9,,False,False,False,False,False,False,NORMAL,10.9,
137,9.154694,True,0.274,0.007,-3.3,-4.2,False,False,,,True,True,False,False,False,False,False,False,NORMAL,10.7,,False,False,False,False,False,False,NORMAL,10.7,
138,9.221517,True,0.282,0.01,-3.7,-4.6,False,False,,,True,True,False,False,False,False,False,False,NORMAL,10.5,,False,False,False,False,False,False,NORMAL,10.5,
139,9.288339,True,0.281,0.01,-3.6,-3.8,False,False,,,True,True,False,False,False,False,False,False,NORMAL,10.3,,False,False,False,False,False,False,NORMAL,10.3,
140,9.355162,True,0.278,0.01,-3.9,-4.8,False,False,,,True,True,False,False,False,False,False,False,NORMAL,10.1,,False,False,False,False,False,False,NORMAL,10.1,
141,9.421985,True,0.279,0.011,-3.9,-6.0,False,False,,,True,True,False,False,False,False,False,False,NORMAL,9.9,,False,False,False,False,False,False,NORMAL,9.9,
142,9.488807,True,0.269,0.014,-4.4,-6.4,False,False,,,True,True,False,False,False,False,False,False,NORMAL,9.7,,False,False,False,False,False,False,NORMAL,9.7,
143,9.555630,True,0.271,0.011,-3.9,-6.6,False,False,,,True,True,False,False,False,False,False,False,NORMAL,9.5,,False,False,False,False,False,False,NORMAL,9.5,
144,9.622452,True,0.272,0.011,-3.8,-7.1,False,False,,,True,True,False,False,False,False,False,False,NORMAL,9.3,,False,False,False,False,False,False,NORMAL,9.3,
145,9.689275,True,0.257,0.011,-4.7,-6.6,False,False,,,True,True,False,False,False,False,False,False,NORMAL,9.1,,False,False,False,False,False,False,NORMAL,9.1,
146,9.756098,True,0.258,0.008,-3.4,-5.2,False,False,,,True,True,False,False,False,False,False,False,NORMAL,8.9,,False,False,False,False,False,False,NORMAL,8.9,
147,9.822920,True,0.264,0.01,-4.8,-7.2,False,False,,,True,True,False,False,False,False,False,False,NORMAL,8.8,,False,False,False,False,False,False,NORMAL,8.8,
148,9.889743,True,0.263,0.011,-4.1,-7.2,False,False,,,True,True,False,False,False,False,False,False,NORMAL,8.6,,False,False,False,False,False,False,NORMAL,8.6,
149,9.956565,True,0.272,0.011,-4.4,-6.5,False,False,,,True,True,False,False,False,False,False,False,NORMAL,8.4,,False,False,False,False,False,False,NORMAL,8.4,
150,10.023388,True,0.291,0.009,-5.4,-3.8,False,False,,,True,True,False,False,False,False,False,False,NORMAL,8.2,,False,False,False,False,False,False,NORMAL,8.2,
151,10.090210,True,0.293,0.01,-6.9,-6.5,False,False,,,True,True,False,False,False,False,False,False,NORMAL,8.1,,False,False,False,False,False,False,NORMAL,8.1,
152,10.157033,True,0.303,0.009,-5.6,-7.5,False,False,,,True,True,False,False,False,False,False,False,NORMAL,7.9,,False,False,False,False,False,False,NORMAL,7.9,
153,10.223856,True,0.294,0.008,-4.2,-8.0,False,False,,,True,True,False,False,False,False,False,False,NORMAL,7.8,,False,False,False,False,False,False,NORMAL,7.8,
154,10.290678,True,0.301,0.009,-4.1,-8.9,False,False,,,True,True,False,False,False,False,False,False,NORMAL,7.6,,False,False,False,False,False,False,NORMAL,7.6,
155,10.357501,True,0.285,0.01,-4.2,-6.5,False,False,,,True,True,False,False,False,False,False,False,NORMAL,7.5,,False,False,False,False,False,False,NORMAL,7.5,
156,10.424323,True,0.271,0.009,-4.6,-5.2,False,False,,,True,True,False,False,False,False,False,False,NORMAL,7.3,,False,False,False,False,False,False,NORMAL,7.3,
157,10.491146,True,0.283,0.007,-4.7,-5.4,False,False,,,True,True,False,False,False,False,False,False,NORMAL,7.2,,False,False,False,False,False,False,NORMAL,7.2,
158,10.557969,True,0.285,0.007,-5.4,-3.3,False,False,,,True,True,False,False,False,False,False,False,NORMAL,7.0,,False,False,False,False,False,False,NORMAL,7.0,
159,10.624791,True,0.287,0.007,-4.9,-3.6,False,False,,,True,True,False,False,False,False,False,False,NORMAL,6.9,,False,False,False,False,False,False,NORMAL,6.9,
160,10.691614,True,0.278,0.007,-5.5,-3.1,False,False,,,True,True,False,False,False,False,False,False,NORMAL,6.7,,False,False,False,False,False,False,NORMAL,6.7,
161,10.758436,True,0.286,0.009,-5.1,-3.5,False,False,,,True,True,False,False,False,False,False,False,NORMAL,6.6,,False,False,False,False,False,False,NORMAL,6.6,
162,10.825259,True,0.29,0.011,-4.5,-5.8,False,False,,,True,True,False,False,False,False,False,False,NORMAL,6.5,,False,False,False,False,False,False,NORMAL,6.5,
163,10.892082,True,0.285,0.009,-4.6,-7.1,False,False,,,True,True,False,False,False,False,False,False,NORMAL,6.4,,False,False,False,False,False,False,NORMAL,6.4,
164,10.958904,True,0.291,0.008,-5.8,-8.7,False,False,,,True,True,False,False,False,False,False,False,NORMAL,6.2,,False,False,False,False,False,False,NORMAL,6.2,
165,11.025727,True,0.288,0.009,-6.0,-9.5,False,False,,,True,True,False,False,False,False,False,False,NORMAL,6.1,,False,False,False,False,False,False,NORMAL,6.1,
166,11.092549,True,0.275,0.008,-5.2,-10.1,False,False,,,True,True,False,False,False,False,False,False,NORMAL,6.0,,False,False,False,False,False,False,NORMAL,6.0,
167,11.159372,True,0.186,0.008,-4.1,-9.2,False,False,,,True,True,False,False,False,False,False,False,NORMAL,5.9,,False,False,False,False,False,False,NORMAL,5.9,
168,11.226194,True,0.223,0.006,-3.9,-5.5,False,False,,,True,True,False,False,False,False,False,False,NORMAL,5.7,,False,False,False,False,False,False,NORMAL,5.7,
169,11.293017,True,0.231,0.005,-3.9,-5.9,False,False,,,True,True,False,False,False,False,False,False,NORMAL,5.6,,False,False,False,False,False,False,NORMAL,5.6,
170,11.359840,True,0.257,0.008,-4.6,-3.5,False,False,,,True,True,False,False,False,False,False,False,NORMAL,5.5,,False,False,False,False,False,False,NORMAL,5.5,
171,11.426662,True,0.274,0.011,-6.8,-0.1,False,False,,,True,True,False,False,False,False,False,False,NORMAL,5.4,,False,False,False,False,False,False,NORMAL,5.4,
172,11.493485,True,0.256,0.012,-6.2,-0.8,False,False,,,True,True,False,False,False,False,False,False,NORMAL,5.3,,False,False,False,False,False,False,NORMAL,5.3,
173,11.560307,True,0.243,0.013,-8.9,-0.5,False,False,,,True,True,False,False,False,False,False,False,NORMAL,5.2,,False,False,False,False,False,False,NORMAL,5.2,
174,11.627130,True,0.26,0.008,-5.1,0.2,False,False,,,True,True,False,False,False,False,False,False,NORMAL,5.1,,False,False,False,False,False,False,NORMAL,5.1,
175,11.693953,True,0.308,0.007,-4.8,-1.0,False,False,,,True,True,False,False,False,False,False,False,NORMAL,5.0,,False,False,False,False,False,False,NORMAL,5.0,
176,11.760775,True,0.303,0.008,-4.6,-1.2,False,False,,,True,True,False,False,False,False,False,False,NORMAL,4.9,,False,False,False,False,False,False,NORMAL,4.9,
177,11.827598,True,0.189,0.009,-2.7,2.0,False,False,,,True,True,False,False,False,False,False,False,NORMAL,4.8,,False,False,False,False,False,False,NORMAL,4.8,
178,11.894420,True,0.213,0.005,-1.2,2.7,False,False,,,True,True,False,False,False,False,False,False,NORMAL,4.7,,False,False,False,False,False,False,NORMAL,4.7,
179,11.961243,True,0.239,0.009,-0.2,0.7,False,False,,,True,True,False,False,False,False,False,False,NORMAL,4.6,,False,False,False,False,False,False,NORMAL,4.6,
180,12.028065,True,0.248,0.006,-0.3,-0.3,False,False,,,True,True,False,False,False,False,False,False,NORMAL,4.5,,False,False,False,False,False,False,NORMAL,4.5,
181,12.094888,True,0.263,0.01,-0.9,-0.4,False,False,,,True,True,False,False,False,False,False,False,NORMAL,4.4,,False,False,False,False,False,False,NORMAL,4.4,
182,12.161711,True,0.264,0.012,-1.7,-0.3,False,False,,,True,True,False,False,False,False,False,False,NORMAL,4.3,,False,False,False,False,False,False,NORMAL,4.3,
183,12.228533,True,0.224,0.01,-3.4,1.6,False,False,,,True,True,False,False,False,False,False,False,NORMAL,4.3,,False,False,False,False,False,False,NORMAL,4.3,
184,12.295356,True,0.254,0.011,-4.3,1.4,False,False,,,True,True,False,False,False,False,False,False,NORMAL,4.2,,False,False,False,False,False,False,NORMAL,4.2,
185,12.362178,True,0.242,0.013,-2.7,2.5,False,False,,,True,True,False,False,False,False,False,False,NORMAL,4.1,,False,False,False,False,False,False,NORMAL,4.1,
186,12.429001,True,0.164,0.009,-1.5,4.3,False,False,,,True,True,False,False,False,False,False,False,NORMAL,4.0,,False,False,False,False,False,False,NORMAL,4.0,
187,12.495824,True,0.139,0.005,-1.5,4.0,False,False,,,True,True,False,False,False,False,False,False,NORMAL,3.9,,False,False,False,False,False,False,NORMAL,3.9,
188,12.562646,True,0.158,0.005,-2.0,3.0,False,False,,,True,True,False,False,False,False,False,False,NORMAL,5.2,,False,False,False,False,False,False,NORMAL,5.2,
189,12.629469,True,0.131,0.006,-3.0,1.7,False,False,,,True,True,False,False,False,False,False,False,NORMAL,7.8,,False,False,False,False,False,False,NORMAL,7.8,
190,12.696291,True,0.146,0.007,-3.3,0.6,False,False,,,True,True,False,False,False,False,False,False,NORMAL,10.4,,False,False,False,False,False,False,NORMAL,10.4,
191,12.763114,True,0.147,0.006,-3.4,2.0,False,False,,,True,True,False,False,False,False,False,False,NORMAL,13.0,,False,False,False,False,False,False,NORMAL,13.0,
192,12.829937,True,0.166,0.006,-3.0,5.2,False,False,,,True,True,False,False,False,False,False,False,NORMAL,15.6,,False,False,False,False,False,False,NORMAL,15.6,
193,12.896759,True,0.176,0.006,-2.8,4.8,False,False,,,True,True,False,False,False,False,False,False,NORMAL,15.3,,False,False,False,False,False,False,NORMAL,15.3,
194,12.963582,True,0.183,0.007,-2.4,6.5,False,False,,,True,True,False,False,False,False,False,False,NORMAL,15.0,,False,False,False,False,False,False,NORMAL,15.0,
195,13.030404,True,0.153,0.009,-2.0,6.2,False,False,,,True,True,False,False,False,False,False,False,NORMAL,14.7,,False,False,False,False,False,False,NORMAL,14.7,
196,13.097227,True,0.183,0.008,-0.3,4.5,False,False,,,True,True,False,False,False,False,False,False,NORMAL,14.4,,False,False,False,False,False,False,NORMAL,14.4,
197,13.164049,True,0.181,0.012,-0.5,3.8,False,False,,,True,True,False,False,False,False,False,False,NORMAL,14.1,,False,False,False,False,False,False,NORMAL,14.1,
198,13.230872,True,0.171,0.009,0.5,5.7,False,False,,,True,True,False,False,False,False,False,False,NORMAL,13.8,,False,False,False,False,False,False,NORMAL,13.8,
199,13.297695,True,0.17,0.009,0.3,7.3,False,False,,,True,True,False,False,False,False,False,False,NORMAL,13.6,,False,False,False,False,False,False,NORMAL,13.6,
200,13.364517,True,0.162,0.008,1.2,9.7,False,False,,,True,True,False,False,False,False,False,False,NORMAL,13.3,,False,False,False,False,False,False,NORMAL,13.3,
201,13.431340,True,0.172,0.007,1.0,8.8,False,False,,,True,True,False,False,False,False,False,False,NORMAL,13.0,,False,False,False,False,False,False,NORMAL,13.0,
202,13.498162,True,0.147,0.015,0.6,8.5,False,False,,,True,True,False,False,False,False,False,False,NORMAL,12.8,,False,False,False,False,False,False,NORMAL,12.8,
203,13.564985,True,0.143,0.008,0.2,10.4,False,False,,,True,True,False,False,False,False,False,False,NORMAL,12.5,,False,False,False,False,False,False,NORMAL,12.5,
204,13.631808,True,0.146,0.007,0.1,9.6,False,False,,,True,True,False,False,False,False,False,False,NORMAL,12.3,,False,False,False,False,False,False,NORMAL,12.3,
205,13.698630,True,0.147,0.008,-0.1,10.0,False,False,,,True,True,False,False,False,False,False,False,NORMAL,12.0,,False,False,False,False,False,False,NORMAL,12.0,
206,13.765453,True,0.111,0.011,0.4,9.0,False,False,,,True,True,False,False,False,False,False,False,NORMAL,11.8,,False,False,False,False,False,False,NORMAL,11.8,
207,13.832275,True,0.148,0.019,-1.0,12.8,False,False,,,True,True,False,False,False,False,False,False,NORMAL,13.0,,False,False,False,False,False,False,NORMAL,13.0,
208,13.899098,True,0.14,0.013,-0.9,11.9,False,False,,,True,True,False,False,False,False,False,False,NORMAL,15.6,,False,False,False,False,False,False,NORMAL,15.6,
209,13.965920,True,0.121,0.017,-0.6,11.7,False,False,,,True,True,False,False,False,False,False,False,NORMAL,18.2,,False,False,False,False,False,False,NORMAL,18.2,
210,14.032743,True,0.086,0.009,0.8,11.7,False,False,,,True,True,False,False,False,False,False,False,NORMAL,20.8,,False,False,False,False,False,False,NORMAL,20.8,
211,14.099566,True,0.102,0.008,1.9,11.8,False,False,,,True,True,False,False,False,False,False,False,NORMAL,23.4,,False,False,False,False,False,False,NORMAL,23.4,
212,14.166388,True,0.091,0.009,1.9,14.5,False,False,,,True,True,False,False,False,False,False,False,NORMAL,22.9,,False,False,False,False,False,False,NORMAL,22.9,
213,14.233211,True,0.059,0.009,2.0,15.0,False,False,,,True,True,False,False,False,False,False,False,NORMAL,22.5,,False,False,False,False,False,False,NORMAL,22.5,
214,14.300033,True,0.06,0.006,2.0,15.6,False,False,,,True,True,False,False,False,False,False,False,NORMAL,22.0,,False,False,False,False,False,False,NORMAL,22.0,
215,14.366856,True,0.097,0.01,1.2,14.5,False,False,,,True,True,False,False,False,False,False,False,NORMAL,21.6,,False,False,False,False,False,False,NORMAL,21.6,
216,14.433679,True,0.087,0.009,0.7,14.7,False,False,,,True,True,False,False,False,False,False,False,NORMAL,21.2,,False,False,False,False,False,False,NORMAL,21.2,
217,14.500501,True,0.081,0.009,1.8,13.7,False,False,,,True,True,False,False,False,False,False,False,NORMAL,20.7,,False,False,False,False,False,False,NORMAL,20.7,
218,14.567324,True,0.127,0.016,0.8,14.2,False,False,,,True,True,False,False,False,False,False,False,NORMAL,20.3,,False,False,False,False,False,False,NORMAL,20.3,
219,14.634146,True,0.131,0.017,1.4,13.3,False,False,,,True,True,False,False,False,False,False,False,NORMAL,19.9,,False,False,False,False,False,False,NORMAL,19.9,
220,14.700969,True,0.124,0.016,1.7,12.8,False,False,,,True,True,False,False,False,False,False,False,NORMAL,19.5,,False,False,False,False,False,False,NORMAL,19.5,
221,14.767792,True,0.098,0.017,2.4,16.0,False,False,,,True,True,False,False,False,False,False,False,NORMAL,19.1,,False,False,False,False,False,False,NORMAL,19.1,
222,14.834614,True,0.089,0.013,3.9,14.9,False,False,,,True,True,False,False,False,False,False,False,NORMAL,18.8,,False,False,False,False,False,False,NORMAL,18.8,
223,14.901437,True,0.077,0.01,4.3,14.1,False,False,,,True,True,False,False,False,False,False,False,NORMAL,18.4,,False,False,False,False,False,False,NORMAL,18.4,
224,14.968259,True,0.051,0.011,3.4,15.1,False,False,,,True,True,False,False,False,False,False,False,NORMAL,18.0,,False,False,False,False,False,False,NORMAL,18.0,
225,15.035082,True,0.108,0.01,3.3,11.0,False,False,,,True,True,False,False,False,False,False,False,NORMAL,17.7,,False,False,False,False,False,False,NORMAL,17.7,
226,15.101904,True,0.11,0.01,3.0,11.8,False,False,,,True,True,False,False,False,False,False,False,NORMAL,17.3,,False,False,False,False,False,False,NORMAL,17.3,
227,15.168727,True,0.103,0.008,4.4,11.0,False,False,,,True,True,False,False,False,False,False,False,NORMAL,17.0,,False,False,False,False,False,False,NORMAL,17.0,
228,15.235550,True,0.095,0.013,3.0,7.3,False,False,,,True,True,False,False,False,False,False,False,NORMAL,16.6,,False,False,False,False,False,False,NORMAL,16.6,
229,15.302372,True,0.106,0.014,2.8,7.2,False,False,,,True,True,False,False,False,False,False,False,NORMAL,16.3,,False,False,False,False,False,False,NORMAL,16.3,
230,15.369195,True,0.131,0.01,0.8,3.8,False,False,,,True,True,False,False,False,False,False,False,NORMAL,16.0,,False,False,False,False,False,False,NORMAL,16.0,
231,15.436017,False,0.0,0.0,0.0,0.0,False,False,,,True,True,False,False,False,False,False,False,NORMAL,15.7,,False,False,False,False,False,False,NORMAL,15.7,
232,15.502840,False,0.0,0.0,0.0,0.0,False,False,,,True,True,False,False,False,False,False,False,NORMAL,15.4,,False,False,False,False,False,False,NORMAL,15.4,
233,15.569663,True,0.107,0.008,0.8,2.0,False,False,,,True,True,False,False,False,False,False,False,NORMAL,15.0,,False,False,False,False,False,False,NORMAL,15.0,
234,15.636485,False,0.0,0.0,0.0,0.0,False,False,,,True,True,False,False,False,False,False,False,NORMAL,14.7,,False,False,False,False,False,False,NORMAL,14.7,
235,15.703308,True,0.175,0.009,2.7,5.0,False,False,,,True,True,False,False,False,False,False,False,NORMAL,14.5,,False,False,False,False,False,False,NORMAL,14.5,
236,15.770130,True,0.294,0.008,-0.8,2.7,False,False,,,True,True,False,False,False,False,False,False,NORMAL,14.2,,False,False,False,False,False,False,NORMAL,14.2,
237,15.836953,True,0.244,0.006,0.0,4.5,False,False,,,True,True,False,False,False,False,False,False,NORMAL,13.9,,False,False,False,False,False,False,NORMAL,13.9,
238,15.903775,True,0.24,0.009,0.2,5.1,False,False,,,True,True,False,False,False,False,False,False,NORMAL,13.6,,False,False,False,False,False,False,NORMAL,13.6,
239,15.970598,True,0.303,0.018,-1.1,2.6,False,False,,,True,True,False,False,False,False,False,False,NORMAL,13.3,,False,False,False,False,False,False,NORMAL,13.3,
240,16.037421,True,0.312,0.008,-0.4,3.3,False,False,,,True,True,False,False,False,False,False,False,NORMAL,13.1,,False,False,False,False,False,False,NORMAL,13.1,
241,16.104243,True,0.282,0.007,0.2,0.9,False,False,,,True,True,False,False,False,False,False,False,NORMAL,12.8,,False,False,False,False,False,False,NORMAL,12.8,
242,16.171066,True,0.263,0.007,-1.6,-0.9,False,False,,,True,True,False,False,False,False,False,False,NORMAL,12.6,,False,False,False,False,False,False,NORMAL,12.6,
243,16.237888,True,0.287,0.005,-1.8,-1.7,False,False,,,True,True,False,False,False,False,False,False,NORMAL,12.3,,False,False,False,False,False,False,NORMAL,12.3,
244,16.304711,True,0.259,0.006,-2.4,-2.1,False,False,,,True,True,False,False,False,False,False,False,NORMAL,12.1,,False,False,False,False,False,False,NORMAL,12.1,
245,16.371534,True,0.302,0.005,-4.3,-3.4,False,False,,,True,True,False,False,False,False,False,False,NORMAL,11.8,,False,False,False,False,False,False,NORMAL,11.8,
246,16.438356,True,0.293,0.007,-3.7,-2.3,False,False,,,True,True,False,False,False,False,False,False,NORMAL,11.6,,False,False,False,False,False,False,NORMAL,11.6,
247,16.505179,True,0.317,0.007,-3.9,-1.2,False,False,,,True,True,False,False,False,False,False,False,NORMAL,11.4,,False,False,False,False,False,False,NORMAL,11.4,
248,16.572001,True,0.316,0.008,-4.0,-1.8,False,False,,,True,True,False,False,False,False,False,False,NORMAL,11.1,,False,False,False,False,False,False,NORMAL,11.1,
249,16.638824,True,0.318,0.012,-3.7,-3.2,False,False,,,True,True,False,False,False,False,False,False,NORMAL,10.9,,False,False,False,False,False,False,NORMAL,10.9,
250,16.705647,True,0.311,0.012,-2.9,-4.1,False,False,,,True,True,False,False,False,False,False,False,NORMAL,10.7,,False,False,False,False,False,False,NORMAL,10.7,
251,16.772469,True,0.318,0.01,-3.2,-3.8,False,False,,,True,True,False,False,False,False,False,False,NORMAL,10.5,,False,False,False,False,False,False,NORMAL,10.5,
252,16.839292,True,0.313,0.009,-3.1,-3.7,False,False,,,True,True,False,False,False,False,False,False,NORMAL,10.3,,False,False,False,False,False,False,NORMAL,10.3,
253,16.906114,True,0.313,0.01,-2.3,-3.7,False,False,,,True,True,False,False,False,False,False,False,NORMAL,10.1,,False,False,False,False,False,False,NORMAL,10.1,
254,16.972937,True,0.323,0.01,-2.5,-2.6,False,False,,,True,True,False,False,False,False,False,False,NORMAL,9.9,,False,False,False,False,False,False,NORMAL,9.9,
255,17.039759,True,0.323,0.007,-4.0,-4.2,False,False,,,True,True,False,False,False,False,False,False,NORMAL,9.7,,False,False,False,False,False,False,NORMAL,9.7,
256,17.106582,True,0.33,0.005,-3.8,-4.6,False,False,,,True,True,False,False,False,False,False,False,NORMAL,9.5,,False,False,False,False,False,False,NORMAL,9.5,
257,17.173405,True,0.317,0.007,-3.0,-2.5,False,False,,,True,True,False,False,False,False,False,False,NORMAL,9.3,,False,False,False,False,False,False,NORMAL,9.3,
258,17.240227,True,0.309,0.008,-3.0,-1.2,False,False,,,True,True,False,False,False,False,False,False,NORMAL,9.1,,False,False,False,False,False,False,NORMAL,9.1,
259,17.307050,True,0.321,0.008,-2.4,-3.0,False,False,,,True,True,False,False,False,False,False,False,NORMAL,8.9,,False,False,False,False,False,False,NORMAL,8.9,
260,17.373872,True,0.324,0.009,-2.3,-3.1,False,False,,,True,True,False,False,False,False,False,False,NORMAL,8.8,,False,False,False,False,False,False,NORMAL,8.8,
261,17.440695,True,0.335,0.01,-1.9,-2.2,False,False,,,True,True,False,False,False,False,False,False,NORMAL,8.6,,False,False,False,False,False,False,NORMAL,8.6,
262,17.507518,True,0.337,0.01,-1.7,-3.4,False,False,,,True,True,False,False,False,False,False,False,NORMAL,8.4,,False,False,False,False,False,False,NORMAL,8.4,
263,17.574340,True,0.34,0.011,-2.5,-2.9,False,False,,,True,True,False,False,False,False,False,False,NORMAL,8.2,,False,False,False,False,False,False,NORMAL,8.2,
264,17.641163,True,0.299,0.009,-3.5,-5.0,False,False,,,True,True,False,False,False,False,False,False,NORMAL,8.1,,False,False,False,False,False,False,NORMAL,8.1,
265,17.707985,True,0.311,0.008,-4.2,-4.3,False,False,,,True,True,False,False,False,False,False,False,NORMAL,7.9,,False,False,False,False,False,False,NORMAL,7.9,
266,17.774808,True,0.324,0.01,-4.1,-4.1,False,False,,,True,True,False,False,False,False,False,False,NORMAL,7.8,,False,False,False,False,False,False,NORMAL,7.8,
267,17.841630,True,0.296,0.008,-3.9,-3.1,False,False,,,True,True,False,False,False,False,False,False,NORMAL,7.6,,False,False,False,False,False,False,NORMAL,7.6,
268,17.908453,True,0.285,0.01,-2.4,-3.4,False,False,,,True,True,False,False,False,False,False,False,NORMAL,7.5,,False,False,False,False,False,False,NORMAL,7.5,
269,17.975276,True,0.279,0.008,-2.2,-2.4,False,False,,,True,True,False,False,False,False,False,False,NORMAL,7.3,,False,False,False,False,False,False,NORMAL,7.3,
270,18.042098,True,0.266,0.008,-1.6,-6.7,False,False,,,True,True,False,False,False,False,False,False,NORMAL,7.2,,False,False,False,False,False,False,NORMAL,7.2,
271,18.108921,True,0.277,0.007,-1.8,-6.8,False,False,,,True,True,False,False,False,False,False,False,NORMAL,7.0,,False,False,False,False,False,False,NORMAL,7.0,
272,18.175743,True,0.306,0.008,-2.4,-2.9,False,False,,,True,True,False,False,False,False,False,False,NORMAL,6.9,,False,False,False,False,False,False,NORMAL,6.9,
273,18.242566,True,0.298,0.009,-2.5,-2.6,False,False,,,True,True,False,False,False,False,False,False,NORMAL,6.7,,False,False,False,False,False,False,NORMAL,6.7,
274,18.309389,True,0.299,0.01,-2.7,-3.0,False,False,,,True,True,False,False,False,False,False,False,NORMAL,6.6,,False,False,False,False,False,False,NORMAL,6.6,
275,18.376211,True,0.27,0.009,-3.1,-3.4,False,False,,,True,True,False,False,False,False,False,False,NORMAL,6.5,,False,False,False,False,False,False,NORMAL,6.5,
276,18.443034,True,0.258,0.007,-2.2,-1.9,False,False,,,True,True,False,False,False,False,False,False,NORMAL,6.4,,False,False,False,False,False,False,NORMAL,6.4,
277,18.509856,True,0.259,0.007,-2.1,-3.6,False,False,,,True,True,False,False,False,False,False,False,NORMAL,6.2,,False,False,False,False,False,False,NORMAL,6.2,
278,18.576679,True,0.243,0.012,-2.1,-6.8,False,False,,,True,True,False,False,False,False,False,False,NORMAL,6.1,,False,False,False,False,False,False,NORMAL,6.1,
279,18.643502,True,0.185,0.012,-2.6,-3.2,False,False,,,True,True,False,False,False,False,False,False,NORMAL,6.0,,False,False,False,False,False,False,NORMAL,6.0,
280,18.710324,True,0.175,0.008,-2.5,-3.6,False,False,,,True,True,False,False,False,False,False,False,NORMAL,5.9,,False,False,False,False,False,False,NORMAL,5.9,
281,18.777147,True,0.285,0.007,-2.6,-4.7,False,False,,,True,True,False,False,False,False,False,False,NORMAL,5.7,,False,False,False,False,False,False,NORMAL,5.7,
282,18.843969,True,0.257,0.004,-3.6,-4.7,False,False,,,True,True,False,False,False,False,False,False,NORMAL,5.6,,False,False,False,False,False,False,NORMAL,5.6,
283,18.910792,True,0.259,0.006,-4.4,-4.8,False,False,,,True,True,False,False,False,False,False,False,NORMAL,5.5,,False,False,False,False,False,False,NORMAL,5.5,
284,18.977614,True,0.261,0.003,-6.5,-9.2,False,False,,,True,True,False,False,False,False,False,False,NORMAL,5.4,,False,False,False,False,False,False,NORMAL,5.4,
285,19.044437,True,0.288,0.005,-4.8,-9.4,False,False,,,True,True,False,False,False,False,False,False,NORMAL,5.3,,False,False,False,False,False,False,NORMAL,5.3,
286,19.111260,True,0.265,0.005,-3.0,-9.7,False,False,,,True,True,False,False,False,False,False,False,NORMAL,5.2,,False,False,False,False,False,False,NORMAL,5.2,
287,19.178082,True,0.278,0.008,-3.5,-9.5,False,False,,,True,True,False,False,False,False,False,False,NORMAL,5.1,,False,False,False,False,False,False,NORMAL,5.1,
288,19.244905,True,0.301,0.007,-4.1,-8.7,False,False,,,True,True,False,False,False,False,False,False,NORMAL,5.0,,False,False,False,False,False,False,NORMAL,5.0,
289,19.311727,True,0.308,0.006,-4.1,-8.9,False,False,,,True,True,False,False,False,False,False,False,NORMAL,4.9,,False,False,False,False,False,False,NORMAL,4.9,
290,19.378550,True,0.311,0.007,-3.3,-6.7,False,False,,,True,True,False,False,False,False,False,False,NORMAL,4.8,,False,False,False,False,False,False,NORMAL,4.8,
291,19.445373,True,0.303,0.009,-2.2,-3.8,False,False,,,True,True,False,False,False,False,False,False,NORMAL,4.7,,False,False,False,False,False,False,NORMAL,4.7,
292,19.512195,True,0.296,0.01,-2.6,-3.6,False,False,,,True,True,False,False,False,False,False,False,NORMAL,4.6,,False,False,False,False,False,False,NORMAL,4.6,
293,19.579018,True,0.314,0.01,-3.1,-4.6,False,False,,,True,True,False,False,False,False,False,False,NORMAL,4.5,,False,False,False,False,False,False,NORMAL,4.5,
294,19.645840,True,0.304,0.007,-6.3,-6.8,False,False,,,True,True,False,False,False,False,False,False,NORMAL,4.4,,False,False,False,False,False,False,NORMAL,4.4,
295,19.712663,True,0.306,0.004,-6.8,-7.9,False,False,,,True,True,False,False,False,False,False,False,NORMAL,4.3,,False,False,False,False,False,False,NORMAL,4.3,
296,19.779485,True,0.302,0.005,-7.0,-8.3,False,False,,,True,True,False,False,False,False,False,False,NORMAL,4.3,,False,False,False,False,False,False,NORMAL,4.3,
297,19.846308,True,0.314,0.006,-6.6,-10.7,False,False,,,True,True,False,False,False,False,False,False,NORMAL,4.2,,False,False,False,False,False,False,NORMAL,4.2,
298,19.913131,True,0.295,0.008,-6.6,-10.5,False,False,,,True,True,False,False,False,False,False,False,NORMAL,4.1,,False,False,False,False,False,False,NORMAL,4.1,
299,19.979953,True,0.307,0.008,-7.1,-9.9,False,False,,,True,True,False,False,False,False,False,False,NORMAL,4.0,,False,False,False,False,False,False,NORMAL,4.0,
300,20.046776,True,0.309,0.006,-8.5,-9.5,False,False,,,True,True,False,False,False,False,False,False,NORMAL,3.9,,False,False,False,False,False,False,NORMAL,3.9,
301,20.113598,True,0.304,0.005,-9.8,-10.0,False,False,,,True,True,False,False,False,False,False,False,NORMAL,3.8,,False,False,False,False,False,False,NORMAL,3.8,
302,20.180421,True,0.31,0.005,-10.1,-9.1,False,False,,,True,True,False,False,False,False,False,False,NORMAL,3.8,,False,False,False,False,False,False,NORMAL,3.8,
303,20.247244,True,0.314,0.008,-10.2,-9.3,False,False,,,True,True,False,False,False,False,False,False,NORMAL,3.7,,False,False,False,False,False,False,NORMAL,3.7,
304,20.314066,True,0.313,0.007,-9.7,-10.2,False,False,,,True,True,False,False,False,False,False,False,NORMAL,3.6,,False,False,False,False,False,False,NORMAL,3.6,
305,20.380889,True,0.336,0.005,-9.3,-9.6,False,False,,,True,True,False,False,False,False,False,False,NORMAL,3.6,,False,False,False,False,False,False,NORMAL,3.6,
306,20.447711,True,0.333,0.007,-10.0,-11.0,False,False,,,True,True,False,False,False,False,False,False,NORMAL,3.5,,False,False,False,False,False,False,NORMAL,3.5,
307,20.514534,True,0.331,0.007,-9.8,-11.2,False,False,,,True,True,False,False,False,False,False,False,NORMAL,3.4,,False,False,False,False,False,False,NORMAL,3.4,
308,20.581356,True,0.32,0.007,-10.4,-9.4,False,False,,,True,True,False,False,False,False,False,False,NORMAL,3.3,,False,False,False,False,False,False,NORMAL,3.3,
309,20.648179,True,0.336,0.006,-10.4,-9.1,False,False,,,True,True,False,False,False,False,False,False,NORMAL,3.3,,False,False,False,False,False,False,NORMAL,3.3,
310,20.715002,True,0.343,0.006,-10.5,-8.8,False,False,,,True,True,False,False,False,False,False,False,NORMAL,3.2,,False,False,False,False,False,False,NORMAL,3.2,
311,20.781824,True,0.344,0.008,-9.8,-6.1,False,False,,,True,True,False,False,False,False,False,False,NORMAL,3.2,,False,False,False,False,False,False,NORMAL,3.2,
312,20.848647,True,0.323,0.01,-8.5,-8.8,False,False,,,True,True,False,False,False,False,False,False,NORMAL,3.1,,False,False,False,False,False,False,NORMAL,3.1,
313,20.915469,True,0.321,0.011,-8.5,-11.2,False,False,,,True,True,False,False,False,False,False,False,NORMAL,3.0,,False,False,False,False,False,False,NORMAL,3.0,
314,20.982292,True,0.329,0.019,-9.3,-9.1,False,False,,,True,True,False,False,False,False,False,False,NORMAL,3.0,,False,False,False,False,False,False,NORMAL,3.0,
315,21.049115,False,0.0,0.0,0.0,0.0,False,False,,,True,True,False,False,False,False,False,False,NORMAL,2.9,,False,False,False,False,False,False,NORMAL,2.9,
316,21.115937,True,0.301,0.015,-6.8,-9.0,False,False,,,True,True,False,False,False,False,False,False,NORMAL,2.8,,False,False,False,False,False,False,NORMAL,2.8,
317,21.182760,True,0.309,0.018,-9.3,-8.9,False,False,,,True,True,False,False,False,False,False,False,NORMAL,2.8,,False,False,False,False,False,False,NORMAL,2.8,
318,21.249582,True,0.308,0.018,-8.7,-7.9,False,False,,,True,True,False,False,False,False,False,False,NORMAL,2.7,,False,False,False,False,False,False,NORMAL,2.7,
319,21.316405,True,0.319,0.02,-8.6,-7.1,False,False,,,True,True,False,False,False,False,False,False,NORMAL,2.7,,False,False,False,False,False,False,NORMAL,2.7,
320,21.383228,True,0.342,0.021,-7.2,-8.2,False,False,,,True,True,False,False,False,False,False,False,NORMAL,2.6,,False,False,False,False,False,False,NORMAL,2.6,
321,21.450050,True,0.315,0.015,-3.9,-8.5,False,False,,,True,True,False,False,False,False,False,False,NORMAL,2.6,,False,False,False,False,False,False,NORMAL,2.6,
322,21.516873,True,0.297,0.014,-3.9,-7.8,False,False,,,True,True,False,False,False,False,False,False,NORMAL,2.5,,False,False,False,False,False,False,NORMAL,2.5,
323,21.583695,True,0.299,0.013,-4.0,-9.5,False,False,,,True,True,False,False,False,False,False,False,NORMAL,2.5,,False,False,False,False,False,False,NORMAL,2.5,
324,21.650518,True,0.303,0.012,-3.3,-10.7,False,False,,,True,True,False,False,False,False,False,False,NORMAL,2.4,,False,False,False,False,False,False,NORMAL,2.4,
325,21.717340,True,0.292,0.011,-3.4,-10.3,False,False,,,True,True,False,False,False,False,False,False,NORMAL,2.4,,False,False,False,False,False,False,NORMAL,2.4,
326,21.784163,True,0.277,0.009,-5.2,-7.0,False,False,,,True,True,False,False,False,False,False,False,NORMAL,2.3,,False,False,False,False,False,False,NORMAL,2.3,
327,21.850986,True,0.252,0.008,-5.5,-5.8,False,False,,,True,True,False,False,False,False,False,False,NORMAL,2.3,,False,False,False,False,False,False,NORMAL,2.3,
328,21.917808,True,0.279,0.017,-5.0,-8.2,False,False,,,True,True,False,False,False,False,False,False,NORMAL,2.2,,False,False,False,False,False,False,NORMAL,2.2,
329,21.984631,True,0.301,0.01,-6.8,-5.2,False,False,,,True,True,False,False,False,False,False,False,NORMAL,2.2,,False,False,False,False,False,False,NORMAL,2.2,
330,22.051453,True,0.292,0.011,-6.3,-6.0,False,False,,,True,True,False,False,False,False,False,False,NORMAL,2.2,,False,False,False,False,False,False,NORMAL,2.2,
331,22.118276,True,0.299,0.01,-6.6,-5.7,False,False,,,True,True,False,False,False,False,False,False,NORMAL,2.1,,False,False,False,False,False,False,NORMAL,2.1,
332,22.185099,True,0.304,0.012,-6.8,-4.7,False,False,,,True,True,False,False,False,False,False,False,NORMAL,2.1,,False,False,False,False,False,False,NORMAL,2.1,
333,22.251921,True,0.287,0.011,-7.0,-4.8,False,False,,,True,True,False,False,False,False,False,False,NORMAL,2.0,,False,False,False,False,False,False,NORMAL,2.0,
334,22.318744,True,0.286,0.013,-6.2,-4.3,False,False,,,True,True,False,False,False,False,False,False,NORMAL,2.0,,False,False,False,False,False,False,NORMAL,2.0,
335,22.385566,True,0.28,0.01,-5.8,-4.4,False,False,,,True,True,False,False,False,False,False,False,NORMAL,1.9,,False,False,False,False,False,False,NORMAL,1.9,
336,22.452389,True,0.281,0.009,-6.5,-3.0,False,False,,,True,True,False,False,False,False,False,False,NORMAL,1.9,,False,False,False,False,False,False,NORMAL,1.9,
337,22.519211,True,0.288,0.008,-7.0,-3.8,False,False,,,True,True,False,False,False,False,False,False,NORMAL,1.9,,False,False,False,False,False,False,NORMAL,1.9,
338,22.586034,True,0.289,0.007,-7.2,-5.2,False,False,,,True,True,False,False,False,False,False,False,NORMAL,1.8,,False,False,False,False,False,False,NORMAL,1.8,
339,22.652857,True,0.305,0.011,-7.2,-6.1,False,False,,,True,True,False,False,False,False,False,False,NORMAL,1.8,,False,False,False,False,False,False,NORMAL,1.8,
340,22.719679,True,0.305,0.01,-8.0,-4.1,False,False,,,True,True,False,False,False,False,False,False,NORMAL,1.8,,False,False,False,False,False,False,NORMAL,1.8,
341,22.786502,True,0.297,0.012,-7.9,-2.9,False,False,,,True,True,False,False,False,False,False,False,NORMAL,1.7,,False,False,False,False,False,False,NORMAL,1.7,
342,22.853324,True,0.299,0.012,-7.6,-4.8,False,False,,,True,True,False,False,False,False,False,False,NORMAL,1.7,,False,False,False,False,False,False,NORMAL,1.7,
343,22.920147,True,0.31,0.012,-7.4,-5.5,False,False,,,True,True,False,False,False,False,False,False,NORMAL,1.7,,False,False,False,False,False,False,NORMAL,1.7,
344,22.986970,True,0.322,0.009,-7.1,-4.2,False,False,,,True,True,False,False,False,False,False,False,NORMAL,1.6,,False,False,False,False,False,False,NORMAL,1.6,
345,23.053792,True,0.316,0.009,-7.2,-5.1,False,False,,,True,True,False,False,False,False,False,False,NORMAL,1.6,,False,False,False,False,False,False,NORMAL,1.6,
346,23.120615,True,0.319,0.01,-6.7,-5.8,False,False,,,True,True,False,False,False,False,False,False,NORMAL,1.6,,False,False,False,False,False,False,NORMAL,1.6,
347,23.187437,True,0.283,0.011,-6.0,-6.3,False,False,,,True,True,False,False,False,False,False,False,NORMAL,1.5,,False,False,False,False,False,False,NORMAL,1.5,
348,23.254260,True,0.278,0.012,-5.8,-7.6,False,False,,,True,True,False,False,False,False,False,False,NORMAL,1.5,,False,False,False,False,False,False,NORMAL,1.5,
349,23.321083,True,0.28,0.007,-5.6,-8.2,False,False,,,True,True,False,False,False,False,False,False,NORMAL,1.5,,False,False,False,False,False,False,NORMAL,1.5,
350,23.387905,True,0.292,0.008,-5.5,-8.0,False,False,,,True,True,False,False,False,False,False,False,NORMAL,1.4,,False,False,False,False,False,False,NORMAL,1.4,
351,23.454728,True,0.291,0.01,-5.2,-8.0,False,False,,,True,True,False,False,False,False,False,False,NORMAL,1.4,,False,False,False,False,False,False,NORMAL,1.4,
352,23.521550,True,0.28,0.011,-5.1,-6.9,False,False,,,True,True,False,False,False,False,False,False,NORMAL,1.4,,False,False,False,False,False,False,NORMAL,1.4,
353,23.588373,True,0.288,0.01,-4.5,-6.9,False,False,,,True,True,False,False,False,False,False,False,NORMAL,1.4,,False,False,False,False,False,False,NORMAL,1.4,
354,23.655195,True,0.252,0.01,-4.7,-6.8,False,False,,,True,True,False,False,False,False,False,False,NORMAL,1.3,,False,False,False,False,False,False,NORMAL,1.3,
355,23.722018,True,0.268,0.01,-4.0,-5.9,False,False,,,True,True,False,False,False,False,False,False,NORMAL,1.3,,False,False,False,False,False,False,NORMAL,1.3,
356,23.788841,True,0.26,0.011,-4.4,-7.0,False,False,,,True,True,False,False,False,False,False,False,NORMAL,1.3,,False,False,False,False,False,False,NORMAL,1.3,
357,23.855663,True,0.262,0.014,-4.4,-5.7,False,False,,,True,True,False,False,False,False,False,False,NORMAL,1.3,,False,False,False,False,False,False,NORMAL,1.3,
358,23.922486,True,0.271,0.015,-4.4,-6.0,False,False,,,True,True,False,False,False,False,False,False,NORMAL,1.2,,False,False,False,False,False,False,NORMAL,1.2,
359,23.989308,True,0.302,0.015,-4.8,-5.9,False,False,,,True,True,False,False,False,False,False,False,NORMAL,1.2,,False,False,False,False,False,False,NORMAL,1.2,
360,24.056131,True,0.289,0.011,-4.4,-6.2,False,False,,,True,True,False,False,False,False,False,False,NORMAL,1.2,,False,False,False,False,False,False,NORMAL,1.2,
361,24.122954,True,0.325,0.017,-4.4,-5.2,False,False,,,True,True,False,False,False,False,False,False,NORMAL,1.2,,False,False,False,False,False,False,NORMAL,1.2,
362,24.189776,True,0.319,0.018,-4.6,-4.9,False,False,,,True,True,False,False,False,False,False,False,NORMAL,1.1,,False,False,False,False,False,False,NORMAL,1.1,
363,24.256599,True,0.295,0.013,-4.4,-5.9,False,False,,,True,True,False,False,False,False,False,False,NORMAL,1.1,,False,False,False,False,False,False,NORMAL,1.1,
364,24.323421,True,0.288,0.011,-5.2,-7.1,False,False,,,True,True,False,False,False,False,False,False,NORMAL,1.1,,False,False,False,False,False,False,NORMAL,1.1,
365,24.390244,True,0.284,0.011,-4.6,-7.3,False,False,,,True,True,False,False,False,False,False,False,NORMAL,1.1,,False,False,False,False,False,False,NORMAL,1.1,
366,24.457066,True,0.305,0.013,-4.3,-6.7,False,False,,,True,True,False,False,False,False,False,False,NORMAL,1.0,,False,False,False,False,False,False,NORMAL,1.0,
367,24.523889,True,0.307,0.013,-5.2,-6.1,False,False,,,True,True,False,False,False,False,False,False,NORMAL,1.0,,False,False,False,False,False,False,NORMAL,1.0,
368,24.590712,True,0.307,0.013,-5.3,-6.0,False,False,,,True,True,False,False,False,False,False,False,NORMAL,1.0,,False,False,False,False,False,False,NORMAL,1.0,
369,24.657534,True,0.305,0.013,-6.2,-5.2,False,False,,,True,True,False,False,False,False,False,False,NORMAL,1.0,,False,False,False,False,False,False,NORMAL,1.0,
370,24.724357,True,0.31,0.017,-5.2,-4.4,False,False,,,True,True,False,False,False,False,False,False,NORMAL,1.0,,False,False,False,False,False,False,NORMAL,1.0,
371,24.791179,True,0.308,0.016,-5.5,-4.3,False,False,,,True,True,False,False,False,False,False,False,NORMAL,0.9,,False,False,False,False,False,False,NORMAL,0.9,
372,24.858002,True,0.312,0.014,-5.4,-5.2,False,False,,,True,True,False,False,False,False,False,False,NORMAL,0.9,,False,False,False,False,False,False,NORMAL,0.9,
373,24.924825,True,0.309,0.015,-5.5,-5.0,False,False,,,True,True,False,False,False,False,False,False,NORMAL,0.9,,False,False,False,False,False,False,NORMAL,0.9,
374,24.991647,True,0.308,0.015,-5.6,-4.4,False,False,,,True,True,False,False,False,False,False,False,NORMAL,0.9,,False,False,False,False,False,False,NORMAL,0.9,
375,25.058470,True,0.306,0.014,-5.1,-4.9,False,False,,,True,True,False,False,False,False,False,False,NORMAL,0.9,,False,False,False,False,False,False,NORMAL,0.9,
376,25.125292,True,0.304,0.013,-5.1,-4.8,False,False,,,True,True,False,False,False,False,False,False,NORMAL,0.9,,False,False,False,False,False,False,NORMAL,0.9,
377,25.192115,True,0.298,0.014,-5.2,-4.4,False,False,,,True,True,False,False,False,False,False,False,NORMAL,0.8,,False,False,False,False,False,False,NORMAL,0.8,
378,25.258938,True,0.299,0.016,-5.0,-3.1,False,False,,,True,True,False,False,False,False,False,False,NORMAL,0.8,,False,False,False,False,False,False,NORMAL,0.8,
379,25.325760,True,0.287,0.019,-4.9,-3.9,False,False,,,True,True,False,False,False,False,False,False,NORMAL,0.8,,False,False,False,False,False,False,NORMAL,0.8,
380,25.392583,True,0.294,0.016,-4.8,-2.0,False,False,,,True,True,False,False,False,False,False,False,NORMAL,0.8,,False,False,False,False,False,False,NORMAL,0.8,
381,25.459405,True,0.289,0.015,-4.8,-5.9,False,False,,,True,True,False,False,False,False,False,False,NORMAL,0.8,,False,False,False,False,False,False,NORMAL,0.8,
382,25.526228,True,0.295,0.017,-4.8,-5.4,False,False,,,True,True,False,False,False,False,False,False,NORMAL,0.8,,False,False,False,False,False,False,NORMAL,0.8,
383,25.593050,True,0.302,0.017,-4.6,-5.1,False,False,,,True,True,False,False,False,False,False,False,NORMAL,0.7,,False,False,False,False,False,False,NORMAL,0.7,
384,25.659873,True,0.29,0.016,-4.6,-3.4,False,False,,,True,True,False,False,False,False,False,False,NORMAL,0.7,,False,False,False,False,False,False,NORMAL,0.7,
385,25.726696,True,0.271,0.016,-4.2,-3.9,False,False,,,True,True,False,False,False,False,False,False,NORMAL,0.7,,False,False,False,False,False,False,NORMAL,0.7,
386,25.793518,True,0.288,0.015,-4.6,-2.6,False,False,,,True,True,False,False,False,False,False,False,NORMAL,0.7,,False,False,False,False,False,False,NORMAL,0.7,
387,25.860341,True,0.285,0.015,-4.1,-4.0,False,False,,,True,True,False,False,False,False,False,False,NORMAL,0.7,,False,False,False,False,False,False,NORMAL,0.7,
388,25.927163,True,0.282,0.014,-4.9,-4.1,False,False,,,True,True,False,False,False,False,False,False,NORMAL,0.7,,False,False,False,False,False,False,NORMAL,0.7,
389,25.993986,True,0.271,0.011,-4.6,-5.1,False,False,,,True,True,False,False,False,False,False,False,NORMAL,0.7,,False,False,False,False,False,False,NORMAL,0.7,
390,26.060809,True,0.296,0.014,-4.0,-5.3,False,False,,,True,True,False,False,False,False,False,False,NORMAL,0.6,,False,False,False,False,False,False,NORMAL,0.6,
391,26.127631,True,0.303,0.016,-4.6,-3.8,False,False,,,True,True,False,False,False,False,False,False,NORMAL,0.6,,False,False,False,False,False,False,NORMAL,0.6,
392,26.194454,True,0.305,0.017,-4.7,-3.9,False,False,,,True,True,False,False,False,False,False,False,NORMAL,0.6,,False,False,False,False,False,False,NORMAL,0.6,
393,26.261276,True,0.296,0.016,-4.9,-4.6,False,False,,,True,True,False,False,False,False,False,False,NORMAL,0.6,,False,False,False,False,False,False,NORMAL,0.6,
394,26.328099,True,0.306,0.015,-5.0,-4.7,False,False,,,True,True,False,False,False,False,False,False,NORMAL,0.6,,False,False,False,False,False,False,NORMAL,0.6,
395,26.394921,True,0.311,0.017,-5.2,-4.7,False,False,,,True,True,False,False,False,False,False,False,NORMAL,0.6,,False,False,False,False,False,False,NORMAL,0.6,
396,26.461744,True,0.299,0.021,-4.4,-3.1,False,False,,,True,True,False,False,False,False,False,False,NORMAL,0.6,,False,False,False,False,False,False,NORMAL,0.6,
397,26.528567,True,0.292,0.018,-4.9,-2.3,False,False,,,True,True,False,False,False,False,False,False,NORMAL,0.6,,False,False,False,False,False,False,NORMAL,0.6,
398,26.595389,True,0.281,0.017,-5.6,-3.6,False,False,,,True,True,False,False,False,False,False,False,NORMAL,0.6,,False,False,False,False,False,False,NORMAL,0.6,
399,26.662212,True,0.291,0.018,-5.9,-2.9,False,False,,,True,True,False,False,False,False,False,False,NORMAL,0.5,,False,False,False,False,False,False,NORMAL,0.5,
400,26.729034,True,0.303,0.015,-5.5,-3.3,False,False,,,True,True,False,False,False,False,False,False,NORMAL,0.5,,False,False,False,False,False,False,NORMAL,0.5,
401,26.795857,True,0.298,0.013,-5.7,-4.7,False,False,,,True,True,False,False,False,False,False,False,NORMAL,0.5,,False,False,False,False,False,False,NORMAL,0.5,
402,26.862680,True,0.308,0.013,-6.1,-4.8,False,False,,,True,True,False,False,False,False,False,False,NORMAL,0.5,,False,False,False,False,False,False,NORMAL,0.5,
403,26.929502,True,0.308,0.011,-5.4,-3.1,False,False,,,True,True,False,False,False,False,False,False,NORMAL,0.5,,False,False,False,False,False,False,NORMAL,0.5,
404,26.996325,True,0.327,0.011,-5.5,-2.7,False,False,,,True,True,False,False,False,False,False,False,NORMAL,0.5,,False,False,False,False,False,False,NORMAL,0.5,
405,27.063147,True,0.296,0.015,-5.7,-3.4,False,False,,,True,True,False,False,False,False,False,False,NORMAL,0.5,,False,False,False,False,False,False,NORMAL,0.5,
406,27.129970,True,0.293,0.014,-5.7,-1.5,False,False,,,True,True,False,False,False,False,False,False,NORMAL,0.5,,False,False,False,False,False,False,NORMAL,0.5,
407,27.196793,True,0.291,0.013,-5.8,-1.8,False,False,,,True,True,False,False,False,False,False,False,NORMAL,0.5,,False,False,False,False,False,False,NORMAL,0.5,
408,27.263615,True,0.286,0.012,-6.0,-1.6,False,False,,,True,True,False,False,False,False,False,False,NORMAL,0.5,,False,False,False,False,False,False,NORMAL,0.5,
409,27.330438,True,0.294,0.011,-5.0,-1.6,False,False,,,True,True,False,False,False,False,False,False,NORMAL,0.4,,False,False,False,False,False,False,NORMAL,0.4,
410,27.397260,True,0.282,0.014,-5.3,-2.5,False,False,,,True,True,False,False,False,False,False,False,NORMAL,0.4,,False,False,False,False,False,False,NORMAL,0.4,
411,27.464083,True,0.291,0.015,-5.2,-3.4,False,False,,,True,True,False,False,False,False,False,False,NORMAL,0.4,,False,False,False,False,False,False,NORMAL,0.4,
412,27.530905,True,0.299,0.014,-5.2,-3.7,False,False,,,True,True,False,False,False,False,False,False,NORMAL,0.4,,False,False,False,False,False,False,NORMAL,0.4,
413,27.597728,True,0.296,0.012,-5.5,-4.0,False,False,,,True,True,False,False,False,False,False,False,NORMAL,0.4,,False,False,False,False,False,False,NORMAL,0.4,
414,27.664551,True,0.317,0.014,-4.7,-3.0,False,False,,,True,True,False,False,False,False,False,False,NORMAL,0.4,,False,False,False,False,False,False,NORMAL,0.4,
415,27.731373,True,0.302,0.016,-4.5,-2.9,False,False,,,True,True,False,False,False,False,False,False,NORMAL,0.4,,False,False,False,False,False,False,NORMAL,0.4,
416,27.798196,True,0.301,0.016,-5.3,-2.0,False,False,,,True,True,False,False,False,False,False,False,NORMAL,0.4,,False,False,False,False,False,False,NORMAL,0.4,
417,27.865018,True,0.267,0.015,-6.4,-3.7,False,False,,,True,True,False,False,False,False,False,False,NORMAL,0.4,,False,False,False,False,False,False,NORMAL,0.4,
418,27.931841,True,0.289,0.014,-4.8,-3.0,False,False,,,True,True,False,False,False,False,False,False,NORMAL,0.4,,False,False,False,False,False,False,NORMAL,0.4,
419,27.998664,True,0.287,0.015,-5.9,-2.7,False,False,,,True,True,False,False,False,False,False,False,NORMAL,0.4,,False,False,False,False,False,False,NORMAL,0.4,
420,28.065486,True,0.277,0.015,-6.2,-2.6,False,False,,,True,True,False,False,False,False,False,False,NORMAL,0.4,,False,False,False,False,False,False,NORMAL,0.4,
421,28.132309,True,0.281,0.012,-6.1,-3.5,False,False,,,True,True,False,False,False,False,False,False,NORMAL,0.3,,False,False,False,False,False,False,NORMAL,0.3,
422,28.199131,True,0.302,0.014,-5.5,-6.0,False,False,,,True,True,False,False,False,False,False,False,NORMAL,0.3,,False,False,False,False,False,False,NORMAL,0.3,
423,28.265954,True,0.31,0.017,-4.7,-4.8,False,False,,,True,True,False,False,False,False,False,False,NORMAL,0.3,,False,False,False,False,False,False,NORMAL,0.3,
424,28.332776,True,0.314,0.016,-5.0,-3.8,False,False,,,True,True,False,False,False,False,False,False,NORMAL,0.3,,False,False,False,False,False,False,NORMAL,0.3,
425,28.399599,True,0.32,0.02,-4.5,-4.3,False,False,,,True,True,False,False,False,False,False,False,NORMAL,0.3,,False,False,False,False,False,False,NORMAL,0.3,
426,28.466422,True,0.322,0.018,-4.5,-4.1,False,False,,,True,True,False,False,False,False,False,False,NORMAL,0.3,,False,False,False,False,False,False,NORMAL,0.3,
427,28.533244,True,0.321,0.02,-4.5,-4.2,False,False,,,True,True,False,False,False,False,False,False,NORMAL,0.3,,False,False,False,False,False,False,NORMAL,0.3,
428,28.600067,True,0.316,0.02,-3.6,-6.7,False,False,,,True,True,False,False,False,False,False,False,NORMAL,0.3,,False,False,False,False,False,False,NORMAL,0.3,
429,28.666889,True,0.292,0.012,-4.3,-4.6,False,False,,,True,True,False,False,False,False,False,False,NORMAL,0.3,,False,False,False,False,False,False,NORMAL,0.3,
430,28.733712,True,0.282,0.016,-4.7,-4.0,False,False,,,True,True,False,False,False,False,False,False,NORMAL,0.3,,False,False,False,False,False,False,NORMAL,0.3,
431,28.800535,True,0.279,0.014,-4.8,-4.8,False,False,,,True,True,False,False,False,False,False,False,NORMAL,0.3,,False,False,False,False,False,False,NORMAL,0.3,
432,28.867357,True,0.277,0.015,-4.8,-5.5,False,False,,,True,True,False,False,False,False,False,False,NORMAL,0.3,,False,False,False,False,False,False,NORMAL,0.3,
433,28.934180,True,0.301,0.017,-4.8,-5.5,False,False,,,True,True,False,False,False,False,False,False,NORMAL,0.3,,False,False,False,False,False,False,NORMAL,0.3,
434,29.001002,True,0.306,0.019,-4.5,-6.1,False,False,,,True,True,False,False,False,False,False,False,NORMAL,0.3,,False,False,False,False,False,False,NORMAL,0.3,
435,29.067825,True,0.311,0.017,-3.9,-4.0,False,False,,,True,True,False,False,False,False,False,False,NORMAL,0.3,,False,False,False,False,False,False,NORMAL,0.3,
436,29.134648,True,0.294,0.014,-5.0,-5.9,False,False,,,True,True,False,False,False,False,False,False,NORMAL,0.3,,False,False,False,False,False,False,NORMAL,0.3,
437,29.201470,True,0.301,0.013,-5.5,-6.1,False,False,,,True,True,False,False,False,False,False,False,NORMAL,0.3,,False,False,False,False,False,False,NORMAL,0.3,
438,29.268293,True,0.299,0.012,-6.2,-5.4,False,False,,,True,True,False,False,False,False,False,False,NORMAL,0.2,,False,False,False,False,False,False,NORMAL,0.2,
439,29.335115,True,0.284,0.011,-5.6,-5.3,False,False,,,True,True,False,False,False,False,False,False,NORMAL,0.2,,False,False,False,False,False,False,NORMAL,0.2,
440,29.401938,True,0.283,0.01,-6.0,-5.6,False,False,,,True,True,False,False,False,False,False,False,NORMAL,0.2,,False,False,False,False,False,False,NORMAL,0.2,
441,29.468760,True,0.273,0.007,-6.2,-6.6,False,False,,,True,True,False,False,False,False,False,False,NORMAL,0.2,,False,False,False,False,False,False,NORMAL,0.2,
442,29.535583,True,0.285,0.005,-6.4,-6.1,False,False,,,True,True,False,False,False,False,False,False,NORMAL,0.2,,False,False,False,False,False,False,NORMAL,0.2,
443,29.602406,True,0.275,0.006,-6.6,-6.1,False,False,,,True,True,False,False,False,False,False,False,NORMAL,0.2,,False,False,False,False,False,False,NORMAL,0.2,
444,29.669228,True,0.294,0.006,-6.4,-4.9,False,False,,,True,True,False,False,False,False,False,False,NORMAL,0.2,,False,False,False,False,False,False,NORMAL,0.2,
445,29.736051,True,0.29,0.008,-6.4,-5.1,False,False,,,True,True,False,False,False,False,False,False,NORMAL,0.2,,False,False,False,False,False,False,NORMAL,0.2,
446,29.802873,True,0.279,0.008,-7.0,-4.8,False,False,,,True,True,False,False,False,False,False,False,NORMAL,0.2,,False,False,False,False,False,False,NORMAL,0.2,
447,29.869696,True,0.285,0.007,-6.9,-4.0,False,False,,,True,True,False,False,False,False,False,False,NORMAL,0.2,,False,False,False,False,False,False,NORMAL,0.2,
448,29.936519,True,0.282,0.007,-7.6,-1.7,False,False,,,True,True,False,False,False,False,False,False,NORMAL,0.2,,False,False,False,False,False,False,NORMAL,0.2,
449,30.003341,True,0.284,0.008,-7.0,-2.2,False,False,,,True,True,False,False,False,False,False,False,NORMAL,27.6,,False,False,False,False,False,False,NORMAL,27.6,
450,30.070164,True,0.309,0.009,-7.6,-1.8,False,False,,,True,True,False,False,False,False,False,False,NORMAL,27.5,,False,False,False,False,False,False,NORMAL,27.5,
451,30.136986,True,0.295,0.009,-8.7,-4.3,False,False,,,True,True,False,False,False,False,False,False,NORMAL,27.5,,False,False,False,False,False,False,NORMAL,27.5,
452,30.203809,True,0.293,0.008,-8.8,-4.8,False,False,,,True,True,False,False,False,False,False,False,NORMAL,27.4,,False,False,False,False,False,False,NORMAL,27.4,
453,30.270631,True,0.28,0.009,-8.0,-4.3,False,False,,,True,True,False,False,False,False,False,False,NORMAL,27.4,,False,False,False,False,False,False,NORMAL,27.4,
454,30.337454,True,0.284,0.009,-8.0,-4.3,False,False,,,True,True,False,False,False,False,False,False,NORMAL,27.3,,False,False,False,False,False,False,NORMAL,27.3,
455,30.404277,True,0.285,0.008,-8.2,-4.2,False,False,,,True,True,False,False,False,False,False,False,NORMAL,27.2,,False,False,False,False,False,False,NORMAL,27.2,
456,30.471099,True,0.298,0.01,-8.5,-3.5,False,False,,,True,True,False,False,False,False,False,False,NORMAL,27.2,,False,False,False,False,False,False,NORMAL,27.2,
457,30.537922,True,0.284,0.008,-8.6,-3.3,False,False,,,True,True,False,False,False,False,False,False,NORMAL,27.1,,False,False,False,False,False,False,NORMAL,27.1,
458,30.604744,True,0.287,0.008,-8.3,-3.3,False,False,,,True,True,False,False,False,False,False,False,NORMAL,27.1,,False,False,False,False,False,False,NORMAL,27.1,
459,30.671567,True,0.289,0.007,-9.1,-2.7,False,False,,,True,True,False,False,False,False,False,False,NORMAL,27.0,,False,False,False,False,False,False,NORMAL,27.0,
460,30.738390,True,0.267,0.009,-8.6,-2.0,False,False,,,True,True,False,False,False,False,False,False,NORMAL,26.9,,False,False,False,False,False,False,NORMAL,26.9,
461,30.805212,True,0.274,0.009,-8.9,-1.3,False,False,,,True,True,False,False,False,False,False,False,NORMAL,26.9,,False,False,False,False,False,False,NORMAL,26.9,
462,30.872035,True,0.272,0.008,-6.3,1.5,False,False,,,True,True,False,False,False,False,False,False,NORMAL,26.8,,False,False,False,False,False,False,NORMAL,26.8,
463,30.938857,True,0.231,0.007,-5.7,-0.4,False,False,,,True,True,False,False,False,False,False,False,NORMAL,26.8,,False,False,False,False,False,False,NORMAL,26.8,
464,31.005680,True,0.26,0.008,-5.1,-2.6,False,False,,,True,True,False,False,False,False,False,False,NORMAL,26.7,,False,False,False,False,False,False,NORMAL,26.7,
465,31.072503,True,0.234,0.011,-6.9,-0.3,False,False,,,True,True,False,False,False,False,False,False,NORMAL,26.6,,False,False,False,False,False,False,NORMAL,26.6,
466,31.139325,True,0.248,0.01,-7.9,-0.1,False,False,,,True,True,False,False,False,False,False,False,NORMAL,26.6,,False,False,False,False,False,False,NORMAL,26.6,
467,31.206148,True,0.222,0.009,-3.9,3.5,False,False,,,True,True,False,False,False,False,False,False,NORMAL,26.5,,False,False,False,False,False,False,NORMAL,26.5,
468,31.272970,True,0.263,0.008,-4.7,5.4,False,False,,,True,True,False,False,False,False,False,False,NORMAL,26.5,,False,False,False,False,False,False,NORMAL,26.5,
469,31.339793,True,0.266,0.007,-5.1,4.7,False,False,,,True,True,False,False,False,False,False,False,NORMAL,26.4,,False,False,False,False,False,False,NORMAL,26.4,
470,31.406615,True,0.298,0.005,-5.5,3.9,False,False,,,True,True,False,False,False,False,False,False,NORMAL,26.3,,False,False,False,False,False,False,NORMAL,26.3,
471,31.473438,True,0.254,0.01,-5.8,4.1,False,False,,,True,True,False,False,False,False,False,False,NORMAL,26.3,,False,False,False,False,False,False,NORMAL,26.3,
472,31.540261,True,0.273,0.009,-4.6,5.3,False,False,,,True,True,False,False,False,False,False,False,NORMAL,26.2,,False,False,False,False,False,False,NORMAL,26.2,
473,31.607083,True,0.206,0.01,-4.2,2.5,False,False,,,True,True,False,False,False,False,False,False,NORMAL,26.2,,False,False,False,False,False,False,NORMAL,26.2,
474,31.673906,True,0.174,0.006,-5.0,0.8,False,False,,,True,True,False,False,False,False,False,False,NORMAL,26.1,,False,False,False,False,False,False,NORMAL,26.1,
475,31.740728,True,0.191,0.005,-5.7,1.1,False,False,,,True,True,False,False,False,False,False,False,NORMAL,26.1,,False,False,False,False,False,False,NORMAL,26.1,
476,31.807551,True,0.234,0.004,-6.4,3.2,False,False,,,True,True,False,False,False,False,False,False,NORMAL,26.0,,False,False,False,False,False,False,NORMAL,26.0,
477,31.874374,True,0.209,0.009,-6.8,5.5,False,False,,,True,True,False,False,False,False,False,False,NORMAL,26.0,,False,False,False,False,False,False,NORMAL,26.0,
478,31.941196,True,0.146,0.007,-6.3,4.9,False,False,,,True,True,False,False,False,False,False,False,NORMAL,26.3,,False,False,False,False,False,False,NORMAL,26.3,
479,32.008019,True,0.113,0.009,-6.2,5.2,False,False,,,True,True,False,False,False,False,False,False,NORMAL,26.7,,False,False,False,False,False,False,NORMAL,26.7,
480,32.074841,True,0.15,0.011,-5.0,5.5,False,False,,,True,True,False,False,False,False,False,False,NORMAL,27.1,,False,False,False,False,False,False,NORMAL,27.1,
481,32.141664,True,0.198,0.005,-3.5,3.9,False,False,,,True,True,False,False,False,False,False,False,NORMAL,27.0,,False,False,False,False,False,False,NORMAL,27.0,
482,32.208486,True,0.205,0.004,-3.7,4.4,False,False,,,True,True,False,False,False,False,False,False,NORMAL,26.9,,False,False,False,False,False,False,NORMAL,26.9,
483,32.275309,True,0.218,0.005,-3.1,6.1,False,False,,,True,True,False,False,False,False,False,False,NORMAL,26.9,,False,False,False,False,False,False,NORMAL,26.9,
484,32.342132,True,0.244,0.005,-3.8,6.9,False,False,,,True,True,False,False,False,False,False,False,NORMAL,26.8,,False,False,False,False,False,False,NORMAL,26.8,
485,32.408954,True,0.222,0.004,-4.5,6.6,False,False,,,True,True,False,False,False,False,False,False,NORMAL,26.8,,False,False,False,False,False,False,NORMAL,26.8,
486,32.475777,True,0.184,0.006,-3.6,9.1,False,False,,,True,True,False,False,False,False,False,False,NORMAL,26.7,,False,False,False,False,False,False,NORMAL,26.7,
487,32.542599,True,0.198,0.007,-4.5,9.6,False,False,,,True,True,False,False,False,False,False,False,NORMAL,26.7,,False,False,False,False,False,False,NORMAL,26.7,
488,32.609422,True,0.188,0.01,-5.4,9.9,False,False,,,True,True,False,False,False,False,False,False,NORMAL,26.6,,False,False,False,False,False,False,NORMAL,26.6,
489,32.676245,True,0.183,0.006,-5.5,9.7,False,False,,,True,True,False,False,False,False,False,False,NORMAL,26.6,,False,False,False,False,False,False,NORMAL,26.6,
490,32.743067,True,0.18,0.005,-6.8,10.3,False,False,,,True,True,False,False,False,False,False,False,NORMAL,26.5,,False,False,False,False,False,False,NORMAL,26.5,
491,32.809890,True,0.173,0.005,-6.8,9.1,False,False,,,True,True,False,False,False,False,False,False,NORMAL,26.4,,False,False,False,False,False,False,NORMAL,26.4,
492,32.876712,True,0.212,0.005,-5.3,10.5,False,False,,,True,True,False,False,False,False,False,False,NORMAL,26.4,,False,False,False,False,False,False,NORMAL,26.4,
493,32.943535,True,0.21,0.006,-5.2,10.1,False,False,,,True,True,False,False,False,False,False,False,NORMAL,26.3,,False,False,False,False,False,False,NORMAL,26.3,
494,33.010358,True,0.151,0.008,-4.6,10.6,False,False,,,True,True,False,False,False,False,False,False,NORMAL,26.7,,False,False,False,False,False,False,NORMAL,26.7,
495,33.077180,True,0.138,0.005,-4.2,9.6,False,False,,,True,True,False,False,False,False,False,False,NORMAL,27.0,,False,False,False,False,False,False,NORMAL,27.0,
496,33.144003,True,0.132,0.006,-3.6,10.2,False,False,,,True,True,False,False,False,False,False,False,NORMAL,27.4,,False,False,False,False,False,False,NORMAL,27.4,
497,33.210825,True,0.117,0.008,-1.8,12.3,False,False,,,True,True,False,False,False,False,False,False,NORMAL,27.8,,False,False,False,False,False,False,NORMAL,27.8,
498,33.277648,True,0.121,0.005,-0.5,13.4,False,False,,,True,True,False,False,False,False,False,False,NORMAL,28.1,,False,False,False,False,False,False,NORMAL,28.1,
499,33.344470,True,0.046,0.011,-0.2,14.3,False,False,,,True,True,False,False,False,False,False,False,NORMAL,28.5,,False,False,False,False,False,False,NORMAL,28.5,
500,33.411293,True,0.028,0.008,0.1,14.6,False,False,,,True,True,False,False,False,False,False,False,NORMAL,28.4,,False,False,False,False,False,False,NORMAL,28.4,
501,33.478116,True,0.039,0.008,0.5,16.0,False,False,,,True,True,False,False,False,False,False,False,NORMAL,28.3,,False,False,False,False,False,False,NORMAL,28.3,
502,33.544938,True,0.041,0.008,0.6,16.4,False,False,,,True,True,False,False,False,False,False,False,NORMAL,28.3,,False,False,False,False,False,False,NORMAL,28.3,
503,33.611761,True,0.037,0.008,0.4,15.7,False,False,,,True,True,False,False,False,False,False,False,NORMAL,28.2,,False,False,False,False,False,False,NORMAL,28.2,
504,33.678583,True,0.067,0.01,-0.2,10.6,False,False,,,True,True,False,False,False,False,False,False,NORMAL,28.6,,False,False,False,False,False,False,NORMAL,28.6,
505,33.745406,True,0.052,0.009,0.3,11.3,False,False,,,True,True,False,False,False,False,False,False,NORMAL,28.9,,False,False,False,False,False,False,NORMAL,28.9,
506,33.812229,True,0.05,0.007,0.4,11.5,False,False,,,True,True,False,False,False,False,False,False,NORMAL,29.3,,False,False,False,False,False,False,NORMAL,29.3,
507,33.879051,True,0.07,0.006,2.3,8.7,False,False,,,True,True,False,False,False,False,False,False,NORMAL,29.6,,False,False,False,False,False,False,NORMAL,29.6,
508,33.945874,True,0.119,0.006,1.0,6.4,False,False,,,True,True,False,False,False,False,False,False,NORMAL,29.9,,False,False,False,False,False,False,NORMAL,29.9,
509,34.012696,True,0.118,0.007,0.0,4.4,False,False,,,True,True,False,False,False,False,False,False,NORMAL,30.3,,False,False,False,False,False,False,NORMAL,30.3,
510,34.079519,True,0.241,0.01,-1.1,0.7,False,False,,,True,True,False,False,False,False,False,False,NORMAL,30.2,,False,False,False,False,False,False,NORMAL,30.2,
511,34.146341,True,0.254,0.012,-2.4,-0.8,False,False,,,True,True,False,False,False,False,False,False,NORMAL,30.2,,False,False,False,False,False,False,NORMAL,30.2,
512,34.213164,True,0.233,0.01,-0.6,2.4,False,False,,,True,True,False,False,False,False,False,False,NORMAL,30.1,,False,False,False,False,False,False,NORMAL,30.1,
513,34.279987,True,0.255,0.01,0.3,2.1,False,False,,,True,True,False,False,False,False,False,False,NORMAL,30.0,,False,False,False,False,False,False,NORMAL,30.0,
514,34.346809,True,0.312,0.009,-1.1,-1.0,False,False,,,True,True,False,False,False,False,False,False,NORMAL,30.0,,False,False,False,False,False,False,NORMAL,30.0,
515,34.413632,True,0.309,0.01,-1.0,-2.2,False,False,,,True,True,False,False,False,False,False,False,NORMAL,29.9,,False,False,False,False,False,False,NORMAL,29.9,
516,34.480454,True,0.283,0.007,-1.8,-2.6,False,False,,,True,True,False,False,False,False,False,False,NORMAL,29.9,,False,False,False,False,False,False,NORMAL,29.9,
517,34.547277,True,0.276,0.007,-1.8,-4.2,False,False,,,True,True,False,False,False,False,False,False,NORMAL,29.8,,False,False,False,False,False,False,NORMAL,29.8,
518,34.614100,True,0.271,0.011,-1.9,-3.7,False,False,,,True,True,False,False,False,False,False,False,NORMAL,29.7,,False,False,False,False,False,False,NORMAL,29.7,
519,34.680922,False,0.0,0.0,0.0,0.0,False,False,,,True,True,False,False,False,False,False,False,NORMAL,29.7,,False,False,False,False,False,False,NORMAL,29.7,
520,34.747745,True,0.219,0.017,-0.9,-1.2,False,False,,,True,True,False,False,False,False,False,False,NORMAL,29.7,,False,False,False,False,False,False,NORMAL,29.7,
521,34.814567,True,0.213,0.013,-1.1,-2.5,False,False,,,True,True,False,False,False,False,False,False,NORMAL,29.6,,False,False,False,False,False,False,NORMAL,29.6,
522,34.881390,True,0.335,0.013,-2.7,-7.1,False,False,,,True,True,False,False,False,False,False,False,NORMAL,29.6,,False,False,False,False,False,False,NORMAL,29.6,
523,34.948212,True,0.304,0.013,-2.1,-7.1,False,False,,,True,True,False,False,False,False,False,False,NORMAL,29.5,,False,False,False,False,False,False,NORMAL,29.5,
524,35.015035,True,0.317,0.014,-1.9,-4.0,False,False,,,True,True,False,False,False,False,False,False,NORMAL,29.5,,False,False,False,False,False,False,NORMAL,29.5,
525,35.081858,True,0.329,0.005,-3.7,-10.7,False,False,,,True,True,False,False,False,False,False,False,NORMAL,29.4,,False,False,False,False,False,False,NORMAL,29.4,
526,35.148680,True,0.338,0.005,-4.4,-11.1,False,False,,,True,True,False,False,False,False,False,False,NORMAL,29.3,,False,False,False,False,False,False,NORMAL,29.3,
527,35.215503,True,0.336,0.007,-3.5,-12.9,False,False,,,True,True,False,False,False,False,False,False,NORMAL,29.3,,False,False,False,False,False,False,NORMAL,29.3,
528,35.282325,True,0.33,0.007,-3.5,-11.9,False,False,,,True,True,False,False,False,False,False,False,NORMAL,29.2,,False,False,False,False,False,False,NORMAL,29.2,
529,35.349148,True,0.326,0.006,-3.5,-12.4,False,False,,,True,True,False,False,False,False,False,False,NORMAL,29.2,,False,False,False,False,False,False,NORMAL,29.2,
530,35.415971,True,0.326,0.007,-3.7,-12.6,False,False,,,True,True,False,False,False,False,False,False,NORMAL,29.1,,False,False,False,False,False,False,NORMAL,29.1,
531,35.482793,True,0.322,0.007,-4.7,-11.1,False,False,,,True,True,False,False,False,False,False,False,NORMAL,29.1,,False,False,False,False,False,False,NORMAL,29.1,
532,35.549616,True,0.328,0.007,-5.8,-8.9,False,False,,,True,True,False,False,False,False,False,False,NORMAL,29.0,,False,False,False,False,False,False,NORMAL,29.0,
533,35.616438,True,0.31,0.005,-6.9,-13.0,False,False,,,True,True,False,False,False,False,False,False,NORMAL,29.0,,False,False,False,False,False,False,NORMAL,29.0,
534,35.683261,True,0.319,0.006,-6.1,-12.0,False,False,,,True,True,False,False,False,False,False,False,NORMAL,28.9,,False,False,False,False,False,False,NORMAL,28.9,
535,35.750084,True,0.328,0.006,-5.8,-12.2,False,False,,,True,True,False,False,False,False,False,False,NORMAL,28.8,,False,False,False,False,False,False,NORMAL,28.8,
536,35.816906,True,0.33,0.009,-4.5,-10.7,False,False,,,True,True,False,False,False,False,False,False,NORMAL,28.8,,False,False,False,False,False,False,NORMAL,28.8,
537,35.883729,True,0.33,0.011,-4.5,-10.5,False,False,,,True,True,False,False,False,False,False,False,NORMAL,28.7,,False,False,False,False,False,False,NORMAL,28.7,
538,35.950551,True,0.331,0.009,-4.1,-11.8,False,False,,,True,True,False,False,False,False,False,False,NORMAL,28.7,,False,False,False,False,False,False,NORMAL,28.7,
539,36.017374,True,0.313,0.013,-2.9,-8.1,False,False,,,True,True,False,False,False,False,False,False,NORMAL,28.6,,False,False,False,False,False,False,NORMAL,28.6,
540,36.084196,True,0.305,0.016,-2.9,-9.0,False,False,,,True,True,False,False,False,False,False,False,NORMAL,28.6,,False,False,False,False,False,False,NORMAL,28.6,
541,36.151019,True,0.314,0.017,-2.1,-7.4,False,False,,,True,True,False,False,False,False,False,False,NORMAL,28.5,,False,False,False,False,False,False,NORMAL,28.5,
542,36.217842,True,0.262,0.009,-2.4,-7.7,False,False,,,True,True,False,False,False,False,False,False,NORMAL,28.5,,False,False,False,False,False,False,NORMAL,28.5,
543,36.284664,True,0.237,0.013,-3.8,-9.1,False,False,,,True,True,False,False,False,False,False,False,NORMAL,28.4,,False,False,False,False,False,False,NORMAL,28.4,
544,36.351487,True,0.258,0.013,-4.9,-9.1,False,False,,,True,True,False,False,False,False,False,False,NORMAL,28.4,,False,False,False,False,False,False,NORMAL,28.4,
545,36.418309,True,0.273,0.011,-4.2,-7.6,False,False,,,True,True,False,False,False,False,False,False,NORMAL,28.3,,False,False,False,False,False,False,NORMAL,28.3,
546,36.485132,True,0.231,0.01,-5.1,-7.7,False,False,,,True,True,False,False,False,False,False,False,NORMAL,28.3,,False,False,False,False,False,False,NORMAL,28.3,
547,36.551955,True,0.24,0.008,-5.8,-9.2,False,False,,,True,True,False,False,False,False,False,False,NORMAL,28.2,,False,False,False,False,False,False,NORMAL,28.2,
548,36.618777,True,0.258,0.008,-5.5,-9.6,False,False,,,True,True,False,False,False,False,False,False,NORMAL,28.1,,False,False,False,False,False,False,NORMAL,28.1,
549,36.685600,True,0.242,0.009,-5.5,-10.7,False,False,,,True,True,False,False,False,False,False,False,NORMAL,28.1,,False,False,False,False,False,False,NORMAL,28.1,
550,36.752422,True,0.212,0.009,-4.6,-11.8,False,False,,,True,True,False,False,False,False,False,False,NORMAL,28.0,,False,False,False,False,False,False,NORMAL,28.0,
551,36.819245,True,0.204,0.007,-3.8,-5.4,False,False,,,True,True,False,False,False,False,False,False,NORMAL,28.0,,False,False,False,False,False,False,NORMAL,28.0,
552,36.886067,True,0.186,0.006,-3.2,-1.4,False,False,,,True,True,False,False,False,False,False,False,NORMAL,27.9,,False,False,False,False,False,False,NORMAL,27.9,
553,36.952890,True,0.192,0.005,-3.6,-3.1,False,False,,,True,True,False,False,False,False,False,False,NORMAL,27.9,,False,False,False,False,False,False,NORMAL,27.9,
554,37.019713,True,0.21,0.006,-4.0,-3.4,False,False,,,True,True,False,False,False,False,False,False,NORMAL,27.8,,False,False,False,False,False,False,NORMAL,27.8,
555,37.086535,True,0.247,0.007,-6.4,-5.5,False,False,,,True,True,False,False,False,False,False,False,NORMAL,27.8,,False,False,False,False,False,False,NORMAL,27.8,
556,37.153358,True,0.255,0.008,-5.6,-5.1,False,False,,,True,True,False,False,False,False,False,False,NORMAL,27.7,,False,False,False,False,False,False,NORMAL,27.7,
557,37.220180,True,0.228,0.007,-5.7,-4.6,False,False,,,True,True,False,False,False,False,False,False,NORMAL,27.7,,False,False,False,False,False,False,NORMAL,27.7,
558,37.287003,True,0.254,0.007,-6.3,-4.1,False,False,,,True,True,False,False,False,False,False,False,NORMAL,27.6,,False,False,False,False,False,False,NORMAL,27.6,
559,37.353826,True,0.259,0.007,-6.8,-3.7,False,False,,,True,True,False,False,False,False,False,False,NORMAL,27.6,,False,False,False,False,False,False,NORMAL,27.6,
560,37.420648,True,0.253,0.008,-6.0,-4.4,False,False,,,True,True,False,False,False,False,False,False,NORMAL,27.5,,False,False,False,False,False,False,NORMAL,27.5,
561,37.487471,True,0.269,0.01,-5.0,-4.5,False,False,,,True,True,False,False,False,False,False,False,NORMAL,27.5,,False,False,False,False,False,False,NORMAL,27.5,
562,37.554293,True,0.276,0.007,-4.8,-4.9,False,False,,,True,True,False,False,False,False,False,False,NORMAL,27.4,,False,False,False,False,False,False,NORMAL,27.4,
563,37.621116,True,0.235,0.007,-3.7,-3.9,False,False,,,True,True,False,False,False,False,False,False,NORMAL,27.4,,False,False,False,False,False,False,NORMAL,27.4,
564,37.687939,True,0.22,0.006,-4.2,-5.2,False,False,,,True,True,False,False,False,False,False,False,NORMAL,27.3,,False,False,False,False,False,False,NORMAL,27.3,
565,37.754761,True,0.214,0.006,-3.2,-2.5,False,False,,,True,True,False,False,False,False,False,False,NORMAL,27.3,,False,False,False,False,False,False,NORMAL,27.3,
566,37.821584,True,0.231,0.008,-1.5,-0.2,False,False,,,True,True,False,False,False,False,False,False,NORMAL,27.2,,False,False,False,False,False,False,NORMAL,27.2,
567,37.888406,True,0.246,0.005,-1.7,-0.4,False,False,,,True,True,False,False,False,False,False,False,NORMAL,27.2,,False,False,False,False,False,False,NORMAL,27.2,
568,37.955229,True,0.243,0.006,-4.8,-2.6,False,False,,,True,True,False,False,False,False,False,False,NORMAL,27.1,,False,False,False,False,False,False,NORMAL,27.1,
569,38.022051,True,0.224,0.009,-4.7,-3.3,False,False,,,True,True,False,False,False,False,False,False,NORMAL,27.1,,False,False,False,False,False,False,NORMAL,27.1,
570,38.088874,True,0.222,0.009,-5.2,-2.2,False,False,,,True,True,False,False,False,False,False,False,NORMAL,27.0,,False,False,False,False,False,False,NORMAL,27.0,
571,38.155697,True,0.22,0.009,-5.3,-2.1,False,False,,,True,True,False,False,False,False,False,False,NORMAL,27.0,,False,False,False,False,False,False,NORMAL,27.0,
572,38.222519,True,0.233,0.009,-5.8,-5.7,False,False,,,True,True,False,False,False,False,False,False,NORMAL,27.0,,False,False,False,False,False,False,NORMAL,27.0,
573,38.289342,True,0.224,0.009,-5.5,1.3,False,False,,,True,True,False,False,False,False,False,False,NORMAL,26.9,,False,False,False,False,False,False,NORMAL,26.9,
574,38.356164,True,0.25,0.007,-5.0,0.0,False,False,,,True,True,False,False,False,False,False,False,NORMAL,26.9,,False,False,False,False,False,False,NORMAL,26.9,
575,38.422987,True,0.25,0.006,-4.6,1.3,False,False,,,True,True,False,False,False,False,False,False,NORMAL,26.8,,False,False,False,False,False,False,NORMAL,26.8,
576,38.489810,True,0.243,0.009,-4.5,1.1,False,False,,,True,True,False,False,False,False,False,False,NORMAL,26.8,,False,False,False,False,False,False,NORMAL,26.8,
577,38.556632,True,0.271,0.008,-6.0,-0.7,False,False,,,True,True,False,False,False,False,False,False,NORMAL,26.7,,False,False,False,False,False,False,NORMAL,26.7,
578,38.623455,True,0.19,0.01,-5.8,0.4,False,False,,,True,True,False,False,False,False,False,False,NORMAL,26.7,,False,False,False,False,False,False,NORMAL,26.7,
579,38.690277,True,0.185,0.005,-4.1,3.0,False,False,,,True,True,False,False,False,False,False,False,NORMAL,26.6,,False,False,False,False,False,False,NORMAL,26.6,
580,38.757100,True,0.177,0.004,-4.0,2.2,False,False,,,True,True,False,False,False,False,False,False,NORMAL,26.6,,False,False,False,False,False,False,NORMAL,26.6,
581,38.823922,True,0.22,0.006,-2.1,5.8,False,False,,,True,True,False,False,False,False,False,False,NORMAL,26.5,,False,False,False,False,False,False,NORMAL,26.5,
582,38.890745,True,0.151,0.005,-2.4,5.9,False,False,,,True,True,False,False,False,False,False,False,NORMAL,26.8,,False,False,False,False,False,False,NORMAL,26.8,
583,38.957568,True,0.154,0.002,-2.3,5.6,False,False,,,True,True,False,False,False,False,False,False,NORMAL,27.1,,False,False,False,False,False,False,NORMAL,27.1,
584,39.024390,True,0.121,0.004,-0.7,6.3,False,False,,,True,True,False,False,False,False,False,False,NORMAL,27.4,,False,False,False,False,False,False,NORMAL,27.4,
585,39.091213,True,0.16,0.009,-1.6,8.6,False,False,,,True,True,False,False,False,False,False,False,NORMAL,27.7,,False,False,False,False,False,False,NORMAL,27.7,
586,39.158035,True,0.17,0.006,-2.3,8.1,False,False,,,True,True,False,False,False,False,False,False,NORMAL,28.0,,False,False,False,False,False,False,NORMAL,28.0,
587,39.224858,True,0.126,0.008,-2.8,10.0,False,False,,,True,True,False,False,False,False,False,False,NORMAL,28.3,,False,False,False,False,False,False,NORMAL,28.3,
588,39.291681,True,0.141,0.006,-1.6,10.2,False,False,,,True,True,False,False,False,False,False,False,NORMAL,28.6,,False,False,False,False,False,False,NORMAL,28.6,
589,39.358503,True,0.177,0.012,-1.4,10.4,False,False,,,True,True,False,False,False,False,False,False,NORMAL,28.6,,False,False,False,False,False,False,NORMAL,28.6,
590,39.425326,True,0.2,0.019,-2.0,11.0,False,False,,,True,True,False,False,False,False,False,False,NORMAL,28.5,,False,False,False,False,False,False,NORMAL,28.5,
591,39.492148,True,0.138,0.01,-4.0,13.1,False,False,,,True,True,False,False,False,False,False,False,NORMAL,28.8,,False,False,False,False,False,False,NORMAL,28.8,
592,39.558971,True,0.149,0.008,-3.5,13.0,False,False,,,True,True,False,False,False,False,False,False,NORMAL,29.1,,False,False,False,False,False,False,NORMAL,29.1,
593,39.625794,True,0.089,0.022,-4.4,13.4,False,False,,,True,True,False,False,False,False,False,False,NORMAL,29.4,,False,False,False,False,False,False,NORMAL,29.4,
594,39.692616,False,0.0,0.0,0.0,0.0,False,False,,,True,True,False,False,False,False,False,False,NORMAL,29.4,,False,False,False,False,False,False,NORMAL,29.4,
595,39.759439,False,0.0,0.0,0.0,0.0,False,False,,,True,True,False,False,False,False,False,False,NORMAL,29.4,,False,False,False,False,False,False,NORMAL,29.4,
596,39.826261,False,0.0,0.0,0.0,0.0,False,False,,,True,True,False,False,False,False,False,False,NORMAL,29.4,,False,False,False,False,False,False,NORMAL,29.4,
597,39.893084,False,0.0,0.0,0.0,0.0,False,False,,,True,True,False,False,False,False,False,False,NORMAL,29.4,,False,False,False,False,False,False,NORMAL,29.4,
598,39.959906,False,0.0,0.0,0.0,0.0,False,False,,,True,True,False,False,False,False,False,False,NORMAL,29.4,,False,False,False,False,False,False,NORMAL,29.4,
599,40.026729,False,0.0,0.0,0.0,0.0,False,False,,,True,True,False,False,False,False,False,False,NORMAL,29.4,,False,False,False,False,False,False,NORMAL,29.4,
600,40.093552,False,0.0,0.0,0.0,0.0,False,False,,,True,True,False,False,False,False,False,False,NORMAL,29.4,,False,False,False,False,False,False,NORMAL,29.4,
601,40.160374,False,0.0,0.0,0.0,0.0,False,False,,,True,True,False,False,False,False,False,False,NORMAL,29.4,,False,False,False,False,False,False,NORMAL,29.4,
602,40.227197,False,0.0,0.0,0.0,0.0,False,False,,,True,True,False,False,False,False,False,False,NORMAL,29.4,,False,False,False,False,False,False,NORMAL,29.4,
603,40.294019,False,0.0,0.0,0.0,0.0,False,False,,,True,True,False,False,False,False,False,False,NORMAL,29.4,,False,False,False,False,False,False,NORMAL,29.4,
604,40.360842,False,0.0,0.0,0.0,0.0,False,False,,,True,True,False,False,False,False,False,False,NORMAL,29.4,,False,False,False,False,False,False,NORMAL,29.4,
605,40.427665,False,0.0,0.0,0.0,0.0,False,False,,,True,True,False,False,False,False,False,False,NORMAL,29.4,,False,False,False,False,False,False,NORMAL,29.4,
606,40.494487,False,0.0,0.0,0.0,0.0,False,False,,,True,True,False,False,False,False,False,False,NORMAL,29.4,,False,False,False,False,False,False,NORMAL,29.4,
607,40.561310,False,0.0,0.0,0.0,0.0,False,False,,,True,True,False,False,False,False,False,False,NORMAL,29.4,,False,False,False,False,False,False,NORMAL,29.4,
608,40.628132,False,0.0,0.0,0.0,0.0,False,False,,,True,True,False,False,False,False,False,False,NORMAL,29.4,,False,False,False,False,False,False,NORMAL,29.4,
609,40.694955,False,0.0,0.0,0.0,0.0,False,False,,,True,True,False,False,False,False,False,False,NORMAL,29.4,,False,False,False,False,False,False,NORMAL,29.4,
610,40.761777,False,0.0,0.0,0.0,0.0,False,False,,,True,True,False,False,False,False,False,False,NORMAL,29.4,,False,False,False,False,False,False,NORMAL,29.4,
611,40.828600,False,0.0,0.0,0.0,0.0,False,False,,,True,True,False,False,False,False,False,False,NORMAL,29.4,,False,False,False,False,False,False,NORMAL,29.4,
612,40.895423,False,0.0,0.0,0.0,0.0,False,False,,,True,True,False,False,False,False,False,False,NORMAL,29.4,,False,False,False,False,False,False,NORMAL,29.4,
613,40.962245,False,0.0,0.0,0.0,0.0,False,False,,,True,True,False,False,False,False,False,False,NORMAL,29.4,,False,False,False,False,False,False,NORMAL,29.4,
614,41.029068,False,0.0,0.0,0.0,0.0,False,False,,,True,True,False,False,False,False,False,False,NORMAL,29.4,,False,False,False,False,False,False,NORMAL,29.4,
615,41.095890,False,0.0,0.0,0.0,0.0,False,False,,,True,True,False,False,False,False,False,False,NORMAL,29.4,,False,False,False,False,False,False,NORMAL,29.4,
616,41.162713,False,0.0,0.0,0.0,0.0,False,False,,,True,True,False,False,False,False,False,False,NORMAL,29.4,,False,False,False,False,False,False,NORMAL,29.4,
617,41.229536,False,0.0,0.0,0.0,0.0,False,False,,,True,True,False,False,False,False,False,False,NORMAL,29.4,,False,False,False,False,False,False,NORMAL,29.4,
618,41.296358,False,0.0,0.0,0.0,0.0,False,False,,,True,True,False,False,False,False,False,False,NORMAL,29.4,,False,False,False,False,False,False,NORMAL,29.4,
619,41.363181,False,0.0,0.0,0.0,0.0,False,False,,,True,True,False,False,False,False,False,False,NORMAL,29.4,,False,False,False,False,False,False,NORMAL,29.4,
620,41.430003,False,0.0,0.0,0.0,0.0,False,False,,,True,True,False,False,False,False,False,False,NORMAL,29.4,,False,False,False,False,False,False,NORMAL,29.4,
621,41.496826,False,0.0,0.0,0.0,0.0,False,False,,,True,True,False,False,False,False,False,False,NORMAL,29.4,,False,False,False,False,False,False,NORMAL,29.4,
622,41.563649,False,0.0,0.0,0.0,0.0,False,False,,,True,True,False,False,False,False,False,False,NORMAL,29.4,,False,False,False,False,False,False,NORMAL,29.4,
623,41.630471,False,0.0,0.0,0.0,0.0,False,False,,,True,True,False,False,False,False,False,False,NORMAL,29.4,,False,False,False,False,False,False,NORMAL,29.4,
624,41.697294,False,0.0,0.0,0.0,0.0,False,False,,,True,True,False,False,False,False,False,False,NORMAL,29.4,,False,False,False,False,False,False,NORMAL,29.4,
625,41.764116,False,0.0,0.0,0.0,0.0,False,False,,,True,True,False,False,False,False,False,False,NORMAL,29.4,,False,False,False,False,False,False,NORMAL,29.4,
626,41.830939,False,0.0,0.0,0.0,0.0,False,False,,,True,True,False,False,False,False,False,False,NORMAL,29.4,,False,False,False,False,False,False,NORMAL,29.4,
627,41.897761,False,0.0,0.0,0.0,0.0,False,False,,,True,True,False,False,False,False,False,False,NORMAL,29.4,,False,False,False,False,False,False,NORMAL,29.4,
628,41.964584,False,0.0,0.0,0.0,0.0,False,False,,,True,True,False,False,False,False,False,False,NORMAL,29.4,,False,False,False,False,False,False,NORMAL,29.4,
629,42.031407,False,0.0,0.0,0.0,0.0,False,False,,,True,True,False,False,False,False,False,False,NORMAL,29.4,,False,False,False,False,False,False,NORMAL,29.4,
630,42.098229,False,0.0,0.0,0.0,0.0,False,False,,,True,True,False,False,False,False,False,False,NORMAL,29.4,,False,False,False,False,False,False,NORMAL,29.4,
631,42.165052,False,0.0,0.0,0.0,0.0,False,False,,,True,True,False,False,False,False,False,False,NORMAL,29.4,,False,False,False,False,False,False,NORMAL,29.4,
632,42.231874,False,0.0,0.0,0.0,0.0,False,False,,,True,True,False,False,False,False,False,False,NORMAL,29.4,,False,False,False,False,False,False,NORMAL,29.4,
633,42.298697,False,0.0,0.0,0.0,0.0,False,False,,,True,True,False,False,False,False,False,False,NORMAL,29.4,,False,False,False,False,False,False,NORMAL,29.4,
634,42.365520,False,0.0,0.0,0.0,0.0,False,False,,,True,True,False,False,False,False,False,False,NORMAL,29.4,,False,False,False,False,False,False,NORMAL,29.4,
635,42.432342,False,0.0,0.0,0.0,0.0,False,False,,,True,True,False,False,False,False,False,False,NORMAL,29.4,,False,False,False,False,False,False,NORMAL,29.4,
636,42.499165,False,0.0,0.0,0.0,0.0,False,False,,,True,True,False,False,False,False,False,False,NORMAL,29.4,,False,False,False,False,False,False,NORMAL,29.4,
637,42.565987,False,0.0,0.0,0.0,0.0,False,False,,,True,True,False,False,False,False,False,False,NORMAL,29.4,,False,False,False,False,False,False,NORMAL,29.4,
638,42.632810,False,0.0,0.0,0.0,0.0,False,False,,,True,True,False,False,False,False,False,False,NORMAL,29.4,,False,False,False,False,False,False,NORMAL,29.4,
639,42.699632,False,0.0,0.0,0.0,0.0,False,False,,,True,True,False,False,False,False,False,True,WARNING,60.0,DRIVER_ABSENCE,False,False,False,False,False,True,WARNING,60.0,DRIVER_ABSENCE
640,42.766455,False,0.0,0.0,0.0,0.0,False,False,,,True,True,False,False,False,False,False,True,WARNING,60.0,,False,False,False,False,False,True,WARNING,60.0,
641,42.833278,False,0.0,0.0,0.0,0.0,False,False,,,True,True,False,False,False,False,False,True,WARNING,60.0,,False,False,False,False,False,True,WARNING,60.0,
642,42.900100,False,0.0,0.0,0.0,0.0,False,False,,,True,True,False,False,False,False,False,True,WARNING,60.0,,False,False,False,False,False,True,WARNING,60.0,
643,42.966923,False,0.0,0.0,0.0,0.0,False,False,,,True,True,False,False,False,False,False,True,WARNING,60.0,,False,False,False,False,False,True,WARNING,60.0,
644,43.033745,False,0.0,0.0,0.0,0.0,False,False,,,True,True,False,False,False,False,False,True,WARNING,60.0,,False,False,False,False,False,True,WARNING,60.0,
645,43.100568,False,0.0,0.0,0.0,0.0,False,False,,,True,True,False,False,False,False,False,True,WARNING,60.0,,False,False,False,False,False,True,WARNING,60.0,
646,43.167391,False,0.0,0.0,0.0,0.0,False,False,,,True,True,False,False,False,False,False,True,WARNING,60.0,,False,False,False,False,False,True,WARNING,60.0,
647,43.234213,False,0.0,0.0,0.0,0.0,False,False,,,True,True,False,False,False,False,False,True,WARNING,60.0,,False,False,False,False,False,True,WARNING,60.0,
648,43.301036,False,0.0,0.0,0.0,0.0,False,False,,,True,True,False,False,False,False,False,True,WARNING,60.0,,False,False,False,False,False,True,WARNING,60.0,
649,43.367858,False,0.0,0.0,0.0,0.0,False,False,,,True,True,False,False,False,False,False,True,WARNING,60.0,,False,False,False,False,False,True,WARNING,60.0,
650,43.434681,True,0.087,0.019,-3.7,13.8,False,False,,,True,True,False,False,False,False,False,False,WARNING,58.8,,False,False,False,False,False,False,WARNING,58.8,
651,43.501504,True,0.112,0.008,-2.2,16.6,False,False,,,True,True,False,False,False,False,False,False,WARNING,57.6,,False,False,False,False,False,False,WARNING,57.6,
652,43.568326,True,0.095,0.011,-2.5,14.2,False,False,,,True,True,False,False,False,False,False,False,WARNING,56.5,,False,False,False,False,False,False,WARNING,56.5,
653,43.635149,True,0.145,0.007,-2.9,13.2,False,False,,,True,True,False,False,False,False,False,False,WARNING,55.4,,False,False,False,False,False,False,WARNING,55.4,
654,43.701971,True,0.143,0.004,-3.3,11.9,False,False,,,True,True,False,False,False,False,False,False,WARNING,54.3,,False,False,False,False,False,False,WARNING,54.3,
655,43.768794,True,0.207,0.013,-3.9,1.2,False,False,,,True,True,False,False,False,False,False,False,WARNING,53.2,,False,False,False,False,False,False,WARNING,53.2,
656,43.835616,True,0.223,0.011,-4.6,1.9,False,False,,,True,True,False,False,False,False,False,False,WARNING,52.1,,False,False,False,False,False,False,WARNING,52.1,
657,43.902439,True,0.342,0.004,-2.3,2.1,False,False,,,True,True,False,False,False,False,False,False,WARNING,51.1,,False,False,False,False,False,False,WARNING,51.1,
658,43.969262,True,0.331,0.007,-3.1,3.1,False,False,,,True,True,False,False,False,False,False,False,WARNING,50.1,,False,False,False,False,False,False,WARNING,50.1,
659,44.036084,True,0.325,0.012,-5.9,-1.8,False,False,,,True,True,False,False,False,False,False,False,WARNING,49.1,,False,False,False,False,False,False,WARNING,49.1,
660,44.102907,True,0.282,0.015,-0.6,1.2,False,False,,,True,True,False,False,False,False,False,False,WARNING,48.1,,False,False,False,False,False,False,WARNING,48.1,
661,44.169729,True,0.28,0.013,-0.9,1.7,False,False,,,True,True,False,False,False,False,False,False,WARNING,47.2,,False,False,False,False,False,False,WARNING,47.2,
662,44.236552,True,0.289,0.01,-1.6,2.4,False,False,,,True,True,False,False,False,False,False,False,WARNING,46.2,,False,False,False,False,False,False,WARNING,46.2,
663,44.303375,True,0.301,0.01,-5.3,-1.6,False,False,,,True,True,False,False,False,False,False,False,WARNING,45.3,,False,False,False,False,False,False,WARNING,45.3,
664,44.370197,True,0.296,0.01,-5.4,-1.6,False,False,,,True,True,False,False,False,False,False,False,WARNING,44.4,,False,False,False,False,False,False,WARNING,44.4,
665,44.437020,True,0.307,0.005,-4.8,1.7,False,False,,,True,True,False,False,False,False,False,False,WARNING,43.5,,False,False,False,False,False,False,WARNING,43.5,
666,44.503842,True,0.311,0.004,-4.3,1.6,False,False,,,True,True,False,False,False,False,False,False,WARNING,42.7,,False,False,False,False,False,False,WARNING,42.7,
667,44.570665,True,0.319,0.005,-5.4,-0.0,False,False,,,True,True,False,False,False,False,False,False,WARNING,41.8,,False,False,False,False,False,False,WARNING,41.8,
668,44.637487,True,0.324,0.005,-5.3,0.6,False,False,,,True,True,False,False,False,False,False,False,WARNING,41.0,,False,False,False,False,False,False,WARNING,41.0,
669,44.704310,True,0.322,0.006,-4.7,-3.6,False,False,,,True,True,False,False,False,False,False,False,WARNING,40.2,,False,False,False,False,False,False,WARNING,40.2,
670,44.771133,True,0.303,0.007,-5.4,-4.0,False,False,,,True,True,False,False,False,False,False,False,NORMAL,39.4,,False,False,False,False,False,False,NORMAL,39.4,
671,44.837955,True,0.305,0.008,-5.9,-4.9,False,False,,,True,True,False,False,False,False,False,False,NORMAL,38.6,,False,False,False,False,False,False,NORMAL,38.6,
672,44.904778,True,0.308,0.008,-3.7,-2.4,False,False,,,True,True,False,False,False,False,False,False,NORMAL,37.8,,False,False,False,False,False,False,NORMAL,37.8,
673,44.971600,True,0.308,0.007,-3.3,-2.2,False,False,,,True,True,False,False,False,False,False,False,NORMAL,37.1,,False,False,False,False,False,False,NORMAL,37.1,
674,45.038423,True,0.295,0.01,-3.2,-3.7,False,False,,,True,True,False,False,False,False,False,False,NORMAL,36.3,,False,False,False,False,False,False,NORMAL,36.3,
675,45.105246,True,0.294,0.01,-2.9,-1.5,False,False,,,True,True,False,False,False,False,False,False,NORMAL,35.6,,False,False,False,False,False,False,NORMAL,35.6,
676,45.172068,True,0.295,0.008,-2.6,-0.4,False,False,,,True,True,False,False,False,False,False,False,NORMAL,34.9,,False,False,False,False,False,False,NORMAL,34.9,
677,45.238891,True,0.299,0.008,-3.0,-0.1,False,False,,,True,True,False,False,False,False,False,False,NORMAL,34.2,,False,False,False,False,False,False,NORMAL,34.2,
678,45.305713,True,0.301,0.007,-5.6,-0.1,False,False,,,True,True,False,False,False,False,False,False,NORMAL,33.5,,False,False,False,False,False,False,NORMAL,33.5,
679,45.372536,True,0.306,0.008,-4.4,-0.1,False,False,,,True,True,False,False,False,False,False,False,NORMAL,32.9,,False,False,False,False,False,False,NORMAL,32.9,
680,45.439359,True,0.31,0.008,-4.8,0.6,False,False,,,True,True,False,False,False,False,False,False,NORMAL,32.2,,False,False,False,False,False,False,NORMAL,32.2,
681,45.506181,True,0.31,0.009,-5.0,-3.5,False,False,,,True,True,False,False,False,False,False,False,NORMAL,31.6,,False,False,False,False,False,False,NORMAL,31.6,
682,45.573004,True,0.306,0.008,-4.8,-2.9,False,False,,,True,True,False,False,False,False,False,False,NORMAL,31.0,,False,False,False,False,False,False,NORMAL,31.0,
683,45.639826,True,0.312,0.006,-4.3,1.2,False,False,,,True,True,False,False,False,False,False,False,NORMAL,30.3,,False,False,False,False,False,False,NORMAL,30.3,
684,45.706649,True,0.277,0.006,-4.3,0.8,False,False,,,True,True,False,False,False,False,False,False,NORMAL,29.7,,False,False,False,False,False,False,NORMAL,29.7,
685,45.773471,True,0.282,0.007,-5.6,0.3,False,False,,,True,True,False,False,False,False,False,False,NORMAL,29.2,,False,False,False,False,False,False,NORMAL,29.2,
686,45.840294,True,0.279,0.007,-5.5,-0.1,False,False,,,True,True,False,False,False,False,False,False,NORMAL,28.9,,False,False,False,False,False,False,NORMAL,28.9,
687,45.907117,True,0.277,0.009,-5.6,-2.1,False,False,,,True,True,False,False,False,False,False,False,NORMAL,28.9,,False,False,False,False,False,False,NORMAL,28.9,
688,45.973939,True,0.291,0.007,-6.0,-2.6,False,False,,,True,True,False,False,False,False,False,False,NORMAL,28.8,,False,False,False,False,False,False,NORMAL,28.8,
689,46.040762,True,0.319,0.01,-6.8,-4.6,False,False,,,True,True,False,False,False,False,False,False,NORMAL,28.8,,False,False,False,False,False,False,NORMAL,28.8,
690,46.107584,True,0.314,0.01,-5.4,-6.6,False,False,,,True,True,False,False,False,False,False,False,NORMAL,28.8,,False,False,False,False,False,False,NORMAL,28.8,
691,46.174407,True,0.288,0.009,-5.4,-5.7,False,False,,,True,True,False,False,False,False,False,False,NORMAL,28.7,,False,False,False,False,False,False,NORMAL,28.7,
692,46.241230,True,0.293,0.009,-5.9,-5.3,False,False,,,True,True,False,False,False,False,False,False,NORMAL,28.7,,False,False,False,False,False,False,NORMAL,28.7,
693,46.308052,True,0.284,0.008,-6.0,-0.8,False,False,,,True,True,False,False,False,False,False,False,NORMAL,28.6,,False,False,False,False,False,False,NORMAL,28.6,
694,46.374875,True,0.292,0.008,-4.6,-1.0,False,False,,,True,True,False,False,False,False,False,False,NORMAL,28.6,,False,False,False,False,False,False,NORMAL,28.6,
695,46.441697,True,0.293,0.009,-5.9,-3.9,False,False,,,True,True,False,False,False,False,False,False,NORMAL,28.5,,False,False,False,False,False,False,NORMAL,28.5,
696,46.508520,True,0.287,0.008,-5.6,-5.5,False,False,,,True,True,False,False,False,False,False,False,NORMAL,28.5,,False,False,False,False,False,False,NORMAL,28.5,
697,46.575342,True,0.292,0.009,-4.9,-5.8,False,False,,,True,True,False,False,False,False,False,False,NORMAL,28.4,,False,False,False,False,False,False,NORMAL,28.4,
698,46.642165,True,0.291,0.008,-3.0,-4.6,False,False,,,True,True,False,False,False,False,False,False,NORMAL,28.4,,False,False,False,False,False,False,NORMAL,28.4,
699,46.708988,True,0.294,0.007,-1.9,-0.7,False,False,,,True,True,False,False,False,False,False,False,NORMAL,28.3,,False,False,False,False,False,False,NORMAL,28.3,
700,46.775810,True,0.304,0.007,-2.9,-1.1,False,False,,,True,True,False,False,False,False,False,False,NORMAL,28.3,,False,False,False,False,False,False,NORMAL,28.3,
701,46.842633,True,0.298,0.007,-4.6,-2.9,False,False,,,True,True,False,False,False,False,False,False,NORMAL,28.3,,False,False,False,False,False,False,NORMAL,28.3,
702,46.909455,True,0.298,0.008,-5.2,-3.2,False,False,,,True,True,False,False,False,False,False,False,NORMAL,28.2,,False,False,False,False,False,False,NORMAL,28.2,
703,46.976278,True,0.298,0.009,-5.5,-5.1,False,False,,,True,True,False,False,False,False,False,False,NORMAL,28.2,,False,False,False,False,False,False,NORMAL,28.2,
704,47.043101,True,0.268,0.009,-5.7,-1.3,False,False,,,True,True,False,False,False,False,False,False,NORMAL,28.1,,False,False,False,False,False,False,NORMAL,28.1,
705,47.109923,True,0.27,0.01,-7.9,-5.9,False,False,,,True,True,False,False,False,False,False,False,NORMAL,28.1,,False,False,False,False,False,False,NORMAL,28.1,
706,47.176746,True,0.262,0.006,-6.8,-4.2,False,False,,,True,True,False,False,False,False,False,False,NORMAL,28.0,,False,False,False,False,False,False,NORMAL,28.0,
707,47.243568,True,0.271,0.005,-7.4,-1.5,False,False,,,True,True,False,False,False,False,False,False,NORMAL,28.0,,False,False,False,False,False,False,NORMAL,28.0,
708,47.310391,True,0.25,0.007,-5.7,-2.0,False,False,,,True,True,False,False,False,False,False,False,NORMAL,28.0,,False,False,False,False,False,False,NORMAL,28.0,
709,47.377213,True,0.257,0.007,-5.9,-2.3,False,False,,,True,True,False,False,False,False,False,False,NORMAL,27.9,,False,False,False,False,False,False,NORMAL,27.9,
710,47.444036,True,0.27,0.008,-5.6,-3.2,False,False,,,True,True,False,False,False,False,False,False,NORMAL,27.9,,False,False,False,False,False,False,NORMAL,27.9,
711,47.510859,True,0.218,0.011,-7.0,-3.1,False,False,,,True,True,False,False,False,False,False,False,NORMAL,27.8,,False,False,False,False,False,False,NORMAL,27.8,
712,47.577681,True,0.231,0.006,-3.9,-0.8,False,False,,,True,True,False,False,False,False,False,False,NORMAL,27.8,,False,False,False,False,False,False,NORMAL,27.8,
713,47.644504,True,0.167,0.007,-2.6,0.1,False,False,,,True,True,False,False,False,False,False,False,NORMAL,28.0,,False,False,False,False,False,False,NORMAL,28.0,
714,47.711326,True,0.141,0.007,-2.9,3.0,False,False,,,True,True,False,False,False,False,False,False,NORMAL,28.3,,False,False,False,False,False,False,NORMAL,28.3,
715,47.778149,True,0.105,0.007,-3.8,4.9,False,False,,,True,True,False,False,False,False,False,False,NORMAL,28.6,,False,False,False,False,False,False,NORMAL,28.6,
716,47.844972,True,0.177,0.006,-4.2,0.1,False,False,,,True,True,False,False,False,False,False,False,NORMAL,28.5,,False,False,False,False,False,False,NORMAL,28.5,
717,47.911794,True,0.205,0.009,-5.3,-1.7,False,False,,,True,True,False,False,False,False,False,False,NORMAL,28.5,,False,False,False,False,False,False,NORMAL,28.5,
718,47.978617,True,0.178,0.009,-5.4,-1.5,False,False,,,True,True,False,False,False,False,False,False,NORMAL,28.4,,False,False,False,False,False,False,NORMAL,28.4,
719,48.045439,True,0.175,0.01,-4.9,-1.3,False,False,,,True,True,False,False,False,False,False,False,NORMAL,28.4,,False,False,False,False,False,False,NORMAL,28.4,
720,48.112262,True,0.214,0.009,-4.3,-1.7,False,False,,,True,True,False,False,False,False,False,False,NORMAL,28.4,,False,False,False,False,False,False,NORMAL,28.4,
721,48.179085,True,0.228,0.008,-5.3,-3.4,False,False,,,True,True,False,False,False,False,False,False,NORMAL,28.3,,False,False,False,False,False,False,NORMAL,28.3,
722,48.245907,True,0.224,0.012,-6.0,-3.0,False,False,,,True,True,False,False,False,False,False,False,NORMAL,28.3,,False,False,False,False,False,False,NORMAL,28.3,
723,48.312730,True,0.197,0.011,-4.3,-4.0,False,False,,,True,True,False,False,False,False,False,False,NORMAL,28.2,,False,False,False,False,False,False,NORMAL,28.2,
724,48.379552,True,0.212,0.011,-5.0,-3.0,False,False,,,True,True,False,False,False,False,False,False,NORMAL,28.2,,False,False,False,False,False,False,NORMAL,28.2,
725,48.446375,True,0.22,0.012,-7.1,-0.7,False,False,,,True,True,False,False,False,False,False,False,NORMAL,28.1,,False,False,False,False,False,False,NORMAL,28.1,
726,48.513197,True,0.198,0.011,-7.7,2.2,False,False,,,True,True,False,False,False,False,False,False,NORMAL,28.1,,False,False,False,False,False,False,NORMAL,28.1,
727,48.580020,True,0.18,0.012,-6.7,3.0,False,False,,,True,True,False,False,False,False,False,False,NORMAL,28.1,,False,False,False,False,False,False,NORMAL,28.1,
728,48.646843,True,0.232,0.013,-7.2,-0.1,False,False,,,True,True,False,False,False,False,False,False,NORMAL,28.0,,False,False,False,False,False,False,NORMAL,28.0,
729,48.713665,True,0.221,0.011,-5.8,-0.5,False,False,,,True,True,False,False,False,False,False,False,NORMAL,28.0,,False,False,False,False,False,False,NORMAL,28.0,
730,48.780488,True,0.21,0.011,-5.8,0.1,False,False,,,True,True,False,False,False,False,False,False,NORMAL,27.9,,False,False,False,False,False,False,NORMAL,27.9,
731,48.847310,True,0.202,0.015,-5.9,0.2,False,False,,,True,True,False,False,False,False,False,False,NORMAL,27.9,,False,False,False,False,False,False,NORMAL,27.9,
732,48.914133,False,0.0,0.0,0.0,0.0,False,False,,,True,True,False,False,False,False,False,False,NORMAL,27.9,,False,False,False,False,False,False,NORMAL,27.9,
733,48.980956,True,0.229,0.009,-7.0,0.3,False,False,,,True,True,False,False,False,False,False,False,NORMAL,27.8,,False,False,False,False,False,False,NORMAL,27.8,
734,49.047778,False,0.0,0.0,0.0,0.0,False,False,,,True,True,False,False,False,False,False,False,NORMAL,27.8,,False,False,False,False,False,False,NORMAL,27.8,
735,49.114601,True,0.127,0.014,-4.2,8.6,False,False,,,True,True,False,False,False,False,False,False,NORMAL,28.1,,False,False,False,False,False,False,NORMAL,28.1,
736,49.181423,True,0.186,0.015,-5.0,3.4,False,False,,,True,True,False,False,False,False,False,False,NORMAL,28.1,,False,False,False,False,False,False,NORMAL,28.1,
737,49.248246,True,0.173,0.012,-4.2,2.9,False,False,,,True,True,False,False,False,False,False,False,NORMAL,28.0,,False,False,False,False,False,False,NORMAL,28.0,
738,49.315068,True,0.213,0.01,-4.9,5.1,False,False,,,True,True,False,False,False,False,False,False,NORMAL,28.0,,False,False,False,False,False,False,NORMAL,28.0,
739,49.381891,True,0.213,0.012,-4.7,5.1,False,False,,,True,True,False,False,False,False,False,False,NORMAL,27.9,,False,False,False,False,False,False,NORMAL,27.9,
740,49.448714,True,0.279,0.012,-3.8,2.9,False,False,,,True,True,False,False,False,False,False,False,NORMAL,27.9,,False,False,False,False,False,False,NORMAL,27.9,
741,49.515536,True,0.164,0.009,-3.8,5.9,False,False,,,True,True,False,False,False,False,False,False,NORMAL,28.1,,False,False,False,False,False,False,NORMAL,28.1,
742,49.582359,True,0.139,0.011,-4.0,7.2,False,False,,,True,True,False,False,False,False,False,False,NORMAL,28.4,,False,False,False,False,False,False,NORMAL,28.4,
743,49.649181,True,0.201,0.009,-4.3,4.8,False,False,,,True,True,False,False,False,False,False,False,NORMAL,28.4,,False,False,False,False,False,False,NORMAL,28.4,
744,49.716004,True,0.197,0.011,-4.1,6.6,False,False,,,True,True,False,False,False,False,False,False,NORMAL,28.3,,False,False,False,False,False,False,NORMAL,28.3,
745,49.782827,True,0.198,0.014,-1.9,8.8,False,False,,,True,True,False,False,False,False,False,False,NORMAL,28.3,,False,False,False,False,False,False,NORMAL,28.3,
746,49.849649,True,0.172,0.012,-2.0,8.8,False,False,,,True,True,False,False,False,False,False,False,NORMAL,28.2,,False,False,False,False,False,False,NORMAL,28.2,
747,49.916472,True,0.158,0.011,-2.0,9.1,False,False,,,True,True,False,False,False,False,False,False,NORMAL,28.5,,False,False,False,False,False,False,NORMAL,28.5,
748,49.983294,True,0.155,0.011,-1.9,9.1,False,False,,,True,True,False,False,False,False,False,False,NORMAL,28.7,,False,False,False,False,False,False,NORMAL,28.7,
749,50.050117,True,0.141,0.01,-2.0,9.7,False,False,,,True,True,False,False,False,False,False,False,NORMAL,29.0,,False,False,False,False,False,False,NORMAL,29.0,
750,50.116940,True,0.183,0.011,-1.5,10.3,False,False,,,True,True,False,False,False,False,False,False,NORMAL,28.9,,False,False,False,False,False,False,NORMAL,28.9,
751,50.183762,True,0.187,0.012,-1.1,10.6,False,False,,,True,True,False,False,False,False,False,False,NORMAL,28.9,,False,False,False,False,False,False,NORMAL,28.9,
752,50.250585,True,0.195,0.012,-0.9,10.3,False,False,,,True,True,False,False,False,False,False,False,NORMAL,28.9,,False,False,False,False,False,False,NORMAL,28.9,
753,50.317407,True,0.156,0.009,-1.5,10.4,False,False,,,True,True,False,False,False,False,False,False,NORMAL,29.1,,False,False,False,False,False,False,NORMAL,29.1,
754,50.384230,True,0.142,0.011,-1.6,10.5,False,False,,,True,True,False,False,False,False,False,False,NORMAL,29.4,,False,False,False,False,False,False,NORMAL,29.4,
755,50.451052,True,0.149,0.013,-2.0,10.7,False,False,,,True,True,False,False,False,False,False,False,NORMAL,29.6,,False,False,False,False,False,False,NORMAL,29.6,
756,50.517875,True,0.151,0.014,-1.9,10.7,False,False,,,True,True,False,False,False,False,False,False,NORMAL,29.9,,False,False,False,False,False,False,NORMAL,29.9,
757,50.584698,True,0.16,0.012,-1.6,10.9,False,False,,,True,True,False,False,False,False,False,False,NORMAL,30.1,,False,False,False,False,False,False,NORMAL,30.1,
758,50.651520,True,0.198,0.011,-1.3,10.0,False,False,,,True,True,False,False,False,False,False,False,NORMAL,30.1,,False,False,False,False,False,False,NORMAL,30.1,
759,50.718343,True,0.195,0.009,-0.8,10.6,False,False,,,True,True,False,False,False,False,False,False,NORMAL,30.0,,False,False,False,False,False,False,NORMAL,30.0,
760,50.785165,True,0.195,0.01,-1.2,10.0,False,False,,,True,True,False,False,False,False,False,False,NORMAL,30.0,,False,False,False,False,False,False,NORMAL,30.0,
761,50.851988,True,0.21,0.012,-1.4,10.0,False,False,,,True,True,False,False,False,False,False,False,NORMAL,29.9,,False,False,False,False,False,False,NORMAL,29.9,
762,50.918811,True,0.216,0.013,-1.7,10.2,False,False,,,True,True,False,False,False,False,False,False,NORMAL,29.9,,False,False,False,False,False,False,NORMAL,29.9,
763,50.985633,True,0.195,0.011,-2.5,10.7,False,False,,,True,True,False,False,False,False,False,False,NORMAL,29.8,,False,False,False,False,False,False,NORMAL,29.8,
764,51.052456,True,0.181,0.011,-4.0,10.8,False,False,,,True,True,False,False,False,False,False,False,NORMAL,29.8,,False,False,False,False,False,False,NORMAL,29.8,
765,51.119278,True,0.195,0.014,-4.4,10.1,False,False,,,True,True,False,False,False,False,False,False,NORMAL,29.8,,False,False,False,False,False,False,NORMAL,29.8,
766,51.186101,True,0.182,0.018,-6.8,8.0,False,False,,,True,True,False,False,False,False,False,False,NORMAL,29.7,,False,False,False,False,False,False,NORMAL,29.7,
767,51.252923,True,0.17,0.017,-6.2,7.3,False,False,,,True,True,False,False,False,False,False,False,NORMAL,29.7,,False,False,False,False,False,False,NORMAL,29.7,
768,51.319746,True,0.221,0.008,-5.9,5.9,False,False,,,True,True,False,False,False,False,False,False,NORMAL,29.6,,False,False,False,False,False,False,NORMAL,29.6,
769,51.386569,True,0.224,0.008,-6.0,5.2,False,False,,,True,True,False,False,False,False,False,False,NORMAL,29.6,,False,False,False,False,False,False,NORMAL,29.6,
770,51.453391,True,0.243,0.009,-7.4,2.2,False,False,,,True,True,False,False,False,False,False,False,NORMAL,29.5,,False,False,False,False,False,False,NORMAL,29.5,
771,51.520214,True,0.226,0.013,-9.5,-0.3,False,False,,,True,True,False,False,False,False,False,False,NORMAL,29.5,,False,False,False,False,False,False,NORMAL,29.5,
772,51.587036,True,0.261,0.012,-7.1,-2.0,False,False,,,True,True,False,False,False,False,False,False,NORMAL,29.5,,False,False,False,False,False,False,NORMAL,29.5,
773,51.653859,True,0.301,0.009,-6.0,-1.9,False,False,,,True,True,False,False,False,False,False,False,NORMAL,29.4,,False,False,False,False,False,False,NORMAL,29.4,
774,51.720682,True,0.295,0.009,-4.6,-2.5,False,False,,,True,True,False,False,False,False,False,False,NORMAL,29.4,,False,False,False,False,False,False,NORMAL,29.4,
775,51.787504,True,0.221,0.01,-5.6,-1.9,False,False,,,True,True,False,False,False,False,False,False,NORMAL,29.3,,False,False,False,False,False,False,NORMAL,29.3,
776,51.854327,True,0.215,0.009,-6.2,-0.9,False,False,,,True,True,False,False,False,False,False,False,NORMAL,29.3,,False,False,False,False,False,False,NORMAL,29.3,
777,51.921149,True,0.258,0.013,-6.6,0.0,False,False,,,True,True,False,False,False,False,False,False,NORMAL,29.3,,False,False,False,False,False,False,NORMAL,29.3,
778,51.987972,True,0.283,0.012,-6.2,-0.3,False,False,,,True,True,False,False,False,False,False,False,NORMAL,29.2,,False,False,False,False,False,False,NORMAL,29.2,
779,52.054795,True,0.252,0.011,-6.7,1.6,False,False,,,True,True,False,False,False,False,False,False,NORMAL,29.2,,False,False,False,False,False,False,NORMAL,29.2,
780,52.121617,True,0.322,0.01,-5.2,1.2,False,False,,,True,True,False,False,False,False,False,False,NORMAL,29.1,,False,False,False,False,False,False,NORMAL,29.1,
781,52.188440,True,0.288,0.01,-4.3,0.4,False,False,,,True,True,False,False,False,False,False,False,NORMAL,29.1,,False,False,False,False,False,False,NORMAL,29.1,
782,52.255262,True,0.291,0.013,-4.5,1.3,False,False,,,True,True,False,False,False,False,False,False,NORMAL,29.1,,False,False,False,False,False,False,NORMAL,29.1,
783,52.322085,True,0.285,0.014,-5.3,0.4,False,False,,,True,True,False,False,False,False,False,False,NORMAL,29.0,,False,False,False,False,False,False,NORMAL,29.0,
784,52.388907,True,0.282,0.014,-5.4,-0.1,False,False,,,True,True,False,False,False,False,False,False,NORMAL,29.0,,False,False,False,False,False,False,NORMAL,29.0,
785,52.455730,True,0.283,0.01,-9.6,-1.6,False,False,,,True,True,False,False,False,False,False,False,NORMAL,28.9,,False,False,False,False,False,False,NORMAL,28.9,
786,52.522553,True,0.316,0.01,-8.9,-1.5,False,False,,,True,True,False,False,False,False,False,False,NORMAL,28.9,,False,False,False,False,False,False,NORMAL,28.9,
787,52.589375,True,0.317,0.01,-9.2,-0.9,False,False,,,True,True,False,False,False,False,False,False,NORMAL,28.8,,False,False,False,False,False,False,NORMAL,28.8,
788,52.656198,True,0.301,0.008,-9.2,-1.6,False,False,,,True,True,False,False,False,False,False,False,NORMAL,28.8,,False,False,False,False,False,False,NORMAL,28.8,
789,52.723020,True,0.286,0.005,-8.1,0.5,False,False,,,True,True,False,False,False,False,False,False,NORMAL,28.8,,False,False,False,False,False,False,NORMAL,28.8,
790,52.789843,True,0.315,0.006,-7.8,0.7,False,False,,,True,True,False,False,False,False,False,False,NORMAL,28.7,,False,False,False,False,False,False,NORMAL,28.7,
791,52.856666,True,0.287,0.007,-7.1,0.5,False,False,,,True,True,False,False,False,False,False,False,NORMAL,28.7,,False,False,False,False,False,False,NORMAL,28.7,
792,52.923488,True,0.316,0.009,-8.2,2.1,False,False,,,True,True,False,False,False,False,False,False,NORMAL,28.7,,False,False,False,False,False,False,NORMAL,28.7,
793,52.990311,True,0.287,0.01,-8.0,1.6,False,False,,,True,True,False,False,False,False,False,False,NORMAL,28.6,,False,False,False,False,False,False,NORMAL,28.6,
794,53.057133,True,0.291,0.011,-6.4,2.1,False,False,,,True,True,False,False,False,False,False,False,NORMAL,28.6,,False,False,False,False,False,False,NORMAL,28.6,
795,53.123956,True,0.308,0.013,-7.8,2.2,False,False,,,True,True,False,False,False,False,False,False,NORMAL,28.5,,False,False,False,False,False,False,NORMAL,28.5,
796,53.190778,True,0.302,0.013,-8.1,2.2,False,False,,,True,True,False,False,False,False,False,False,NORMAL,28.5,,False,False,False,False,False,False,NORMAL,28.5,
797,53.257601,True,0.264,0.008,-6.8,2.0,False,False,,,True,True,False,False,False,False,False,False,NORMAL,28.5,,False,False,False,False,False,False,NORMAL,28.5,
798,53.324424,True,0.255,0.008,-7.8,2.2,False,False,,,True,True,False,False,False,False,False,False,NORMAL,28.4,,False,False,False,False,False,False,NORMAL,28.4,
799,53.391246,True,0.287,0.009,-8.9,1.7,False,False,,,True,True,False,False,False,False,False,False,NORMAL,28.4,,False,False,False,False,False,False,NORMAL,28.4,
800,53.458069,True,0.337,0.006,-9.8,2.8,False,False,,,True,True,False,False,False,False,False,False,NORMAL,28.3,,False,False,False,False,False,False,NORMAL,28.3,
801,53.524891,True,0.319,0.007,-9.6,2.5,False,False,,,True,True,False,False,False,False,False,False,NORMAL,28.3,,False,False,False,False,False,False,NORMAL,28.3,
802,53.591714,True,0.331,0.008,-9.7,1.1,False,False,,,True,True,False,False,False,False,False,False,NORMAL,28.3,,False,False,False,False,False,False,NORMAL,28.3,
803,53.658537,True,0.335,0.008,-9.0,1.7,False,False,,,True,True,False,False,False,False,False,False,NORMAL,28.2,,False,False,False,False,False,False,NORMAL,28.2,
804,53.725359,True,0.359,0.009,-7.8,1.2,False,False,,,True,True,False,False,False,False,False,False,NORMAL,28.2,,False,False,False,False,False,False,NORMAL,28.2,
805,53.792182,True,0.359,0.009,-7.6,1.2,False,False,,,True,True,False,False,False,False,False,False,NORMAL,28.1,,False,False,False,False,False,False,NORMAL,28.1,
806,53.859004,True,0.366,0.007,-10.8,3.4,False,False,,,True,True,False,False,False,False,False,False,NORMAL,28.1,,False,False,False,False,False,False,NORMAL,28.1,
807,53.925827,True,0.365,0.006,-13.5,5.2,False,False,,,True,True,False,False,False,False,False,False,NORMAL,28.1,,False,False,False,False,False,False,NORMAL,28.1,
808,53.992650,True,0.353,0.007,-12.8,4.9,False,False,,,True,True,False,False,False,False,False,False,NORMAL,28.0,,False,False,False,False,False,False,NORMAL,28.0,
809,54.059472,True,0.375,0.003,-13.7,5.4,False,False,,,True,True,False,False,False,False,False,False,NORMAL,28.0,,False,False,False,False,False,False,NORMAL,28.0,
810,54.126295,True,0.36,0.005,-14.1,5.3,False,False,,,True,True,False,False,False,False,False,False,NORMAL,28.0,,False,False,False,False,False,False,NORMAL,28.0,
811,54.193117,True,0.359,0.003,-14.3,4.8,False,False,,,True,True,False,False,False,False,False,False,NORMAL,27.9,,False,False,False,False,False,False,NORMAL,27.9,
812,54.259940,True,0.35,0.006,-15.5,3.8,False,False,,,True,True,False,False,False,False,False,False,NORMAL,27.9,,False,False,False,False,False,False,NORMAL,27.9,
813,54.326762,True,0.359,0.006,-15.7,3.6,False,False,,,True,True,False,False,False,False,False,False,NORMAL,27.8,,False,False,False,False,False,False,NORMAL,27.8,
814,54.393585,True,0.37,0.006,-15.7,3.7,False,False,,,True,True,False,False,False,False,False,False,NORMAL,27.8,,False,False,False,False,False,False,NORMAL,27.8,
815,54.460408,True,0.358,0.01,-14.5,0.8,False,False,,,True,True,False,False,False,False,False,False,NORMAL,27.8,,False,False,False,False,False,False,NORMAL,27.8,
816,54.527230,True,0.371,0.009,-14.0,-0.8,False,False,,,True,True,False,False,False,False,False,False,NORMAL,27.7,,False,False,False,False,False,False,NORMAL,27.7,
817,54.594053,True,0.369,0.007,-13.5,-1.3,False,False,,,True,True,False,False,False,False,False,False,NORMAL,27.7,,False,False,False,False,False,False,NORMAL,27.7,
818,54.660875,True,0.37,0.008,-13.1,-1.0,False,False,,,True,True,False,False,False,False,False,False,NORMAL,27.7,,False,False,False,False,False,False,NORMAL,27.7,
819,54.727698,True,0.366,0.006,-12.0,-0.0,False,False,,,True,True,False,False,False,False,False,False,NORMAL,27.6,,False,False,False,False,False,False,NORMAL,27.6,
820,54.794521,True,0.366,0.007,-11.0,-0.0,False,False,,,True,True,False,False,False,False,False,False,NORMAL,27.6,,False,False,False,False,False,False,NORMAL,27.6,
821,54.861343,True,0.357,0.007,-10.8,-0.6,False,False,,,True,True,False,False,False,False,False,False,NORMAL,27.5,,False,False,False,False,False,False,NORMAL,27.5,
822,54.928166,True,0.3,0.008,-12.0,-3.1,False,False,,,True,True,False,False,False,False,False,False,NORMAL,27.5,,False,False,False,False,False,False,NORMAL,27.5,
823,54.994988,True,0.282,0.008,-13.1,-1.7,False,False,,,True,True,False,False,False,False,False,False,NORMAL,27.5,,False,False,False,False,False,False,NORMAL,27.5,
824,55.061811,True,0.284,0.004,-11.3,0.2,False,False,,,True,True,False,False,False,False,False,False,NORMAL,27.4,,False,False,False,False,False,False,NORMAL,27.4,
825,55.128633,True,0.302,0.004,-11.0,-0.8,False,False,,,True,True,False,False,False,False,False,False,NORMAL,27.4,,False,False,False,False,False,False,NORMAL,27.4,
826,55.195456,True,0.303,0.003,-10.4,-0.8,False,False,,,True,True,False,False,False,False,False,False,NORMAL,27.4,,False,False,False,False,False,False,NORMAL,27.4,
827,55.262279,True,0.299,0.006,-11.4,-3.2,False,False,,,True,True,False,False,False,False,False,False,NORMAL,27.3,,False,False,False,False,False,False,NORMAL,27.3,
828,55.329101,True,0.316,0.009,-11.0,2.8,False,False,,,True,True,False,False,False,False,False,False,NORMAL,27.3,,False,False,False,False,False,False,NORMAL,27.3,
829,55.395924,True,0.318,0.008,-11.2,1.9,False,False,,,True,True,False,False,False,False,False,False,NORMAL,27.3,,False,False,False,False,False,False,NORMAL,27.3,
830,55.462746,True,0.338,0.009,-12.1,0.3,False,False,,,True,True,False,False,False,False,False,False,NORMAL,27.2,,False,False,False,False,False,False,NORMAL,27.2,
831,55.529569,True,0.339,0.007,-12.1,1.5,False,False,,,True,True,False,False,False,False,False,False,NORMAL,27.2,,False,False,False,False,False,False,NORMAL,27.2,
832,55.596392,True,0.339,0.007,-11.3,1.7,False,False,,,True,True,False,False,False,False,False,False,NORMAL,27.2,,False,False,False,False,False,False,NORMAL,27.2,
833,55.663214,True,0.337,0.007,-11.1,0.4,False,False,,,True,True,False,False,False,False,False,False,NORMAL,27.1,,False,False,False,False,False,False,NORMAL,27.1,
834,55.730037,True,0.332,0.008,-9.9,0.1,False,False,,,True,True,False,False,False,False,False,False,NORMAL,27.1,,False,False,False,False,False,False,NORMAL,27.1,
835,55.796859,True,0.328,0.008,-10.1,-0.2,False,False,,,True,True,False,False,False,False,False,False,NORMAL,27.0,,False,False,False,False,False,False,NORMAL,27.0,
836,55.863682,True,0.343,0.006,-10.2,-2.7,False,False,,,True,True,False,False,False,False,False,False,NORMAL,27.0,,False,False,False,False,False,False,NORMAL,27.0,
837,55.930505,True,0.314,0.01,-10.2,-1.3,False,False,,,True,True,False,False,False,False,False,False,NORMAL,27.0,,False,False,False,False,False,False,NORMAL,27.0,
838,55.997327,True,0.293,0.005,-10.5,-4.1,False,False,,,True,True,False,False,False,False,False,False,NORMAL,26.9,,False,False,False,False,False,False,NORMAL,26.9,
839,56.064150,True,0.29,0.007,-11.0,-4.5,False,False,,,True,True,False,False,False,False,False,False,NORMAL,26.9,,False,False,False,False,False,False,NORMAL,26.9,
840,56.130972,True,0.302,0.007,-11.2,-3.9,False,False,,,True,True,False,False,False,False,False,False,NORMAL,26.9,,False,False,False,False,False,False,NORMAL,26.9,
841,56.197795,True,0.306,0.006,-10.6,-2.3,False,False,,,True,True,False,False,False,False,False,False,NORMAL,26.8,,False,False,False,False,False,False,NORMAL,26.8,
842,56.264617,True,0.278,0.006,-10.3,-1.1,False,False,,,True,True,False,False,False,False,False,False,NORMAL,26.8,,False,False,False,False,False,False,NORMAL,26.8,
843,56.331440,True,0.275,0.004,-9.6,-1.5,False,False,,,True,True,False,False,False,False,False,False,NORMAL,26.8,,False,False,False,False,False,False,NORMAL,26.8,
844,56.398263,True,0.271,0.007,-8.7,-2.0,False,False,,,True,True,False,False,False,False,False,False,NORMAL,26.7,,False,False,False,False,False,False,NORMAL,26.7,
845,56.465085,True,0.269,0.006,-8.3,-1.7,False,False,,,True,True,False,False,False,False,False,False,NORMAL,26.7,,False,False,False,False,False,False,NORMAL,26.7,
846,56.531908,True,0.279,0.005,-9.1,-0.9,False,False,,,True,True,False,False,False,False,False,False,NORMAL,26.7,,False,False,False,False,False,False,NORMAL,26.7,
847,56.598730,True,0.282,0.006,-9.2,-1.2,False,False,,,True,True,False,False,False,False,False,False,NORMAL,26.6,,False,False,False,False,False,False,NORMAL,26.6,
848,56.665553,True,0.286,0.005,-9.2,-0.4,False,False,,,True,True,False,False,False,False,False,False,NORMAL,26.6,,False,False,False,False,False,False,NORMAL,26.6,
849,56.732376,True,0.283,0.005,-7.3,0.6,False,False,,,True,True,False,False,False,False,False,False,NORMAL,26.6,,False,False,False,False,False,False,NORMAL,26.6,
850,56.799198,True,0.283,0.005,-7.2,-0.5,False,False,,,True,True,False,False,False,False,False,False,NORMAL,26.5,,False,False,False,False,False,False,NORMAL,26.5,
851,56.866021,True,0.273,0.009,-7.2,-0.7,False,False,,,True,True,False,False,False,False,False,False,NORMAL,26.5,,False,False,False,False,False,False,NORMAL,26.5,
852,56.932843,True,0.281,0.006,-6.8,0.4,False,False,,,True,True,False,False,False,False,False,False,NORMAL,26.5,,False,False,False,False,False,False,NORMAL,26.5,
853,56.999666,True,0.277,0.006,-7.2,0.2,False,False,,,True,True,False,False,False,False,False,False,NORMAL,26.4,,False,False,False,False,False,False,NORMAL,26.4,
854,57.066488,True,0.283,0.006,-7.1,-0.1,False,False,,,True,True,False,False,False,False,False,False,NORMAL,26.4,,False,False,False,False,False,False,NORMAL,26.4,
855,57.133311,True,0.286,0.005,-6.8,0.6,False,False,,,True,True,False,False,False,False,False,False,NORMAL,26.4,,False,False,False,False,False,False,NORMAL,26.4,
856,57.200134,True,0.289,0.005,-6.5,0.7,False,False,,,True,True,False,False,False,False,False,False,NORMAL,26.3,,False,False,False,False,False,False,NORMAL,26.3,
857,57.266956,True,0.291,0.006,-6.6,0.5,False,False,,,True,True,False,False,False,False,False,False,NORMAL,26.3,,False,False,False,False,False,False,NORMAL,26.3,
858,57.333779,True,0.283,0.006,-6.4,-0.3,False,False,,,True,True,False,False,False,False,False,False,NORMAL,26.3,,False,False,False,False,False,False,NORMAL,26.3,
859,57.400601,True,0.287,0.006,-6.4,0.1,False,False,,,True,True,False,False,False,False,False,False,NORMAL,26.2,,False,False,False,False,False,False,NORMAL,26.2,
860,57.467424,True,0.274,0.005,-7.5,0.6,False,False,,,True,True,False,False,False,False,False,False,NORMAL,26.2,,False,False,False,False,False,False,NORMAL,26.2,
861,57.534247,True,0.268,0.012,-9.0,-2.1,False,False,,,True,True,False,False,False,False,False,False,NORMAL,26.2,,False,False,False,False,False,False,NORMAL,26.2,
862,57.601069,True,0.29,0.008,-7.4,-1.0,False,False,,,True,True,False,False,False,False,False,False,NORMAL,26.1,,False,False,False,False,False,False,NORMAL,26.1,
863,57.667892,True,0.276,0.008,-5.9,-2.4,False,False,,,True,True,False,False,False,False,False,False,NORMAL,26.1,,False,False,False,False,False,False,NORMAL,26.1,
864,57.734714,True,0.287,0.008,-6.8,-1.6,False,False,,,True,True,False,False,False,False,False,False,NORMAL,26.1,,False,False,False,False,False,False,NORMAL,26.1,
865,57.801537,True,0.26,0.007,-6.9,0.2,False,False,,,True,True,False,False,False,False,False,False,NORMAL,26.0,,False,False,False,False,False,False,NORMAL,26.0,
866,57.868360,True,0.27,0.007,-6.5,0.4,False,False,,,True,True,False,False,False,False,False,False,NORMAL,26.0,,False,False,False,False,False,False,NORMAL,26.0,
867,57.935182,True,0.271,0.006,-6.5,0.4,False,False,,,True,True,False,False,False,False,False,False,NORMAL,26.0,,False,False,False,False,False,False,NORMAL,26.0,
868,58.002005,True,0.282,0.008,-7.7,-2.8,False,False,,,True,True,False,False,False,False,False,False,NORMAL,25.9,,False,False,False,False,False,False,NORMAL,25.9,
869,58.068827,True,0.282,0.007,-8.3,-2.1,False,False,,,True,True,False,False,False,False,False,False,NORMAL,25.9,,False,False,False,False,False,False,NORMAL,25.9,
870,58.135650,True,0.281,0.007,-8.2,-2.0,False,False,,,True,True,False,False,False,False,False,False,NORMAL,25.9,,False,False,False,False,False,False,NORMAL,25.9,
871,58.202472,True,0.286,0.006,-8.2,-1.2,False,False,,,True,True,False,False,False,False,False,False,NORMAL,25.8,,False,False,False,False,False,False,NORMAL,25.8,
872,58.269295,True,0.289,0.009,-8.2,-2.1,False,False,,,True,True,False,False,False,False,False,False,NORMAL,25.8,,False,False,False,False,False,False,NORMAL,25.8,
873,58.336118,True,0.277,0.005,-8.4,-2.1,False,False,,,True,True,False,False,False,False,False,False,NORMAL,25.8,,False,False,False,False,False,False,NORMAL,25.8,
874,58.402940,True,0.272,0.005,-8.3,-2.6,False,False,,,True,True,False,False,False,False,False,False,NORMAL,25.7,,False,False,False,False,False,False,NORMAL,25.7,
875,58.469763,True,0.272,0.007,-7.6,-3.4,False,False,,,True,True,False,False,False,False,False,False,NORMAL,25.7,,False,False,False,False,False,False,NORMAL,25.7,
876,58.536585,True,0.275,0.008,-7.4,-2.2,False,False,,,True,True,False,False,False,False,False,False,NORMAL,25.7,,False,False,False,False,False,False,NORMAL,25.7,
877,58.603408,True,0.265,0.008,-7.0,-2.0,False,False,,,True,True,False,False,False,False,False,False,NORMAL,25.6,,False,False,False,False,False,False,NORMAL,25.6,
878,58.670231,True,0.274,0.007,-6.3,-1.5,False,False,,,True,True,False,False,False,False,False,False,NORMAL,25.6,,False,False,False,False,False,False,NORMAL,25.6,
879,58.737053,True,0.278,0.006,-5.5,-2.1,False,False,,,True,True,False,False,False,False,False,False,NORMAL,25.6,,False,False,False,False,False,False,NORMAL,25.6,
880,58.803876,True,0.294,0.007,-5.5,-1.8,False,False,,,True,True,False,False,False,False,False,False,NORMAL,25.6,,False,False,False,False,False,False,NORMAL,25.6,
881,58.870698,True,0.29,0.008,-6.3,-1.6,False,False,,,True,True,False,False,False,False,False,False,NORMAL,25.5,,False,False,False,False,False,False,NORMAL,25.5,
882,58.937521,True,0.265,0.008,-7.9,-4.3,False,False,,,True,True,False,False,False,False,False,False,NORMAL,25.5,,False,False,False,False,False,False,NORMAL,25.5,
883,59.004343,True,0.274,0.007,-7.8,-3.6,False,False,,,True,True,False,False,False,False,False,False,NORMAL,25.5,,False,False,False,False,False,False,NORMAL,25.5,
884,59.071166,True,0.278,0.007,-7.6,-3.3,False,False,,,True,True,False,False,False,False,False,False,NORMAL,25.4,,False,False,False,False,False,False,NORMAL,25.4,
885,59.137989,True,0.269,0.004,-7.2,-3.6,False,False,,,True,True,False,False,False,False,False,False,NORMAL,25.4,,False,False,False,False,False,False,NORMAL,25.4,
886,59.204811,True,0.264,0.006,-6.3,-4.2,False,False,,,True,True,False,False,False,False,False,False,NORMAL,25.4,,False,False,False,False,False,False,NORMAL,25.4,
887,59.271634,True,0.255,0.006,-5.5,-3.1,False,False,,,True,True,False,False,False,False,False,False,NORMAL,25.3,,False,False,False,False,False,False,NORMAL,25.3,
888,59.338456,True,0.25,0.006,-5.9,-2.4,False,False,,,True,True,False,False,False,False,False,False,NORMAL,25.3,,False,False,False,False,False,False,NORMAL,25.3,
889,59.405279,True,0.257,0.008,-7.0,-4.5,False,False,,,True,True,False,False,False,False,False,False,NORMAL,25.3,,False,False,False,False,False,False,NORMAL,25.3,
890,59.472102,True,0.257,0.009,-8.1,-3.7,False,False,,,True,True,False,False,False,False,False,False,NORMAL,25.2,,False,False,False,False,False,False,NORMAL,25.2,
891,59.538924,True,0.247,0.01,-8.2,-4.9,False,False,,,True,True,False,False,False,False,False,False,NORMAL,25.2,,False,False,False,False,False,False,NORMAL,25.2,
892,59.605747,True,0.253,0.01,-8.4,-4.9,False,False,,,True,True,False,False,False,False,False,False,NORMAL,25.2,,False,False,False,False,False,False,NORMAL,25.2,
893,59.672569,True,0.254,0.01,-8.5,-5.1,False,False,,,True,True,False,False,False,False,False,False,NORMAL,25.2,,False,False,False,False,False,False,NORMAL,25.2,
894,59.739392,True,0.26,0.009,-7.9,-3.6,False,False,,,True,True,False,False,False,False,False,False,NORMAL,25.1,,False,False,False,False,False,False,NORMAL,25.1,
895,59.806215,True,0.261,0.009,-7.9,-3.2,False,False,,,True,True,False,False,False,False,False,False,NORMAL,25.1,,False,False,False,False,False,False,NORMAL,25.1,
896,59.873037,True,0.27,0.009,-7.1,-1.5,False,False,,,True,True,False,False,False,False,False,False,NORMAL,25.1,,False,False,False,False,False,False,NORMAL,25.1,
897,59.939860,True,0.265,0.007,-6.6,-0.3,False,False,,,True,True,False,False,False,False,False,False,NORMAL,25.0,,False,False,False,False,False,False,NORMAL,25.0,
898,60.006682,True,0.263,0.006,-6.5,-0.1,False,False,,,True,True,False,False,False,False,False,False,NORMAL,25.0,,False,False,False,False,False,False,NORMAL,25.0,
899,60.073505,True,0.264,0.006,-6.6,-0.8,False,False,,,True,True,False,False,False,False,False,False,NORMAL,25.0,,False,False,False,False,False,False,NORMAL,25.0,
900,60.140327,True,0.28,0.01,-6.8,-2.6,False,False,,,True,True,False,False,False,False,False,False,NORMAL,25.0,,False,False,False,False,False,False,NORMAL,25.0,
901,60.207150,True,0.261,0.01,-6.9,-5.4,False,False,,,True,True,False,False,False,False,False,False,NORMAL,25.0,,False,False,False,False,False,False,NORMAL,25.0,
902,60.273973,True,0.244,0.009,-7.2,-4.0,False,False,,,True,True,False,False,False,False,False,False,NORMAL,25.0,,False,False,False,False,False,False,NORMAL,25.0,
903,60.340795,True,0.251,0.005,-8.4,-1.0,False,False,,,True,True,False,False,False,False,False,False,NORMAL,25.0,,False,False,False,False,False,False,NORMAL,25.0,
904,60.407618,True,0.259,0.009,-8.9,-0.6,False,False,,,True,True,False,False,False,False,False,False,NORMAL,25.0,,False,False,False,False,False,False,NORMAL,25.0,
905,60.474440,True,0.297,0.008,-8.6,5.1,False,False,,,True,True,False,False,False,False,False,False,NORMAL,25.0,,False,False,False,False,False,False,NORMAL,25.0,
906,60.541263,True,0.223,0.07,-7.0,7.4,False,False,,,True,True,False,False,False,False,False,False,NORMAL,25.0,,False,False,False,False,False,False,NORMAL,25.0,
907,60.608086,False,0.0,0.0,0.0,0.0,False,False,,,True,True,False,False,False,False,False,False,NORMAL,25.1,,False,False,False,False,False,False,NORMAL,25.1,
908,60.674908,False,0.0,0.0,0.0,0.0,False,False,,,True,True,False,False,False,False,False,False,NORMAL,25.1,,False,False,False,False,False,False,NORMAL,25.1,
909,60.741731,False,0.0,0.0,0.0,0.0,False,False,,,True,True,False,False,False,False,False,False,NORMAL,25.1,,False,False,False,False,False,False,NORMAL,25.1,
910,60.808553,False,0.0,0.0,0.0,0.0,False,False,,,True,True,False,False,False,False,False,False,NORMAL,25.2,,False,False,False,False,False,False,NORMAL,25.2,
911,60.875376,False,0.0,0.0,0.0,0.0,False,False,,,True,True,False,False,False,False,False,False,NORMAL,25.2,,False,False,False,False,False,False,NORMAL,25.2,
912,60.942198,False,0.0,0.0,0.0,0.0,False,False,,,True,True,False,False,False,False,False,False,NORMAL,25.2,,False,False,False,False,False,False,NORMAL,25.2,
913,61.009021,False,0.0,0.0,0.0,0.0,False,False,,,True,True,False,False,False,False,False,False,NORMAL,25.2,,False,False,False,False,False,False,NORMAL,25.2,
914,61.075844,False,0.0,0.0,0.0,0.0,False,False,,,True,True,False,False,False,False,False,False,NORMAL,25.3,,False,False,False,False,False,False,NORMAL,25.3,
915,61.142666,False,0.0,0.0,0.0,0.0,False,False,,,True,True,False,False,False,False,False,False,NORMAL,25.3,,False,False,False,False,False,False,NORMAL,25.3,
916,61.209489,False,0.0,0.0,0.0,0.0,False,False,,,True,True,False,False,False,False,False,False,NORMAL,25.3,,False,False,False,False,False,False,NORMAL,25.3,
917,61.276311,False,0.0,0.0,0.0,0.0,False,False,,,True,True,False,False,False,False,False,False,NORMAL,25.4,,False,False,False,False,False,False,NORMAL,25.4,
918,61.343134,False,0.0,0.0,0.0,0.0,False,False,,,True,True,False,False,False,False,False,False,NORMAL,25.4,,False,False,False,False,False,False,NORMAL,25.4,
919,61.409957,False,0.0,0.0,0.0,0.0,False,False,,,True,True,False,False,False,False,False,False,NORMAL,25.4,,False,False,False,False,False,False,NORMAL,25.4,
920,61.476779,False,0.0,0.0,0.0,0.0,False,False,,,True,True,False,False,False,False,False,False,NORMAL,25.5,,False,False,False,False,False,False,NORMAL,25.5,
921,61.543602,False,0.0,0.0,0.0,0.0,False,False,,,True,True,False,False,False,False,False,False,NORMAL,25.5,,False,False,False,False,False,False,NORMAL,25.5,
922,61.610424,False,0.0,0.0,0.0,0.0,False,False,,,True,True,False,False,False,False,False,False,NORMAL,25.5,,False,False,False,False,False,False,NORMAL,25.5,
923,61.677247,False,0.0,0.0,0.0,0.0,False,False,,,True,True,False,False,False,False,False,False,NORMAL,25.6,,False,False,False,False,False,False,NORMAL,25.6,
924,61.744069,False,0.0,0.0,0.0,0.0,False,False,,,True,True,False,False,False,False,False,False,NORMAL,25.6,,False,False,False,False,False,False,NORMAL,25.6,
925,61.810892,False,0.0,0.0,0.0,0.0,False,False,,,True,True,False,False,False,False,False,False,NORMAL,25.6,,False,False,False,False,False,False,NORMAL,25.6,
926,61.877715,False,0.0,0.0,0.0,0.0,False,False,,,True,True,False,False,False,False,False,False,NORMAL,25.6,,False,False,False,False,False,False,NORMAL,25.6,
927,61.944537,False,0.0,0.0,0.0,0.0,False,False,,,True,True,False,False,False,False,False,False,NORMAL,25.7,,False,False,False,False,False,False,NORMAL,25.7,
928,62.011360,False,0.0,0.0,0.0,0.0,False,False,,,True,True,False,False,False,False,False,False,NORMAL,25.7,,False,False,False,False,False,False,NORMAL,25.7,
929,62.078182,False,0.0,0.0,0.0,0.0,False,False,,,True,True,False,False,False,False,False,False,NORMAL,25.7,,False,False,False,False,False,False,NORMAL,25.7,
930,62.145005,False,0.0,0.0,0.0,0.0,False,False,,,True,True,False,False,False,False,False,False,NORMAL,25.8,,False,False,False,False,False,False,NORMAL,25.8,
931,62.211828,False,0.0,0.0,0.0,0.0,False,False,,,True,True,False,False,False,False,False,False,NORMAL,25.8,,False,False,False,False,False,False,NORMAL,25.8,
932,62.278650,False,0.0,0.0,0.0,0.0,False,False,,,True,True,False,False,False,False,False,False,NORMAL,25.8,,False,False,False,False,False,False,NORMAL,25.8,
933,62.345473,False,0.0,0.0,0.0,0.0,False,False,,,True,True,False,False,False,False,False,False,NORMAL,25.9,,False,False,False,False,False,False,NORMAL,25.9,
934,62.412295,False,0.0,0.0,0.0,0.0,False,False,,,True,True,False,False,False,False,False,False,NORMAL,25.9,,False,False,False,False,False,False,NORMAL,25.9,
935,62.479118,False,0.0,0.0,0.0,0.0,False,False,,,True,True,False,False,False,False,False,False,NORMAL,25.9,,False,False,False,False,False,False,NORMAL,25.9,
936,62.545941,False,0.0,0.0,0.0,0.0,False,False,,,True,True,False,False,False,False,False,False,NORMAL,26.0,,False,False,False,False,False,False,NORMAL,26.0,
937,62.612763,True,0.231,0.006,-4.0,6.1,False,False,,,True,True,False,False,False,False,False,False,NORMAL,26.0,,False,False,False,False,False,False,NORMAL,26.0,
938,62.679586,True,0.171,0.008,-4.9,5.3,False,False,,,True,True,False,False,False,False,False,False,NORMAL,26.0,,False,False,False,False,False,False,NORMAL,26.0,
939,62.746408,True,0.255,0.007,-5.6,6.4,False,False,,,True,True,False,False,False,False,False,False,NORMAL,26.0,,False,False,False,False,False,False,NORMAL,26.0,
940,62.813231,True,0.292,0.014,-6.7,-0.2,False,False,,,True,True,False,False,False,False,False,False,NORMAL,26.0,,False,False,False,False,False,False,NORMAL,26.0,
941,62.880053,True,0.31,0.014,-5.9,-0.7,False,False,,,True,True,False,False,False,False,False,False,NORMAL,26.0,,False,False,False,False,False,False,NORMAL,26.0,
942,62.946876,True,0.328,0.009,-4.9,5.2,False,False,,,True,True,False,False,False,False,False,False,NORMAL,26.0,,False,False,False,False,False,False,NORMAL,26.0,
943,63.013699,True,0.294,0.009,-5.3,4.9,False,False,,,True,True,False,False,False,False,False,False,NORMAL,26.0,,False,False,False,False,False,False,NORMAL,26.0,
944,63.080521,True,0.272,0.004,-5.1,2.3,False,False,,,True,True,False,False,False,False,False,False,NORMAL,26.0,,False,False,False,False,False,False,NORMAL,26.0,
945,63.147344,True,0.225,0.011,-6.2,-2.0,False,False,,,True,True,False,False,False,False,False,False,NORMAL,26.0,,False,False,False,False,False,False,NORMAL,26.0,
946,63.214166,True,0.255,0.011,-6.9,-4.3,False,False,,,True,True,False,False,False,False,False,False,NORMAL,26.0,,False,False,False,False,False,False,NORMAL,26.0,
947,63.280989,True,0.317,0.008,-6.1,-1.4,False,False,,,True,True,False,False,False,False,False,False,NORMAL,26.0,,False,False,False,False,False,False,NORMAL,26.0,
948,63.347812,True,0.281,0.009,-4.0,-0.7,False,False,,,True,True,False,False,False,False,False,False,NORMAL,26.0,,False,False,False,False,False,False,NORMAL,26.0,
949,63.414634,True,0.3,0.011,-3.6,-1.1,False,False,,,True,True,False,False,False,False,False,False,NORMAL,26.0,,False,False,False,False,False,False,NORMAL,26.0,
950,63.481457,True,0.295,0.01,-3.8,-4.3,False,False,,,True,True,False,False,False,False,False,False,NORMAL,26.0,,False,False,False,False,False,False,NORMAL,26.0,
951,63.548279,True,0.292,0.005,-3.0,-1.6,False,False,,,True,True,False,False,False,False,False,False,NORMAL,26.0,,False,False,False,False,False,False,NORMAL,26.0,
952,63.615102,True,0.294,0.01,-5.1,-12.6,False,False,,,True,True,False,False,False,False,False,False,NORMAL,26.0,,False,False,False,False,False,False,NORMAL,26.0,
953,63.681924,True,0.289,0.011,-5.4,-11.7,False,False,,,True,True,False,False,False,False,False,False,NORMAL,26.0,,False,False,False,False,False,False,NORMAL,26.0,
954,63.748747,True,0.272,0.007,-5.5,-9.8,False,False,,,True,True,False,False,False,False,False,False,NORMAL,26.0,,False,False,False,False,False,False,NORMAL,26.0,
955,63.815570,True,0.283,0.01,-6.3,-10.7,False,False,,,True,True,False,False,False,False,False,False,NORMAL,26.0,,False,False,False,False,False,False,NORMAL,26.0,
956,63.882392,True,0.288,0.01,-5.8,-10.2,False,False,,,True,True,False,False,False,False,False,False,NORMAL,26.0,,False,False,False,False,False,False,NORMAL,26.0,
957,63.949215,True,0.291,0.006,-5.9,-8.8,False,False,,,True,True,False,False,False,False,False,False,NORMAL,26.0,,False,False,False,False,False,False,NORMAL,26.0,
958,64.016037,True,0.305,0.006,-6.4,-7.2,False,False,,,True,True,False,False,False,False,False,False,NORMAL,26.0,,False,False,False,False,False,False,NORMAL,26.0,
959,64.082860,True,0.291,0.005,-6.0,-6.4,False,False,,,True,True,False,False,False,False,False,False,NORMAL,26.0,,False,False,False,False,False,False,NORMAL,26.0,
960,64.149683,True,0.294,0.006,-5.8,-2.9,False,False,,,True,True,False,False,False,False,False,False,NORMAL,26.0,,False,False,False,False,False,False,NORMAL,26.0,
961,64.216505,True,0.298,0.005,-5.9,-1.8,False,False,,,True,True,False,False,False,False,False,False,NORMAL,26.0,,False,False,False,False,False,False,NORMAL,26.0,
962,64.283328,True,0.291,0.005,-6.0,-2.1,False,False,,,True,True,False,False,False,False,False,False,NORMAL,26.0,,False,False,False,False,False,False,NORMAL,26.0,
963,64.350150,True,0.29,0.008,-7.5,-4.3,False,False,,,True,True,False,False,False,False,False,False,NORMAL,26.0,,False,False,False,False,False,False,NORMAL,26.0,
964,64.416973,True,0.299,0.008,-8.3,-4.9,False,False,,,True,True,False,False,False,False,False,False,NORMAL,26.0,,False,False,False,False,False,False,NORMAL,26.0,
965,64.483796,True,0.293,0.008,-8.1,-5.3,False,False,,,True,True,False,False,False,False,False,False,NORMAL,26.0,,False,False,False,False,False,False,NORMAL,26.0,
966,64.550618,True,0.271,0.01,-8.7,-3.6,False,False,,,True,True,False,False,False,False,False,False,NORMAL,26.0,,False,False,False,False,False,False,NORMAL,26.0,
967,64.617441,True,0.239,0.009,-8.6,-4.0,False,False,,,True,True,False,False,False,False,False,False,NORMAL,26.0,,False,False,False,False,False,False,NORMAL,26.0,
968,64.684263,True,0.274,0.007,-7.9,-3.5,False,False,,,True,True,False,False,False,False,False,False,NORMAL,26.0,,False,False,False,False,False,False,NORMAL,26.0,
969,64.751086,True,0.244,0.009,-10.0,-1.4,False,False,,,True,True,False,False,False,False,False,False,NORMAL,26.0,,False,False,False,False,False,False,NORMAL,26.0,
970,64.817908,True,0.271,0.008,-8.3,0.7,False,False,,,True,True,False,False,False,False,False,False,NORMAL,26.0,,False,False,False,False,False,False,NORMAL,26.0,
971,64.884731,True,0.271,0.01,-7.9,1.6,False,False,,,True,True,False,False,False,False,False,False,NORMAL,26.0,,False,False,False,False,False,False,NORMAL,26.0,
972,64.951554,True,0.2,0.007,-8.1,-0.2,False,False,,,True,True,False,False,False,False,False,False,NORMAL,26.0,,False,False,False,False,False,False,NORMAL,26.0,
973,65.018376,True,0.18,0.006,-8.6,-1.8,False,False,,,True,True,False,False,False,False,False,False,NORMAL,26.0,,False,False,False,False,False,False,NORMAL,26.0,
974,65.085199,True,0.145,0.01,-6.6,6.0,False,False,,,True,True,False,False,False,False,False,False,NORMAL,26.2,,False,False,False,False,False,False,NORMAL,26.2,
975,65.152021,True,0.187,0.011,-5.0,6.7,False,False,,,True,True,False,False,False,False,False,False,NORMAL,25.9,,False,False,False,False,False,False,NORMAL,25.9,
976,65.218844,True,0.165,0.013,-7.5,6.9,False,False,,,True,True,False,False,False,False,False,False,NORMAL,26.2,,False,False,False,False,False,False,NORMAL,26.2,
977,65.285667,True,0.17,0.011,-7.2,5.6,False,False,,,True,True,False,False,False,False,False,False,NORMAL,26.2,,False,False,False,False,False,False,NORMAL,26.2,
978,65.352489,False,0.0,0.0,0.0,0.0,False,False,,,True,True,False,False,False,False,False,False,NORMAL,26.2,,False,False,False,False,False,False,NORMAL,26.2,
979,65.419312,True,0.106,0.011,-5.2,11.5,False,False,,,True,True,False,False,False,False,False,False,NORMAL,26.5,,False,False,False,False,False,False,NORMAL,26.5,
980,65.486134,True,0.113,0.006,-8.3,10.5,False,False,,,True,True,False,False,False,False,False,False,NORMAL,26.5,,False,False,False,False,False,False,NORMAL,26.5,
981,65.552957,True,0.138,0.008,-7.6,8.4,False,False,,,True,True,False,False,False,False,False,False,NORMAL,26.5,,False,False,False,False,False,False,NORMAL,26.5,
982,65.619779,True,0.176,0.013,-4.9,12.0,False,False,,,True,True,False,False,False,False,False,False,NORMAL,26.2,,False,False,False,False,False,False,NORMAL,26.2,
983,65.686602,True,0.15,0.012,-3.0,12.0,False,False,,,True,True,False,False,False,False,False,False,NORMAL,26.2,,False,False,False,False,False,False,NORMAL,26.2,
984,65.753425,True,0.146,0.014,-1.7,12.7,False,False,,,True,True,False,False,False,False,False,False,NORMAL,26.2,,False,False,False,False,False,False,NORMAL,26.2,
985,65.820247,True,0.159,0.013,-3.3,8.1,False,False,,,True,True,False,False,False,False,False,False,NORMAL,26.2,,False,False,False,False,False,False,NORMAL,26.2,
986,65.887070,True,0.185,0.011,-4.6,8.0,False,False,,,True,True,False,False,False,False,False,False,NORMAL,26.2,,False,False,False,False,False,False,NORMAL,26.2,
987,65.953892,True,0.143,0.009,-4.4,8.5,False,False,,,True,True,False,False,False,False,False,False,NORMAL,26.2,,False,False,False,False,False,False,NORMAL,26.2,
988,66.020715,True,0.132,0.009,-5.2,7.4,False,False,,,True,True,False,False,False,False,False,False,NORMAL,26.2,,False,False,False,False,False,False,NORMAL,26.2,
989,66.087538,True,0.13,0.009,-5.8,7.8,False,False,,,True,True,False,False,False,False,False,False,NORMAL,26.2,,False,False,False,False,False,False,NORMAL,26.2,
990,66.154360,True,0.174,0.006,-7.0,7.4,False,False,,,True,True,False,False,False,False,False,False,NORMAL,26.0,,False,False,False,False,False,False,NORMAL,26.0,
991,66.221183,True,0.171,0.005,-7.9,6.9,False,False,,,True,True,False,False,False,False,False,False,NORMAL,25.7,,False,False,False,False,False,False,NORMAL,25.7,
992,66.288005,True,0.148,0.005,-7.3,8.1,False,False,,,True,True,False,False,False,False,False,False,NORMAL,25.7,,False,False,False,False,False,False,NORMAL,25.7,
993,66.354828,True,0.153,0.006,-8.5,8.6,False,False,,,True,True,False,False,False,False,False,False,NORMAL,25.7,,False,False,False,False,False,False,NORMAL,25.7,
994,66.421651,True,0.168,0.006,-8.4,7.9,False,False,,,True,True,False,False,False,False,False,False,NORMAL,25.7,,False,False,False,False,False,False,NORMAL,25.7,
995,66.488473,True,0.144,0.007,-8.7,7.7,False,False,,,True,True,False,False,False,False,False,False,NORMAL,25.7,,False,False,False,False,False,False,NORMAL,25.7,
996,66.555296,True,0.144,0.007,-7.7,7.5,False,False,,,True,True,False,False,False,False,False,False,NORMAL,25.7,,False,False,False,False,False,False,NORMAL,25.7,
997,66.622118,True,0.134,0.009,-8.1,8.2,False,False,,,True,True,False,False,False,False,False,False,NORMAL,25.9,,False,False,False,False,False,False,NORMAL,25.9,
998,66.688941,True,0.176,0.009,-7.8,8.4,False,False,,,True,True,False,False,False,False,False,False,NORMAL,25.9,,False,False,False,False,False,False,NORMAL,25.9,
999,66.755763,True,0.179,0.008,-7.8,8.4,False,False,,,True,True,False,False,False,False,False,False,NORMAL,25.7,,False,False,False,False,False,False,NORMAL,25.7,
1000,66.822586,True,0.169,0.007,-7.8,8.2,False,False,,,True,True,False,False,False,False,False,False,NORMAL,25.7,,False,False,False,False,False,False,NORMAL,25.7,
1001,66.889409,True,0.161,0.006,-7.6,6.9,False,False,,,True,True,False,False,False,False,False,False,NORMAL,25.7,,False,False,False,False,False,False,NORMAL,25.7,
1002,66.956231,True,0.137,0.004,-7.8,8.9,False,False,,,True,True,False,False,False,False,False,False,NORMAL,25.7,,False,False,False,False,False,False,NORMAL,25.7,
1003,67.023054,True,0.15,0.006,-7.0,7.1,False,False,,,True,True,False,False,False,False,False,False,NORMAL,25.7,,False,False,False,False,False,False,NORMAL,25.7,
1004,67.089876,True,0.161,0.006,-6.9,6.4,False,False,,,True,True,False,False,False,False,False,False,NORMAL,25.7,,False,False,False,False,False,False,NORMAL,25.7,
1005,67.156699,True,0.166,0.007,-6.4,7.9,False,False,,,True,True,False,False,False,False,False,False,NORMAL,25.9,,False,False,False,False,False,False,NORMAL,25.9,
1006,67.223522,True,0.164,0.006,-6.5,7.7,False,False,,,True,True,False,False,False,False,False,False,NORMAL,25.9,,False,False,False,False,False,False,NORMAL,25.9,
1007,67.290344,True,0.161,0.006,-6.7,6.6,False,False,,,True,True,False,False,False,False,False,False,NORMAL,25.9,,False,False,False,False,False,False,NORMAL,25.9,
1008,67.357167,True,0.178,0.006,-6.4,8.9,False,False,,,True,True,False,False,False,False,False,False,NORMAL,25.7,,False,False,False,False,False,False,NORMAL,25.7,
1009,67.423989,True,0.221,0.013,-4.8,7.8,False,False,,,True,True,False,False,False,False,False,False,NORMAL,25.4,,False,False,False,False,False,False,NORMAL,25.4,
1010,67.490812,True,0.283,0.015,-3.6,6.3,False,False,,,True,True,False,False,False,False,False,False,NORMAL,25.2,,False,False,False,False,False,False,NORMAL,25.2,
1011,67.557634,True,0.221,0.011,-2.3,6.5,False,False,,,True,True,False,False,False,False,False,False,NORMAL,24.9,,False,False,False,False,False,False,NORMAL,24.9,
1012,67.624457,True,0.265,0.019,-2.6,5.6,False,False,,,True,True,False,False,False,False,False,False,NORMAL,24.9,,False,False,False,False,False,False,NORMAL,24.9,
1013,67.691280,True,0.304,0.018,-2.9,2.9,False,False,,,True,True,False,False,False,False,False,False,NORMAL,24.9,,False,False,False,False,False,False,NORMAL,24.9,
1014,67.758102,True,0.268,0.009,-5.9,1.4,False,False,,,True,True,False,False,False,False,False,False,NORMAL,24.9,,False,False,False,False,False,False,NORMAL,24.9,
1015,67.824925,True,0.281,0.011,-7.6,1.5,False,False,,,True,True,False,False,False,False,False,False,NORMAL,24.9,,False,False,False,False,False,False,NORMAL,24.9,
1016,67.891747,True,0.309,0.01,-6.8,1.8,False,False,,,True,True,False,False,False,False,False,False,NORMAL,24.9,,False,False,False,False,False,False,NORMAL,24.9,
1017,67.958570,True,0.296,0.01,-4.5,2.5,False,False,,,True,True,False,False,False,False,False,False,NORMAL,24.9,,False,False,False,False,False,False,NORMAL,24.9,
1018,68.025393,True,0.299,0.01,-4.2,0.4,False,False,,,True,True,False,False,False,False,False,False,NORMAL,24.9,,False,False,False,False,False,False,NORMAL,24.9,
1019,68.092215,True,0.324,0.009,-3.3,0.3,False,False,,,True,True,False,False,False,False,False,False,NORMAL,24.9,,False,False,False,False,False,False,NORMAL,24.9,
1020,68.159038,True,0.3,0.009,-3.8,0.5,False,False,,,True,True,False,False,False,False,False,False,NORMAL,24.9,,False,False,False,False,False,False,NORMAL,24.9,
1021,68.225860,True,0.313,0.005,-3.2,-4.9,False,False,,,True,True,False,False,False,False,False,False,NORMAL,24.9,,False,False,False,False,False,False,NORMAL,24.9,
1022,68.292683,True,0.298,0.005,-3.3,-2.9,False,False,,,True,True,False,False,False,False,False,False,NORMAL,24.9,,False,False,False,False,False,False,NORMAL,24.9,
1023,68.359506,True,0.28,0.007,-3.8,-3.2,False,False,,,True,True,False,False,False,False,False,False,NORMAL,24.9,,False,False,False,False,False,False,NORMAL,24.9,
1024,68.426328,True,0.264,0.011,-1.4,-5.1,False,False,,,True,True,False,False,False,False,False,False,NORMAL,24.9,,False,False,False,False,False,False,NORMAL,24.9,
1025,68.493151,True,0.278,0.009,-1.3,-4.9,False,False,,,True,True,False,False,False,False,False,False,NORMAL,24.9,,False,False,False,False,False,False,NORMAL,24.9,
1026,68.559973,True,0.249,0.009,0.2,-4.9,False,False,,,True,True,False,False,False,False,False,False,NORMAL,24.9,,False,False,False,False,False,False,NORMAL,24.9,
1027,68.626796,True,0.241,0.008,-1.1,-7.1,False,False,,,True,True,False,False,False,False,False,False,NORMAL,24.9,,False,False,False,False,False,False,NORMAL,24.9,
1028,68.693618,True,0.268,0.008,-4.1,-8.2,False,False,,,True,True,False,False,False,False,False,False,NORMAL,24.9,,False,False,False,False,False,False,NORMAL,24.9,
1029,68.760441,True,0.283,0.008,-6.7,-6.6,False,False,,,True,True,False,False,False,False,False,False,NORMAL,24.9,,False,False,False,False,False,False,NORMAL,24.9,
1030,68.827264,True,0.3,0.008,-6.1,-6.2,False,False,,,True,True,False,False,False,False,False,False,NORMAL,24.9,,False,False,False,False,False,False,NORMAL,24.9,
1031,68.894086,True,0.306,0.007,-6.8,-5.1,False,False,,,True,True,False,False,False,False,False,False,NORMAL,24.9,,False,False,False,False,False,False,NORMAL,24.9,
1032,68.960909,True,0.299,0.007,-5.7,-4.6,False,False,,,True,True,False,False,False,False,False,False,NORMAL,24.9,,False,False,False,False,False,False,NORMAL,24.9,
1033,69.027731,True,0.298,0.012,-7.1,-5.3,False,False,,,True,True,False,False,False,False,False,False,NORMAL,24.9,,False,False,False,False,False,False,NORMAL,24.9,
1034,69.094554,True,0.304,0.01,-7.1,-6.9,False,False,,,True,True,False,False,False,False,False,False,NORMAL,24.9,,False,False,False,False,False,False,NORMAL,24.9,
1035,69.161377,True,0.306,0.01,-6.3,-5.4,False,False,,,True,True,False,False,False,False,False,False,NORMAL,24.9,,False,False,False,False,False,False,NORMAL,24.9,
1036,69.228199,True,0.293,0.008,-6.1,-5.5,False,False,,,True,True,False,False,False,False,False,False,NORMAL,24.9,,False,False,False,False,False,False,NORMAL,24.9,
1037,69.295022,True,0.288,0.011,-5.7,-6.4,False,False,,,True,True,False,False,False,False,False,False,NORMAL,24.9,,False,False,False,False,False,False,NORMAL,24.9,
1038,69.361844,True,0.276,0.012,-6.9,-6.9,False,False,,,True,True,False,False,False,False,False,False,NORMAL,24.9,,False,False,False,False,False,False,NORMAL,24.9,
1039,69.428667,True,0.288,0.012,-6.5,-4.4,False,False,,,True,True,False,False,False,False,False,False,NORMAL,24.9,,False,False,False,False,False,False,NORMAL,24.9,
1040,69.495489,True,0.283,0.007,-4.9,-1.3,False,False,,,True,True,False,False,False,False,False,False,NORMAL,24.9,,False,False,False,False,False,False,NORMAL,24.9,
1041,69.562312,True,0.297,0.006,-4.8,-1.2,False,False,,,True,True,False,False,False,False,False,False,NORMAL,24.9,,False,False,False,False,False,False,NORMAL,24.9,
1042,69.629135,True,0.28,0.006,-4.2,-3.4,False,False,,,True,True,False,False,False,False,False,False,NORMAL,24.9,,False,False,False,False,False,False,NORMAL,24.9,
1043,69.695957,True,0.285,0.007,-5.3,-6.1,False,False,,,True,True,False,False,False,False,False,False,NORMAL,24.9,,False,False,False,False,False,False,NORMAL,24.9,
1044,69.762780,True,0.305,0.01,-4.9,-3.7,False,False,,,True,True,False,False,False,False,False,False,NORMAL,24.9,,False,False,False,False,False,False,NORMAL,24.9,
1045,69.829602,True,0.305,0.009,-5.3,-2.5,False,False,,,True,True,False,False,False,False,False,False,NORMAL,24.9,,False,False,False,False,False,False,NORMAL,24.9,
1046,69.896425,True,0.305,0.009,-5.2,-2.3,False,False,,,True,True,False,False,False,False,False,False,NORMAL,24.9,,False,False,False,False,False,False,NORMAL,24.9,
1047,69.963248,True,0.283,0.008,-5.6,-2.9,False,False,,,True,True,False,False,False,False,False,False,NORMAL,24.9,,False,False,False,False,False,False,NORMAL,24.9,
1048,70.030070,True,0.285,0.006,-6.2,-3.6,False,False,,,True,True,False,False,False,False,False,False,NORMAL,24.9,,False,False,False,False,False,False,NORMAL,24.9,
1049,70.096893,True,0.285,0.008,-6.8,-4.0,False,False,,,True,True,False,False,False,False,False,False,NORMAL,24.9,,False,False,False,False,False,False,NORMAL,24.9,
1050,70.163715,True,0.293,0.008,-6.1,-4.4,False,False,,,True,True,False,False,False,False,False,False,NORMAL,24.9,,False,False,False,False,False,False,NORMAL,24.9,
1051,70.230538,True,0.299,0.007,-6.2,-4.2,False,False,,,True,True,False,False,False,False,False,False,NORMAL,24.9,,False,False,False,False,False,False,NORMAL,24.9,
1052,70.297361,True,0.297,0.008,-6.1,-4.2,False,False,,,True,True,False,False,False,False,False,False,NORMAL,24.9,,False,False,False,False,False,False,NORMAL,24.9,
1053,70.364183,True,0.294,0.007,-7.0,-2.7,False,False,,,True,True,False,False,False,False,False,False,NORMAL,24.9,,False,False,False,False,False,False,NORMAL,24.9,
1054,70.431006,True,0.28,0.007,-7.1,-2.8,False,False,,,True,True,False,False,False,False,False,False,NORMAL,24.9,,False,False,False,False,False,False,NORMAL,24.9,
1055,70.497828,True,0.263,0.005,-6.8,-2.8,False,False,,,True,True,False,False,False,False,False,False,NORMAL,24.9,,False,False,False,False,False,False,NORMAL,24.9,
1056,70.564651,True,0.276,0.006,-6.7,-2.6,False,False,,,True,True,False,False,False,False,False,False,NORMAL,24.9,,False,False,False,False,False,False,NORMAL,24.9,
1057,70.631473,True,0.275,0.006,-7.0,-1.7,False,False,,,True,True,False,False,False,False,False,False,NORMAL,24.9,,False,False,False,False,False,False,NORMAL,24.9,
1058,70.698296,True,0.28,0.007,-6.7,-1.9,False,False,,,True,True,False,False,False,False,False,False,NORMAL,24.9,,False,False,False,False,False,False,NORMAL,24.9,
1059,70.765119,True,0.286,0.008,-6.4,-0.6,False,False,,,True,True,False,False,False,False,False,False,NORMAL,24.9,,False,False,False,False,False,False,NORMAL,24.9,
1060,70.831941,True,0.276,0.008,-6.1,-1.4,False,False,,,True,True,False,False,False,False,False,False,NORMAL,24.9,,False,False,False,False,False,False,NORMAL,24.9,
1061,70.898764,True,0.278,0.008,-6.6,-3.2,False,False,,,True,True,False,False,False,False,False,False,NORMAL,24.9,,False,False,False,False,False,False,NORMAL,24.9,
1062,70.965586,True,0.271,0.01,-6.4,-3.4,False,False,,,True,True,False,False,False,False,False,False,NORMAL,24.9,,False,False,False,False,False,False,NORMAL,24.9,
1063,71.032409,True,0.284,0.01,-6.2,-4.2,False,False,,,True,True,False,False,False,False,False,False,NORMAL,24.9,,False,False,False,False,False,False,NORMAL,24.9,
1064,71.099232,True,0.319,0.008,-8.2,-5.0,False,False,,,True,True,False,False,False,False,False,False,NORMAL,24.9,,False,False,False,False,False,False,NORMAL,24.9,
1065,71.166054,True,0.325,0.01,-7.3,-5.3,False,False,,,True,True,False,False,False,False,False,False,NORMAL,24.9,,False,False,False,False,False,False,NORMAL,24.9,
1066,71.232877,True,0.303,0.009,-6.8,-5.3,False,False,,,True,True,False,False,False,False,False,False,NORMAL,24.9,,False,False,False,False,False,False,NORMAL,24.9,
1067,71.299699,True,0.308,0.008,-8.2,-6.3,False,False,,,True,True,False,False,False,False,False,False,NORMAL,24.9,,False,False,False,False,False,False,NORMAL,24.9,
1068,71.366522,True,0.247,0.012,-7.2,-4.5,False,False,,,True,True,False,False,False,False,False,False,NORMAL,24.9,,False,False,False,False,False,False,NORMAL,24.9,
1069,71.433344,False,0.0,0.0,0.0,0.0,False,False,,,True,True,False,False,False,False,False,False,NORMAL,24.9,,False,False,False,False,False,False,NORMAL,24.9,
1070,71.500167,True,0.245,0.017,-4.5,-6.3,False,False,,,True,True,False,False,False,False,False,False,NORMAL,24.9,,False,False,False,False,False,False,NORMAL,24.9,
1071,71.566990,True,0.262,0.008,-7.1,-10.0,False,False,,,True,True,False,False,False,False,False,False,NORMAL,24.9,,False,False,False,False,False,False,NORMAL,24.9,
1072,71.633812,True,0.305,0.009,-7.0,-10.7,False,False,,,True,True,False,False,False,False,False,False,NORMAL,24.9,,False,False,False,False,False,False,NORMAL,24.9,
1073,71.700635,True,0.29,0.007,-7.8,-10.8,False,False,,,True,True,False,False,False,False,False,False,NORMAL,24.9,,False,False,False,False,False,False,NORMAL,24.9,
1074,71.767457,True,0.303,0.008,-7.4,-9.0,False,False,,,True,True,False,False,False,False,False,False,NORMAL,24.9,,False,False,False,False,False,False,NORMAL,24.9,
1075,71.834280,True,0.335,0.007,-10.4,-7.2,False,False,,,True,True,False,False,False,False,False,False,NORMAL,24.9,,False,False,False,False,False,False,NORMAL,24.9,
1076,71.901103,True,0.333,0.008,-9.7,-7.4,False,False,,,True,True,False,False,False,False,False,False,NORMAL,24.9,,False,False,False,False,False,False,NORMAL,24.9,
1077,71.967925,True,0.33,0.005,-10.5,-7.7,False,False,,,True,True,False,False,False,False,False,False,NORMAL,24.9,,False,False,False,False,False,False,NORMAL,24.9,
1078,72.034748,True,0.345,0.006,-8.7,-3.7,False,False,,,True,True,False,False,False,False,False,False,NORMAL,24.9,,False,False,False,False,False,False,NORMAL,24.9,
1079,72.101570,True,0.335,0.007,-6.6,-2.8,False,False,,,True,True,False,False,False,False,False,False,NORMAL,24.9,,False,False,False,False,False,False,NORMAL,24.9,
1080,72.168393,True,0.365,0.01,-7.8,-6.8,False,False,,,True,True,False,False,False,False,False,False,NORMAL,24.9,,False,False,False,False,False,False,NORMAL,24.9,
1081,72.235216,True,0.353,0.01,-6.7,-3.7,False,False,,,True,True,False,False,False,False,False,False,NORMAL,24.9,,False,False,False,False,False,False,NORMAL,24.9,
1082,72.302038,True,0.341,0.014,-10.0,-5.6,False,False,,,True,True,False,False,False,False,False,False,NORMAL,24.9,,False,False,False,False,False,False,NORMAL,24.9,
1083,72.368861,True,0.341,0.018,-8.4,-2.0,False,False,,,True,True,False,False,False,False,False,False,NORMAL,24.9,,False,False,False,False,False,False,NORMAL,24.9,
1084,72.435683,True,0.325,0.009,-7.5,-4.0,False,False,,,True,True,False,False,False,False,False,False,NORMAL,24.7,,False,False,False,False,False,False,NORMAL,24.7,
1085,72.502506,True,0.334,0.007,-6.3,-7.7,False,False,,,True,True,False,False,False,False,False,False,NORMAL,24.4,,False,False,False,False,False,False,NORMAL,24.4,
1086,72.569328,True,0.32,0.01,-5.5,-12.1,True,True,,,True,True,False,False,False,False,False,False,NORMAL,24.2,,False,False,False,False,False,False,NORMAL,24.2,
1087,72.636151,True,0.316,0.008,-4.5,-12.4,True,True,,,True,True,False,False,False,False,False,False,NORMAL,23.9,,False,False,False,False,False,False,NORMAL,23.9,
1088,72.702974,False,0.0,0.0,0.0,0.0,False,False,,,True,True,False,False,False,False,False,False,NORMAL,23.7,,False,False,False,False,False,False,NORMAL,23.7,
1089,72.769796,True,0.209,0.014,-2.8,-20.1,False,False,,,True,True,False,False,False,False,False,False,NORMAL,23.4,,False,False,False,False,False,False,NORMAL,23.4,
1090,72.836619,True,0.214,0.01,-5.7,-16.7,False,False,,,True,True,False,False,False,False,False,False,NORMAL,23.2,,False,False,False,False,False,False,NORMAL,23.2,
1091,72.903441,True,0.197,0.011,-5.0,-16.2,False,False,,,True,True,False,False,False,False,False,False,NORMAL,23.2,,False,False,False,False,False,False,NORMAL,23.2,
1092,72.970264,True,0.188,0.007,-5.0,-16.6,False,False,,,True,True,False,False,False,False,False,False,NORMAL,23.2,,False,False,False,False,False,False,NORMAL,23.2,
1093,73.037087,True,0.193,0.008,-2.3,-14.7,False,False,,,True,True,False,False,False,False,False,False,NORMAL,22.9,,False,False,False,False,False,False,NORMAL,22.9,
1094,73.103909,True,0.213,0.009,-0.0,-16.4,False,False,,,True,True,False,False,False,False,False,False,NORMAL,22.9,,False,False,False,False,False,False,NORMAL,22.9,
1095,73.170732,False,0.0,0.0,0.0,0.0,False,False,,,True,True,False,False,False,False,False,False,NORMAL,23.0,,False,False,False,False,False,False,NORMAL,23.0,
1096,73.237554,True,0.201,0.009,-0.6,-21.3,False,False,,,True,True,False,False,False,False,False,False,NORMAL,23.0,,False,False,False,False,False,False,NORMAL,23.0,
1097,73.304377,True,0.183,0.007,-1.5,-16.0,False,False,,,True,True,False,False,False,False,False,False,NORMAL,23.0,,False,False,False,False,False,False,NORMAL,23.0,
1098,73.371199,True,0.16,0.006,-2.3,-18.1,False,False,,,True,True,False,False,False,False,False,False,NORMAL,23.0,,False,False,False,False,False,False,NORMAL,23.0,
1099,73.438022,False,0.0,0.0,0.0,0.0,False,False,,,True,True,False,False,False,False,False,False,NORMAL,23.0,,False,False,False,False,False,False,NORMAL,23.0,
1100,73.504845,False,0.0,0.0,0.0,0.0,False,False,,,True,True,False,False,False,False,False,False,NORMAL,22.8,,False,False,False,False,False,False,NORMAL,22.8,
1101,73.571667,False,0.0,0.0,0.0,0.0,False,False,,,True,True,False,False,False,False,False,False,NORMAL,22.6,,False,False,False,False,False,False,NORMAL,22.6,
1102,73.638490,False,0.0,0.0,0.0,0.0,True,True,,,True,True,False,False,False,False,False,False,NORMAL,22.3,,False,False,False,False,False,False,NORMAL,22.3,
1103,73.705312,False,0.0,0.0,0.0,0.0,False,False,,,True,True,False,False,False,False,False,False,NORMAL,22.1,,False,False,False,False,False,False,NORMAL,22.1,
1104,73.772135,False,0.0,0.0,0.0,0.0,False,False,,,True,True,False,False,False,False,False,False,NORMAL,21.9,,False,False,False,False,False,False,NORMAL,21.9,
1105,73.838958,False,0.0,0.0,0.0,0.0,False,False,,,True,True,False,False,False,False,False,False,NORMAL,21.7,,False,False,False,False,False,False,NORMAL,21.7,
1106,73.905780,False,0.0,0.0,0.0,0.0,False,False,,,True,True,False,False,False,False,False,False,NORMAL,21.4,,False,False,False,False,False,False,NORMAL,21.4,
1107,73.972603,False,0.0,0.0,0.0,0.0,False,False,,,True,True,False,False,False,False,False,False,NORMAL,21.2,,False,False,False,False,False,False,NORMAL,21.2,
1108,74.039425,False,0.0,0.0,0.0,0.0,False,False,,,True,True,False,False,False,False,False,False,NORMAL,21.0,,False,False,False,False,False,False,NORMAL,21.0,
1109,74.106248,False,0.0,0.0,0.0,0.0,False,False,,,True,True,False,False,False,False,False,False,NORMAL,20.8,,False,False,False,False,False,False,NORMAL,20.8,
1110,74.173070,False,0.0,0.0,0.0,0.0,False,False,,,True,True,False,False,False,False,False,False,NORMAL,20.8,,False,False,False,False,False,False,NORMAL,20.8,
1111,74.239893,False,0.0,0.0,0.0,0.0,True,True,,,True,True,False,False,False,False,False,False,NORMAL,20.8,,False,False,False,False,False,False,NORMAL,20.8,
1112,74.306716,False,0.0,0.0,0.0,0.0,True,True,,,True,True,False,False,False,False,False,False,NORMAL,20.8,,False,False,False,False,False,False,NORMAL,20.8,
1113,74.373538,False,0.0,0.0,0.0,0.0,False,False,,,True,True,False,False,False,False,False,False,NORMAL,20.9,,False,False,False,False,False,False,NORMAL,20.9,
1114,74.440361,True,0.235,0.005,-5.2,-17.9,False,False,,,True,True,False,False,False,False,False,False,NORMAL,20.9,,False,False,False,False,False,False,NORMAL,20.9,
1115,74.507183,True,0.242,0.013,-8.1,-16.4,False,False,,,True,True,False,False,False,False,False,False,NORMAL,20.6,,False,False,False,False,False,False,NORMAL,20.6,
1116,74.574006,True,0.261,0.012,-11.6,-11.7,False,False,,,True,True,False,False,False,False,False,False,NORMAL,20.4,,False,False,False,False,False,False,NORMAL,20.4,
1117,74.640829,False,0.0,0.0,0.0,0.0,False,False,,,True,True,False,False,False,False,False,False,NORMAL,20.1,,False,False,False,False,False,False,NORMAL,20.1,
1118,74.707651,True,0.182,0.011,-5.9,-2.9,False,False,,,True,True,False,False,False,False,False,False,NORMAL,19.9,,False,False,False,False,False,False,NORMAL,19.9,
1119,74.774474,True,0.27,0.017,-9.1,-6.6,False,False,,,True,True,False,False,False,False,False,False,NORMAL,19.9,,False,False,False,False,False,False,NORMAL,19.9,
1120,74.841296,True,0.289,0.018,-9.1,-5.3,False,False,,,True,True,False,False,False,False,False,False,NORMAL,19.9,,False,False,False,False,False,False,NORMAL,19.9,
1121,74.908119,True,0.321,0.012,-10.2,-4.4,False,False,,,True,True,False,False,False,False,False,False,NORMAL,19.6,,False,False,False,False,False,False,NORMAL,19.6,
1122,74.974942,True,0.328,0.016,-9.6,-4.6,False,False,,,True,True,False,False,False,False,False,False,NORMAL,19.6,,False,False,False,False,False,False,NORMAL,19.6,
1123,75.041764,True,0.298,0.013,-10.3,-2.4,False,False,,,True,True,False,False,False,False,False,False,NORMAL,19.4,,False,False,False,False,False,False,NORMAL,19.4,
1124,75.108587,True,0.296,0.011,-10.0,-2.6,False,False,,,True,True,False,False,False,False,False,False,NORMAL,19.1,,False,False,False,False,False,False,NORMAL,19.1,
1125,75.175409,True,0.336,0.015,-9.7,-2.5,False,False,,,True,True,False,False,False,False,False,False,NORMAL,18.9,,False,False,False,False,False,False,NORMAL,18.9,
1126,75.242232,True,0.302,0.012,-6.8,-1.3,False,False,,,True,True,False,False,False,False,False,False,NORMAL,18.6,,False,False,False,False,False,False,NORMAL,18.6,
1127,75.309054,True,0.294,0.012,-6.8,-1.3,False,False,,,True,True,False,False,False,False,False,False,NORMAL,18.3,,False,False,False,False,False,False,NORMAL,18.3,
1128,75.375877,True,0.269,0.007,-3.5,2.5,False,False,,,True,True,False,False,False,False,False,False,NORMAL,18.1,,False,False,False,False,False,False,NORMAL,18.1,
1129,75.442700,True,0.28,0.011,-4.7,1.4,False,False,,,True,True,False,False,False,False,False,False,NORMAL,18.1,,False,False,False,False,False,False,NORMAL,18.1,
1130,75.509522,True,0.305,0.009,-5.7,-1.3,False,False,,,True,True,False,False,False,False,False,False,NORMAL,18.0,,False,False,False,False,False,False,NORMAL,18.0,
1131,75.576345,True,0.297,0.009,-5.6,-1.6,False,False,,,True,True,False,False,False,False,False,False,NORMAL,17.8,,False,False,False,False,False,False,NORMAL,17.8,
1132,75.643167,True,0.284,0.01,-3.8,-2.5,False,False,,,True,True,False,False,False,False,False,False,NORMAL,17.8,,False,False,False,False,False,False,NORMAL,17.8,
1133,75.709990,True,0.268,0.012,-3.5,-2.3,False,False,,,True,True,False,False,False,False,False,False,NORMAL,17.8,,False,False,False,False,False,False,NORMAL,17.8,
1134,75.776813,True,0.24,0.008,-1.4,-0.5,False,False,,,True,True,False,False,False,False,False,False,NORMAL,17.8,,False,False,False,False,False,False,NORMAL,17.8,
1135,75.843635,True,0.219,0.007,-1.7,1.6,False,False,,,True,True,False,False,False,False,False,False,NORMAL,17.8,,False,False,False,False,False,False,NORMAL,17.8,
1136,75.910458,True,0.238,0.007,-1.9,1.3,False,False,,,True,True,False,False,False,False,False,False,NORMAL,17.8,,False,False,False,False,False,False,NORMAL,17.8,
1137,75.977280,True,0.256,0.006,-4.7,0.4,False,False,,,True,True,False,False,False,False,False,False,NORMAL,17.8,,False,False,False,False,False,False,NORMAL,17.8,
1138,76.044103,True,0.264,0.006,-4.6,-2.4,False,False,,,True,True,False,False,False,False,False,False,NORMAL,17.8,,False,False,False,False,False,False,NORMAL,17.8,
1139,76.110925,True,0.27,0.006,-5.0,-4.2,False,False,,,True,True,False,False,False,False,False,False,NORMAL,17.8,,False,False,False,False,False,False,NORMAL,17.8,
1140,76.177748,True,0.265,0.008,-2.0,-3.6,False,False,,,True,True,False,False,False,False,False,False,NORMAL,17.8,,False,False,False,False,False,False,NORMAL,17.8,
1141,76.244571,True,0.276,0.009,-2.7,-3.3,False,False,,,True,True,False,False,False,False,False,False,NORMAL,17.8,,False,False,False,False,False,False,NORMAL,17.8,
1142,76.311393,True,0.278,0.01,-3.6,-4.8,False,False,,,True,True,False,False,False,False,False,False,NORMAL,17.8,,False,False,False,False,False,False,NORMAL,17.8,
1143,76.378216,True,0.271,0.01,-4.4,-2.4,False,False,,,True,True,False,False,False,False,False,False,NORMAL,17.8,,False,False,False,False,False,False,NORMAL,17.8,
1144,76.445038,True,0.287,0.007,-3.9,-1.4,False,False,,,True,True,False,False,False,False,False,False,NORMAL,17.8,,False,False,False,False,False,False,NORMAL,17.8,
1145,76.511861,True,0.293,0.005,-6.0,-0.5,False,False,,,True,True,False,False,False,False,False,False,NORMAL,17.8,,False,False,False,False,False,False,NORMAL,17.8,
1146,76.578684,True,0.282,0.004,-6.3,-0.9,False,False,,,True,True,False,False,False,False,False,False,NORMAL,17.8,,False,False,False,False,False,False,NORMAL,17.8,
1147,76.645506,True,0.294,0.004,-7.3,-0.4,False,False,,,True,True,False,False,False,False,False,False,NORMAL,17.8,,False,False,False,False,False,False,NORMAL,17.8,
1148,76.712329,True,0.283,0.005,-7.5,-1.1,False,False,,,True,True,False,False,False,False,False,False,NORMAL,17.8,,False,False,False,False,False,False,NORMAL,17.8,
1149,76.779151,True,0.295,0.01,-7.6,-5.5,False,False,,,True,True,False,False,False,False,False,False,NORMAL,17.8,,False,False,False,False,False,False,NORMAL,17.8,
1150,76.845974,True,0.304,0.008,-8.5,-3.5,False,False,,,True,True,False,False,False,False,False,False,NORMAL,17.8,,False,False,False,False,False,False,NORMAL,17.8,
1151,76.912797,True,0.305,0.009,-8.7,-4.6,False,False,,,True,True,False,False,False,False,False,False,NORMAL,17.8,,False,False,False,False,False,False,NORMAL,17.8,
1152,76.979619,True,0.327,0.01,-8.3,-6.1,False,False,,,True,True,False,False,False,False,False,False,NORMAL,17.8,,False,False,False,False,False,False,NORMAL,17.8,
1153,77.046442,True,0.334,0.01,-8.0,-5.5,False,False,,,True,True,False,False,False,False,False,False,NORMAL,17.8,,False,False,False,False,False,False,NORMAL,17.8,
1154,77.113264,True,0.343,0.011,-7.8,-5.6,False,False,,,True,True,False,False,False,False,False,False,NORMAL,17.8,,False,False,False,False,False,False,NORMAL,17.8,
1155,77.180087,True,0.345,0.011,-7.3,-4.5,False,False,,,True,True,False,False,False,False,False,False,NORMAL,17.8,,False,False,False,False,False,False,NORMAL,17.8,
1156,77.246909,True,0.309,0.008,-5.6,-7.7,False,False,,,True,True,False,False,False,False,False,False,NORMAL,17.8,,False,False,False,False,False,False,NORMAL,17.8,
1157,77.313732,True,0.29,0.007,-6.1,-8.5,False,False,,,True,True,False,False,False,False,False,False,NORMAL,17.8,,False,False,False,False,False,False,NORMAL,17.8,
1158,77.380555,True,0.273,0.008,-5.2,-7.9,False,False,,,True,True,False,False,False,False,False,False,NORMAL,17.8,,False,False,False,False,False,False,NORMAL,17.8,
1159,77.447377,True,0.272,0.009,-4.4,-8.9,False,False,,,True,True,False,False,False,False,False,False,NORMAL,17.8,,False,False,False,False,False,False,NORMAL,17.8,
1160,77.514200,True,0.268,0.008,-5.0,-8.8,False,False,,,True,True,False,False,False,False,False,False,NORMAL,17.8,,False,False,False,False,False,False,NORMAL,17.8,
1161,77.581022,True,0.267,0.008,-5.0,-8.5,False,False,,,True,True,False,False,False,False,False,False,NORMAL,17.8,,False,False,False,False,False,False,NORMAL,17.8,
1162,77.647845,True,0.276,0.007,-5.0,-8.6,False,False,,,True,True,False,False,False,False,False,False,NORMAL,17.8,,False,False,False,False,False,False,NORMAL,17.8,
1163,77.714668,True,0.276,0.008,-4.7,-9.0,False,False,,,True,True,False,False,False,False,False,False,NORMAL,17.8,,False,False,False,False,False,False,NORMAL,17.8,
1164,77.781490,True,0.264,0.009,-5.0,-10.1,False,False,,,True,True,False,False,False,False,False,False,NORMAL,17.8,,False,False,False,False,False,False,NORMAL,17.8,
1165,77.848313,True,0.265,0.008,-4.3,-8.7,False,False,,,True,True,False,False,False,False,False,False,NORMAL,17.8,,False,False,False,False,False,False,NORMAL,17.8,
1166,77.915135,True,0.248,0.008,-3.1,-9.1,False,False,,,True,True,False,False,False,False,False,False,NORMAL,17.8,,False,False,False,False,False,False,NORMAL,17.8,
1167,77.981958,True,0.244,0.009,-2.6,-6.8,False,False,,,True,True,False,False,False,False,False,False,NORMAL,17.8,,False,False,False,False,False,False,NORMAL,17.8,
1168,78.048780,True,0.252,0.009,-2.9,-8.1,False,False,,,True,True,False,False,False,False,False,False,NORMAL,17.8,,False,False,False,False,False,False,NORMAL,17.8,
1169,78.115603,True,0.26,0.008,-4.6,-10.6,False,False,,,True,True,False,False,False,False,False,False,NORMAL,17.8,,False,False,False,False,False,False,NORMAL,17.8,
1170,78.182426,True,0.279,0.008,-4.9,-11.5,False,False,,,True,True,False,False,False,False,False,False,NORMAL,17.8,,False,False,False,False,False,False,NORMAL,17.8,
1171,78.249248,True,0.299,0.009,-6.3,-7.9,False,False,,,True,True,False,False,False,False,False,False,NORMAL,17.8,,False,False,False,False,False,False,NORMAL,17.8,
1172,78.316071,True,0.309,0.01,-7.8,-7.5,False,False,,,True,True,False,False,False,False,False,False,NORMAL,17.8,,False,False,False,False,False,False,NORMAL,17.8,
1173,78.382893,True,0.304,0.011,-7.7,-5.4,False,False,,,True,True,False,False,False,False,False,False,NORMAL,17.8,,False,False,False,False,False,False,NORMAL,17.8,
1174,78.449716,True,0.327,0.01,-7.0,-6.2,False,False,,,True,True,False,False,False,False,False,False,NORMAL,17.8,,False,False,False,False,False,False,NORMAL,17.8,
1175,78.516539,True,0.337,0.012,-7.0,-6.4,False,False,,,True,True,False,False,False,False,False,False,NORMAL,17.8,,False,False,False,False,False,False,NORMAL,17.8,
1176,78.583361,True,0.319,0.008,-5.3,-6.9,False,False,,,True,True,False,False,False,False,False,False,NORMAL,17.8,,False,False,False,False,False,False,NORMAL,17.8,
1177,78.650184,True,0.313,0.01,-5.4,-5.9,False,False,,,True,True,False,False,False,False,False,False,NORMAL,17.8,,False,False,False,False,False,False,NORMAL,17.8,
1178,78.717006,True,0.309,0.009,-5.6,-3.8,False,False,,,True,True,False,False,False,False,False,False,NORMAL,17.8,,False,False,False,False,False,False,NORMAL,17.8,
1179,78.783829,True,0.32,0.008,-6.2,-5.2,False,False,,,True,True,False,False,False,False,False,False,NORMAL,17.8,,False,False,False,False,False,False,NORMAL,17.8,
1180,78.850652,True,0.33,0.011,-6.2,-5.5,False,False,,,True,True,False,False,False,False,False,False,NORMAL,17.8,,False,False,False,False,False,False,NORMAL,17.8,
1181,78.917474,True,0.328,0.007,-4.1,-7.4,False,False,,,True,True,False,False,False,False,False,False,NORMAL,17.8,,False,False,False,False,False,False,NORMAL,17.8,
1182,78.984297,True,0.295,0.006,-4.3,-7.1,False,False,,,True,True,False,False,False,False,False,False,NORMAL,17.8,,False,False,False,False,False,False,NORMAL,17.8,
1183,79.051119,True,0.286,0.006,-4.6,-6.8,False,False,,,True,True,False,False,False,False,False,False,NORMAL,17.8,,False,False,False,False,False,False,NORMAL,17.8,
1184,79.117942,True,0.299,0.005,-3.6,-7.5,False,False,,,True,True,False,False,False,False,False,False,NORMAL,17.8,,False,False,False,False,False,False,NORMAL,17.8,
1185,79.184764,True,0.309,0.009,-7.0,-6.0,False,False,,,True,True,False,False,False,False,False,False,NORMAL,17.8,,False,False,False,False,False,False,NORMAL,17.8,
1186,79.251587,True,0.295,0.011,-6.7,-5.9,False,False,,,True,True,False,False,False,False,False,False,NORMAL,17.8,,False,False,False,False,False,False,NORMAL,17.8,
1187,79.318410,True,0.291,0.007,-5.6,-6.6,False,False,,,True,True,False,False,False,False,False,False,NORMAL,17.8,,False,False,False,False,False,False,NORMAL,17.8,
1188,79.385232,True,0.266,0.009,-6.0,-7.6,False,False,,,True,True,False,False,False,False,False,False,NORMAL,17.8,,False,False,False,False,False,False,NORMAL,17.8,
1189,79.452055,True,0.269,0.012,-5.4,-6.9,False,False,,,True,True,False,False,False,False,False,False,NORMAL,17.8,,False,False,False,False,False,False,NORMAL,17.8,
1190,79.518877,True,0.239,0.017,-5.4,-7.2,False,False,,,True,True,False,False,False,False,False,False,NORMAL,17.8,,False,False,False,False,False,False,NORMAL,17.8,
1191,79.585700,True,0.25,0.016,-5.1,-5.2,False,False,,,True,True,False,False,False,False,False,False,NORMAL,17.8,,False,False,False,False,False,False,NORMAL,17.8,
1192,79.652523,True,0.249,0.016,-5.3,-5.4,False,False,,,True,True,False,False,False,False,False,False,NORMAL,17.8,,False,False,False,False,False,False,NORMAL,17.8,
1193,79.719345,True,0.239,0.014,-4.9,-5.7,False,False,,,True,True,False,False,False,False,False,False,NORMAL,17.8,,False,False,False,False,False,False,NORMAL,17.8,
1194,79.786168,True,0.223,0.019,-3.2,-6.6,False,False,,,True,True,False,False,False,False,False,False,NORMAL,17.8,,False,False,False,False,False,False,NORMAL,17.8,
1195,79.852990,True,0.215,0.029,-3.5,-6.5,False,False,,,True,True,False,False,False,False,False,False,NORMAL,17.8,,False,False,False,False,False,False,NORMAL,17.8,
1196,79.919813,True,0.23,0.025,-3.8,-6.1,False,False,,,True,True,False,False,False,False,False,False,NORMAL,17.8,,False,False,False,False,False,False,NORMAL,17.8,
1197,79.986635,True,0.283,0.008,-4.4,-10.1,False,False,,,True,True,False,False,False,False,False,False,NORMAL,17.8,,False,False,False,False,False,False,NORMAL,17.8,
1198,80.053458,True,0.281,0.004,-4.6,-13.3,False,False,,,True,True,False,False,False,False,False,False,NORMAL,17.8,,False,False,False,False,False,False,NORMAL,17.8,
1199,80.120281,True,0.269,0.007,-5.2,-12.9,False,False,,,True,True,False,False,False,False,False,False,NORMAL,17.8,,False,False,False,False,False,False,NORMAL,17.8,
1200,80.187103,True,0.277,0.006,-2.9,-12.0,False,False,,,True,True,False,False,False,False,False,False,NORMAL,17.8,,False,False,False,False,False,False,NORMAL,17.8,
1201,80.253926,True,0.264,0.004,-2.7,-9.3,False,False,,,True,True,False,False,False,False,False,False,NORMAL,17.8,,False,False,False,False,False,False,NORMAL,17.8,
1202,80.320748,True,0.265,0.009,-2.2,-6.2,False,False,,,True,True,False,False,False,False,False,False,NORMAL,17.8,,False,False,False,False,False,False,NORMAL,17.8,
1203,80.387571,True,0.29,0.009,-2.5,-7.6,False,False,,,True,True,False,False,False,False,False,False,NORMAL,17.8,,False,False,False,False,False,False,NORMAL,17.8,
1204,80.454394,True,0.284,0.004,-3.3,-9.2,False,False,,,True,True,False,False,False,False,False,False,NORMAL,17.8,,False,False,False,False,False,False,NORMAL,17.8,
1205,80.521216,True,0.348,0.012,-3.0,-4.3,False,False,,,True,True,False,False,False,False,False,False,NORMAL,17.8,,False,False,False,False,False,False,NORMAL,17.8,
1206,80.588039,True,0.342,0.011,-2.9,-4.7,False,False,,,True,True,False,False,False,False,False,False,NORMAL,17.8,,False,False,False,False,False,False,NORMAL,17.8,
1207,80.654861,True,0.326,0.007,-3.3,-5.4,False,False,,,True,True,False,False,False,False,False,False,NORMAL,17.8,,False,False,False,False,False,False,NORMAL,17.8,
1208,80.721684,True,0.323,0.007,-4.1,-5.4,False,False,,,True,True,False,False,False,False,False,False,NORMAL,17.8,,False,False,False,False,False,False,NORMAL,17.8,
1209,80.788507,True,0.333,0.004,-3.0,-7.1,False,False,,,True,True,False,False,False,False,False,False,NORMAL,17.8,,False,False,False,False,False,False,NORMAL,17.8,
1210,80.855329,True,0.351,0.005,-2.4,-12.2,False,False,,,True,True,False,False,False,False,False,False,NORMAL,17.8,,False,False,False,False,False,False,NORMAL,17.8,
1211,80.922152,True,0.365,0.005,-2.1,-11.7,False,False,,,True,True,False,False,False,False,False,False,NORMAL,17.8,,False,False,False,False,False,False,NORMAL,17.8,
1212,80.988974,True,0.377,0.005,-1.3,-11.3,False,False,,,True,True,False,False,False,False,False,False,NORMAL,17.8,,False,False,False,False,False,False,NORMAL,17.8,
1213,81.055797,True,0.345,0.004,-1.2,-10.7,False,False,,,True,True,False,False,False,False,False,False,NORMAL,17.7,,False,False,False,False,False,False,NORMAL,17.7,
1214,81.122619,True,0.325,0.005,0.8,-13.3,False,False,,,True,True,False,False,False,False,False,False,NORMAL,17.7,,False,False,False,False,False,False,NORMAL,17.7,
1215,81.189442,True,0.329,0.014,0.0,-12.2,False,False,,,True,True,False,False,False,False,False,False,NORMAL,17.7,,False,False,False,False,False,False,NORMAL,17.7,
1216,81.256265,True,0.313,0.014,0.2,-11.1,False,False,,,True,True,False,False,False,False,False,False,NORMAL,17.7,,False,False,False,False,False,False,NORMAL,17.7,
1217,81.323087,True,0.315,0.011,0.2,-12.5,False,False,,,True,True,False,False,False,False,False,False,NORMAL,17.7,,False,False,False,False,False,False,NORMAL,17.7,
1218,81.389910,True,0.316,0.017,-0.9,-15.1,False,False,,,True,True,False,False,False,False,False,False,NORMAL,17.7,,False,False,False,False,False,False,NORMAL,17.7,
1219,81.456732,True,0.287,0.011,-1.4,-17.1,False,False,,,True,True,False,False,False,False,False,False,NORMAL,17.7,,False,False,False,False,False,False,NORMAL,17.7,
1220,81.523555,True,0.299,0.008,-1.0,-17.9,False,False,,,True,True,False,False,False,False,False,False,NORMAL,17.7,,False,False,False,False,False,False,NORMAL,17.7,
1221,81.590378,True,0.283,0.007,-0.1,-21.6,False,False,,,True,True,False,False,False,False,False,False,NORMAL,17.7,,False,False,False,False,False,False,NORMAL,17.7,
1222,81.657200,True,0.26,0.006,-2.7,-18.6,True,True,,,True,True,False,False,False,False,False,False,NORMAL,17.7,,False,False,False,False,False,False,NORMAL,17.7,
1223,81.724023,True,0.264,0.005,-2.5,-18.4,True,True,,,True,True,False,False,False,False,False,False,NORMAL,17.7,,False,False,False,False,False,False,NORMAL,17.7,
1224,81.790845,True,0.28,0.01,-2.8,-22.9,False,False,,,True,True,False,False,False,False,False,False,NORMAL,17.7,,False,False,False,False,False,False,NORMAL,17.7,
1225,81.857668,True,0.274,0.008,-3.2,-22.0,False,False,,,True,True,False,False,False,False,False,False,NORMAL,17.7,,False,False,False,False,False,False,NORMAL,17.7,
1226,81.924490,True,0.269,0.007,-0.6,-22.4,False,False,,,True,True,False,False,False,False,False,False,NORMAL,17.7,,False,False,False,False,False,False,NORMAL,17.7,
1227,81.991313,True,0.239,0.009,-2.0,-24.1,False,False,,,True,True,False,False,False,False,False,False,NORMAL,17.7,,False,False,False,False,False,False,NORMAL,17.7,
1228,82.058136,True,0.241,0.011,-1.7,-27.6,False,False,,,True,True,False,False,False,False,False,False,NORMAL,17.7,,False,False,False,False,False,False,NORMAL,17.7,
1229,82.124958,True,0.232,0.01,-1.8,-26.5,False,False,,,True,True,False,False,False,False,False,False,NORMAL,17.7,,False,False,False,False,False,False,NORMAL,17.7,
1230,82.191781,True,0.239,0.018,-0.8,-24.4,True,True,,,True,True,False,False,False,False,False,False,NORMAL,17.7,,False,False,False,False,False,False,NORMAL,17.7,
1231,82.258603,True,0.258,0.018,-1.0,-25.0,False,False,,,True,True,False,False,False,False,False,False,NORMAL,17.7,,False,False,False,False,False,False,NORMAL,17.7,
1232,82.325426,True,0.241,0.012,-2.0,-26.2,False,False,,,True,True,False,False,False,False,False,False,NORMAL,17.7,,False,False,False,False,False,False,NORMAL,17.7,
1233,82.392249,True,0.243,0.009,-3.1,-26.7,True,True,,,True,True,False,False,False,False,False,False,NORMAL,17.7,,False,False,False,False,False,False,NORMAL,17.7,
1234,82.459071,False,0.0,0.0,0.0,0.0,False,False,,,True,True,False,False,False,False,False,False,NORMAL,17.8,,False,False,False,False,False,False,NORMAL,17.8,
1235,82.525894,False,0.0,0.0,0.0,0.0,False,False,,,True,True,False,False,False,False,False,False,NORMAL,17.8,,False,False,False,False,False,False,NORMAL,17.8,
1236,82.592716,False,0.0,0.0,0.0,0.0,False,False,,,True,True,False,False,False,False,False,False,NORMAL,17.8,,False,False,False,False,False,False,NORMAL,17.8,
1237,82.659539,False,0.0,0.0,0.0,0.0,True,True,,,True,True,False,False,False,False,False,False,NORMAL,17.8,,False,False,False,False,False,False,NORMAL,17.8,
1238,82.726362,False,0.0,0.0,0.0,0.0,True,True,,,True,True,False,False,False,False,False,False,NORMAL,17.9,,False,False,False,False,False,False,NORMAL,17.9,
1239,82.793184,False,0.0,0.0,0.0,0.0,False,False,,,True,True,False,False,False,False,False,False,NORMAL,17.9,,False,False,False,False,False,False,NORMAL,17.9,
1240,82.860007,False,0.0,0.0,0.0,0.0,False,False,,,True,True,False,False,False,False,False,False,NORMAL,17.9,,False,False,False,False,False,False,NORMAL,17.9,
1241,82.926829,False,0.0,0.0,0.0,0.0,False,False,,,True,True,False,False,False,False,False,False,NORMAL,17.9,,False,False,False,False,False,False,NORMAL,17.9,
1242,82.993652,False,0.0,0.0,0.0,0.0,False,False,,,True,True,False,False,False,False,False,False,NORMAL,17.9,,False,False,False,False,False,False,NORMAL,17.9,
1243,83.060474,False,0.0,0.0,0.0,0.0,True,True,,,True,True,False,False,False,False,False,False,NORMAL,18.0,,False,False,False,False,False,False,NORMAL,18.0,
1244,83.127297,False,0.0,0.0,0.0,0.0,True,True,,,True,True,False,False,False,False,False,False,NORMAL,18.0,,False,False,False,False,False,False,NORMAL,18.0,
1245,83.194120,False,0.0,0.0,0.0,0.0,False,False,,,True,True,False,False,False,False,False,False,NORMAL,18.0,,False,False,False,False,False,False,NORMAL,18.0,
1246,83.260942,False,0.0,0.0,0.0,0.0,True,True,,,True,True,False,False,False,False,False,False,NORMAL,18.0,,False,False,False,False,False,False,NORMAL,18.0,
1247,83.327765,False,0.0,0.0,0.0,0.0,True,True,,,True,True,False,False,False,False,False,False,NORMAL,18.1,,False,False,False,False,False,False,NORMAL,18.1,
1248,83.394587,False,0.0,0.0,0.0,0.0,True,True,,,True,True,False,False,False,False,False,False,NORMAL,18.1,,False,False,False,False,False,False,NORMAL,18.1,
1249,83.461410,False,0.0,0.0,0.0,0.0,True,True,,,True,True,False,False,False,False,False,False,NORMAL,18.1,,False,False,False,False,False,False,NORMAL,18.1,
1250,83.528233,False,0.0,0.0,0.0,0.0,True,True,,,True,True,False,False,False,False,False,False,NORMAL,18.1,,False,False,False,False,False,False,NORMAL,18.1,
1251,83.595055,False,0.0,0.0,0.0,0.0,True,True,,,True,True,False,False,False,False,False,False,NORMAL,18.2,,False,False,False,False,False,False,NORMAL,18.2,
1252,83.661878,False,0.0,0.0,0.0,0.0,True,True,,,True,True,False,False,False,False,False,False,NORMAL,18.2,,False,False,False,False,False,False,NORMAL,18.2,
1253,83.728700,False,0.0,0.0,0.0,0.0,True,True,,,True,True,False,False,False,False,False,False,NORMAL,18.2,,False,False,False,False,False,False,NORMAL,18.2,
1254,83.795523,False,0.0,0.0,0.0,0.0,False,False,,,True,True,False,False,False,False,False,False,NORMAL,18.2,,False,False,False,False,False,False,NORMAL,18.2,
1255,83.862345,False,0.0,0.0,0.0,0.0,False,False,,,True,True,False,False,False,False,False,False,NORMAL,18.3,,False,False,False,False,False,False,NORMAL,18.3,
1256,83.929168,True,0.261,0.013,-2.5,-22.9,False,False,,,True,True,False,False,False,False,False,False,NORMAL,18.3,,False,False,False,False,False,False,NORMAL,18.3,
1257,83.995991,False,0.0,0.0,0.0,0.0,False,False,,,True,True,False,False,False,False,False,False,NORMAL,18.3,,False,False,False,False,False,False,NORMAL,18.3,
1258,84.062813,True,0.246,0.007,-1.2,-17.8,False,False,,,True,True,False,False,False,False,False,False,NORMAL,18.3,,False,False,False,False,False,False,NORMAL,18.3,
1259,84.129636,True,0.295,0.004,-8.7,-14.6,False,False,,,True,True,False,False,False,False,False,False,NORMAL,18.3,,False,False,False,False,False,False,NORMAL,18.3,
1260,84.196458,True,0.323,0.016,-9.4,-10.7,False,False,,,True,True,False,False,False,False,False,False,NORMAL,18.3,,False,False,False,False,False,False,NORMAL,18.3,
1261,84.263281,True,0.296,0.019,-10.2,-10.0,False,False,,,True,True,False,False,False,False,False,False,NORMAL,18.3,,False,False,False,False,False,False,NORMAL,18.3,
1262,84.330104,True,0.304,0.022,-11.1,-9.7,False,False,,,True,True,False,False,False,False,False,False,NORMAL,18.3,,False,False,False,False,False,False,NORMAL,18.3,
1263,84.396926,True,0.287,0.012,-11.7,-10.2,False,False,,,True,True,False,False,False,False,False,False,NORMAL,18.3,,False,False,False,False,False,False,NORMAL,18.3,
1264,84.463749,True,0.27,0.013,-11.9,-7.3,False,False,,,True,True,False,False,False,False,False,False,NORMAL,18.3,,False,False,False,False,False,False,NORMAL,18.3,
1265,84.530571,False,0.0,0.0,0.0,0.0,False,False,,,True,True,False,False,False,False,False,False,NORMAL,18.3,,False,False,False,False,False,False,NORMAL,18.3,
1266,84.597394,True,0.285,0.006,-9.9,-2.9,False,False,,,True,True,False,False,False,False,False,False,NORMAL,18.3,,False,False,False,False,False,False,NORMAL,18.3,
1267,84.664217,True,0.307,0.011,-11.1,-5.4,False,False,,,True,True,False,False,False,False,False,False,NORMAL,18.3,,False,False,False,False,False,False,NORMAL,18.3,
1268,84.731039,True,0.33,0.008,-9.3,-6.5,False,False,,,True,True,False,False,False,False,False,False,NORMAL,18.3,,False,False,False,False,False,False,NORMAL,18.3,
1269,84.797862,True,0.292,0.009,-12.6,-1.5,False,False,,,True,True,False,False,False,False,False,False,NORMAL,18.3,,False,False,False,False,False,False,NORMAL,18.3,
1270,84.864684,True,0.246,0.011,-7.0,3.4,False,False,,,True,True,False,False,False,False,False,False,NORMAL,18.3,,False,False,False,False,False,False,NORMAL,18.3,
1271,84.931507,True,0.247,0.003,-7.1,1.9,False,False,,,True,True,False,False,False,False,False,False,NORMAL,18.3,,False,False,False,False,False,False,NORMAL,18.3,
1272,84.998329,True,0.254,0.008,-6.6,-2.1,False,False,,,True,True,False,False,False,False,False,False,NORMAL,18.3,,False,False,False,False,False,False,NORMAL,18.3,
1273,85.065152,True,0.258,0.01,-5.5,-3.5,False,False,,,True,True,False,False,False,False,False,False,NORMAL,18.3,,False,False,False,False,False,False,NORMAL,18.3,
1274,85.131975,True,0.258,0.009,-4.9,-2.5,False,False,,,True,True,False,False,False,False,False,False,NORMAL,18.3,,False,False,False,False,False,False,NORMAL,18.3,
1275,85.198797,True,0.271,0.009,-5.1,-1.6,False,False,,,True,True,False,False,False,False,False,False,NORMAL,18.3,,False,False,False,False,False,False,NORMAL,18.3,
1276,85.265620,True,0.273,0.007,-4.4,-1.5,False,False,,,True,True,False,False,False,False,False,False,NORMAL,18.3,,False,False,False,False,False,False,NORMAL,18.3,
1277,85.332442,True,0.281,0.007,-2.0,-1.6,False,False,,,True,True,False,False,False,False,False,False,NORMAL,18.3,,False,False,False,False,False,False,NORMAL,18.3,
1278,85.399265,True,0.227,0.008,-2.6,-0.0,False,False,,,True,True,False,False,False,False,False,False,NORMAL,18.3,,False,False,False,False,False,False,NORMAL,18.3,
1279,85.466088,True,0.297,0.01,-4.3,0.8,False,False,,,True,True,False,False,False,False,False,False,NORMAL,18.3,,False,False,False,False,False,False,NORMAL,18.3,
1280,85.532910,True,0.311,0.008,-4.5,0.6,False,False,,,True,True,False,False,False,False,False,False,NORMAL,18.3,,False,False,False,False,False,False,NORMAL,18.3,
1281,85.599733,True,0.309,0.007,-3.3,2.8,False,False,,,True,True,False,False,False,False,False,False,NORMAL,18.3,,False,False,False,False,False,False,NORMAL,18.3,
1282,85.666555,True,0.308,0.006,-3.5,1.1,False,False,,,True,True,False,False,False,False,False,False,NORMAL,18.3,,False,False,False,False,False,False,NORMAL,18.3,
1283,85.733378,True,0.265,0.007,-4.2,0.5,False,False,,,True,True,False,False,False,False,False,False,NORMAL,18.3,,False,False,False,False,False,False,NORMAL,18.3,
1284,85.800200,True,0.254,0.008,-4.6,0.1,False,False,,,True,True,False,False,False,False,False,False,NORMAL,18.3,,False,False,False,False,False,False,NORMAL,18.3,
1285,85.867023,True,0.238,0.008,-3.9,0.7,False,False,,,True,True,False,False,False,False,False,False,NORMAL,18.3,,False,False,False,False,False,False,NORMAL,18.3,
1286,85.933846,True,0.241,0.008,-3.6,0.7,False,False,,,True,True,False,False,False,False,False,False,NORMAL,18.3,,False,False,False,False,False,False,NORMAL,18.3,
1287,86.000668,True,0.242,0.007,-3.9,2.1,False,False,,,True,True,False,False,False,False,False,False,NORMAL,18.3,,False,False,False,False,False,False,NORMAL,18.3,
1288,86.067491,True,0.281,0.008,-3.9,3.1,False,False,,,True,True,False,False,False,False,False,False,NORMAL,18.3,,False,False,False,False,False,False,NORMAL,18.3,
1289,86.134313,True,0.269,0.01,-3.8,3.0,False,False,,,True,True,False,False,False,False,False,False,NORMAL,18.3,,False,False,False,False,False,False,NORMAL,18.3,
1290,86.201136,True,0.287,0.008,-3.7,3.3,False,False,,,True,True,False,False,False,False,False,False,NORMAL,18.3,,False,False,False,False,False,False,NORMAL,18.3,
1291,86.267959,True,0.297,0.008,-4.8,2.4,False,False,,,True,True,False,False,False,False,False,False,NORMAL,18.3,,False,False,False,False,False,False,NORMAL,18.3,
1292,86.334781,True,0.296,0.01,-4.4,1.4,False,False,,,True,True,False,False,False,False,False,False,NORMAL,18.3,,False,False,False,False,False,False,NORMAL,18.3,
1293,86.401604,True,0.276,0.009,-4.0,2.7,False,False,,,True,True,False,False,False,False,False,False,NORMAL,18.3,,False,False,False,False,False,False,NORMAL,18.3,
1294,86.468426,True,0.286,0.011,-4.5,3.5,False,False,,,True,True,False,False,False,False,False,False,NORMAL,18.3,,False,False,False,False,False,False,NORMAL,18.3,
1295,86.535249,True,0.288,0.01,-4.0,1.2,False,False,,,True,True,False,False,False,False,False,False,NORMAL,18.3,,False,False,False,False,False,False,NORMAL,18.3,
1296,86.602072,True,0.269,0.009,-5.2,1.9,False,False,,,True,True,False,False,False,False,False,False,NORMAL,18.3,,False,False,False,False,False,False,NORMAL,18.3,
1297,86.668894,True,0.3,0.011,-3.6,1.8,False,False,,,True,True,False,False,False,False,False,False,NORMAL,18.3,,False,False,False,False,False,False,NORMAL,18.3,
1298,86.735717,True,0.274,0.008,-4.9,2.2,False,False,,,True,True,False,False,False,False,False,False,NORMAL,18.3,,False,False,False,False,False,False,NORMAL,18.3,
1299,86.802539,True,0.247,0.009,-5.9,1.7,False,False,,,True,True,False,False,False,False,False,False,NORMAL,18.3,,False,False,False,False,False,False,NORMAL,18.3,
1300,86.869362,True,0.279,0.012,-5.2,3.1,False,False,,,True,True,False,False,False,False,False,False,NORMAL,18.3,,False,False,False,False,False,False,NORMAL,18.3,
1301,86.936184,True,0.268,0.012,-5.3,3.3,False,False,,,True,True,False,False,False,False,False,False,NORMAL,18.3,,False,False,False,False,False,False,NORMAL,18.3,
1302,87.003007,True,0.277,0.01,-2.6,-0.2,False,False,,,True,True,False,False,False,False,False,False,NORMAL,18.3,,False,False,False,False,False,False,NORMAL,18.3,
1303,87.069830,True,0.235,0.008,-3.8,-0.6,False,False,,,True,True,False,False,False,False,False,False,NORMAL,18.3,,False,False,False,False,False,False,NORMAL,18.3,
1304,87.136652,True,0.245,0.009,-4.3,-0.5,False,False,,,True,True,False,False,False,False,False,False,NORMAL,18.3,,False,False,False,False,False,False,NORMAL,18.3,
1305,87.203475,True,0.255,0.009,-4.4,-0.4,False,False,,,True,True,False,False,False,False,False,False,NORMAL,18.3,,False,False,False,False,False,False,NORMAL,18.3,
1306,87.270297,True,0.259,0.009,-5.0,0.3,False,False,,,True,True,False,False,False,False,False,False,NORMAL,18.3,,False,False,False,False,False,False,NORMAL,18.3,
1307,87.337120,True,0.265,0.007,-5.9,-2.4,False,False,,,True,True,False,False,False,False,False,False,NORMAL,18.3,,False,False,False,False,False,False,NORMAL,18.3,
1308,87.403943,True,0.269,0.008,-5.8,-2.3,False,False,,,True,True,False,False,False,False,False,False,NORMAL,18.3,,False,False,False,False,False,False,NORMAL,18.3,
1309,87.470765,True,0.264,0.009,-6.9,-2.9,False,False,,,True,True,False,False,False,False,False,False,NORMAL,18.3,,False,False,False,False,False,False,NORMAL,18.3,
1310,87.537588,True,0.29,0.01,-6.8,-1.8,False,False,,,True,True,False,False,False,False,False,False,NORMAL,18.3,,False,False,False,False,False,False,NORMAL,18.3,
1311,87.604410,True,0.299,0.011,-7.4,-1.6,False,False,,,True,True,False,False,False,False,False,False,NORMAL,18.3,,False,False,False,False,False,False,NORMAL,18.3,
1312,87.671233,True,0.344,0.005,-8.5,-7.4,False,False,,,True,True,False,False,False,False,False,False,NORMAL,18.3,,False,False,False,False,False,False,NORMAL,18.3,
1313,87.738055,True,0.34,0.006,-8.5,-6.8,False,False,,,True,True,False,False,False,False,False,False,NORMAL,18.3,,False,False,False,False,False,False,NORMAL,18.3,
1314,87.804878,True,0.338,0.009,-7.9,-7.8,False,False,,,True,True,False,False,False,False,False,False,NORMAL,18.3,,False,False,False,False,False,False,NORMAL,18.3,
1315,87.871701,True,0.259,0.01,-9.0,-1.5,False,False,,,True,True,False,False,False,False,False,False,NORMAL,18.3,,False,False,False,False,False,False,NORMAL,18.3,
1316,87.938523,False,0.0,0.0,0.0,0.0,False,False,,,True,True,False,False,False,False,False,False,NORMAL,18.3,,False,False,False,False,False,False,NORMAL,18.3,
1317,88.005346,True,0.264,0.016,-3.8,-7.2,False,False,,,True,True,False,False,False,False,False,False,NORMAL,18.3,,False,False,False,False,False,False,NORMAL,18.3,
1318,88.072168,True,0.296,0.014,-5.4,-13.2,False,False,,,True,True,False,False,False,False,False,False,NORMAL,18.3,,False,False,False,False,False,False,NORMAL,18.3,
1319,88.138991,True,0.277,0.009,-7.6,-15.0,False,False,,,True,True,False,False,False,False,False,False,NORMAL,18.3,,False,False,False,False,False,False,NORMAL,18.3,
1320,88.205814,True,0.291,0.008,-6.7,-11.9,False,False,,,True,True,False,False,False,False,False,False,NORMAL,18.3,,False,False,False,False,False,False,NORMAL,18.3,
1321,88.272636,True,0.292,0.007,-6.2,-13.3,False,False,,,True,True,False,False,False,False,False,False,NORMAL,18.3,,False,False,False,False,False,False,NORMAL,18.3,
1322,88.339459,True,0.307,0.014,-6.0,-12.7,False,False,,,True,True,False,False,False,False,False,False,NORMAL,18.3,,False,False,False,False,False,False,NORMAL,18.3,
1323,88.406281,True,0.302,0.01,-7.1,-10.2,False,False,,,True,True,False,False,False,False,False,False,NORMAL,18.3,,False,False,False,False,False,False,NORMAL,18.3,
1324,88.473104,True,0.325,0.011,-5.1,-8.3,False,False,,,True,True,False,False,False,False,False,False,NORMAL,18.3,,False,False,False,False,False,False,NORMAL,18.3,
1325,88.539926,True,0.313,0.008,-3.0,-10.3,False,False,,,True,True,False,False,False,False,False,False,NORMAL,18.3,,False,False,False,False,False,False,NORMAL,18.3,
1326,88.606749,True,0.31,0.008,-3.1,-12.0,False,False,,,True,True,False,False,False,False,False,False,NORMAL,18.3,,False,False,False,False,False,False,NORMAL,18.3,
1327,88.673572,True,0.306,0.012,-1.1,-11.5,False,False,,,True,True,False,False,False,False,False,False,NORMAL,18.3,,False,False,False,False,False,False,NORMAL,18.3,
1328,88.740394,True,0.317,0.011,-0.8,-10.4,False,False,,,True,True,False,False,False,False,False,False,NORMAL,18.3,,False,False,False,False,False,False,NORMAL,18.3,
1329,88.807217,False,0.0,0.0,0.0,0.0,False,False,,,True,True,False,False,False,False,False,False,NORMAL,18.3,,False,False,False,False,False,False,NORMAL,18.3,
1330,88.874039,True,0.254,0.013,-2.7,-11.1,False,False,,,True,True,False,False,False,False,False,False,NORMAL,18.3,,False,False,False,False,False,False,NORMAL,18.3,
1331,88.940862,True,0.292,0.006,-3.4,-10.4,False,False,,,True,True,False,False,False,False,False,False,NORMAL,18.3,,False,False,False,False,False,False,NORMAL,18.3,
1332,89.007685,True,0.32,0.012,-1.2,-11.5,False,False,,,True,True,False,False,False,False,False,False,NORMAL,18.3,,False,False,False,False,False,False,NORMAL,18.3,
1333,89.074507,True,0.339,0.009,-0.1,-11.5,False,False,,,True,True,False,False,False,False,False,False,NORMAL,18.3,,False,False,False,False,False,False,NORMAL,18.3,
1334,89.141330,True,0.345,0.005,-0.9,-12.6,False,False,,,True,True,False,False,False,False,False,False,NORMAL,18.3,,False,False,False,False,False,False,NORMAL,18.3,
1335,89.208152,True,0.342,0.009,-0.1,-17.5,False,False,,,True,True,False,False,False,False,False,False,NORMAL,18.3,,False,False,False,False,False,False,NORMAL,18.3,
1336,89.274975,True,0.324,0.008,0.4,-15.3,False,False,,,True,True,False,False,False,False,False,False,NORMAL,18.3,,False,False,False,False,False,False,NORMAL,18.3,
1337,89.341798,True,0.318,0.005,-0.1,-16.5,True,True,,,True,True,False,False,False,False,False,False,NORMAL,18.3,,False,False,False,False,False,False,NORMAL,18.3,
1338,89.408620,True,0.287,0.012,-0.5,-16.8,True,True,,,True,True,False,False,False,False,False,False,NORMAL,18.3,,False,False,False,False,False,False,NORMAL,18.3,
1339,89.475443,False,0.0,0.0,0.0,0.0,False,False,,,True,True,False,False,False,False,False,False,NORMAL,18.4,,False,False,False,False,False,False,NORMAL,18.4,
1340,89.542265,False,0.0,0.0,0.0,0.0,True,True,,,True,True,False,False,False,False,False,False,NORMAL,18.4,,False,False,False,False,False,False,NORMAL,18.4,
1341,89.609088,False,0.0,0.0,0.0,0.0,True,True,,,True,True,False,False,False,False,False,False,NORMAL,18.4,,False,False,False,False,False,False,NORMAL,18.4,
1342,89.675910,False,0.0,0.0,0.0,0.0,True,True,,,True,True,False,False,False,False,False,False,NORMAL,18.4,,False,False,False,False,False,False,NORMAL,18.4,
1343,89.742733,False,0.0,0.0,0.0,0.0,False,False,,,True,True,False,False,False,False,False,False,NORMAL,18.5,,False,False,False,False,False,False,NORMAL,18.5,
1344,89.809556,False,0.0,0.0,0.0,0.0,False,False,,,True,True,False,False,False,False,False,False,NORMAL,18.5,,False,False,False,False,False,False,NORMAL,18.5,
1345,89.876378,False,0.0,0.0,0.0,0.0,False,False,,,True,True,False,False,False,False,False,False,NORMAL,18.5,,False,False,False,False,False,False,NORMAL,18.5,
1346,89.943201,False,0.0,0.0,0.0,0.0,True,True,,,True,True,False,False,False,False,False,False,NORMAL,18.5,,False,False,False,False,False,False,NORMAL,18.5,
1347,90.010023,False,0.0,0.0,0.0,0.0,True,True,,,True,True,False,False,False,False,False,False,NORMAL,18.6,,False,False,False,False,False,False,NORMAL,18.6,
1348,90.076846,False,0.0,0.0,0.0,0.0,True,True,,,True,True,False,False,False,False,False,False,NORMAL,18.6,,False,False,False,False,False,False,NORMAL,18.6,
1349,90.143669,False,0.0,0.0,0.0,0.0,True,True,,,True,True,False,False,False,False,False,False,NORMAL,18.6,,False,False,False,False,False,False,NORMAL,18.6,
1350,90.210491,False,0.0,0.0,0.0,0.0,True,True,,,True,True,False,False,False,False,False,False,NORMAL,18.6,,False,False,False,False,False,False,NORMAL,18.6,
1351,90.277314,False,0.0,0.0,0.0,0.0,True,True,,,True,True,False,False,False,False,False,False,NORMAL,18.7,,False,False,False,False,False,False,NORMAL,18.7,
1352,90.344136,False,0.0,0.0,0.0,0.0,True,True,,,True,True,False,False,False,False,False,False,NORMAL,18.7,,False,False,False,False,False,False,NORMAL,18.7,
1353,90.410959,False,0.0,0.0,0.0,0.0,True,True,,,True,True,False,False,False,False,False,False,NORMAL,18.7,,False,False,False,False,False,False,NORMAL,18.7,
1354,90.477781,False,0.0,0.0,0.0,0.0,True,True,,,True,True,False,False,False,False,False,False,NORMAL,18.7,,False,False,False,False,False,False,NORMAL,18.7,
1355,90.544604,False,0.0,0.0,0.0,0.0,True,True,,,True,True,False,False,False,False,False,False,NORMAL,18.8,,False,False,False,False,False,False,NORMAL,18.8,
1356,90.611427,False,0.0,0.0,0.0,0.0,True,True,,,True,True,False,False,False,False,False,False,NORMAL,18.8,,False,False,False,False,False,False,NORMAL,18.8,
1357,90.678249,False,0.0,0.0,0.0,0.0,True,True,,,True,True,False,False,False,False,False,False,NORMAL,18.8,,False,False,False,False,False,False,NORMAL,18.8,
1358,90.745072,False,0.0,0.0,0.0,0.0,True,True,,,True,True,False,False,False,False,False,False,NORMAL,18.8,,False,False,False,False,False,False,NORMAL,18.8,
1359,90.811894,False,0.0,0.0,0.0,0.0,True,True,,,True,True,False,False,False,False,False,False,NORMAL,18.9,,False,False,False,False,False,False,NORMAL,18.9,
1360,90.878717,False,0.0,0.0,0.0,0.0,False,False,,,True,True,False,False,False,False,False,False,NORMAL,18.9,,False,False,False,False,False,False,NORMAL,18.9,
1361,90.945540,False,0.0,0.0,0.0,0.0,False,False,,,True,True,False,False,False,False,False,False,NORMAL,18.9,,False,False,False,False,False,False,NORMAL,18.9,
1362,91.012362,False,0.0,0.0,0.0,0.0,False,False,,,True,True,False,False,False,False,False,False,NORMAL,18.9,,False,False,False,False,False,False,NORMAL,18.9,
1363,91.079185,False,0.0,0.0,0.0,0.0,False,False,,,True,True,False,False,False,False,False,False,NORMAL,19.0,,False,False,False,False,False,False,NORMAL,19.0,
1364,91.146007,False,0.0,0.0,0.0,0.0,False,False,,,True,True,False,False,False,False,False,False,NORMAL,19.0,,False,False,False,False,False,False,NORMAL,19.0,
1365,91.212830,False,0.0,0.0,0.0,0.0,False,False,,,True,True,False,False,False,False,False,False,NORMAL,19.0,,False,False,False,False,False,False,NORMAL,19.0,
1366,91.279653,False,0.0,0.0,0.0,0.0,False,False,,,True,True,False,False,False,False,False,False,NORMAL,19.0,,False,False,False,False,False,False,NORMAL,19.0,
1367,91.346475,False,0.0,0.0,0.0,0.0,False,False,,,True,True,False,False,False,False,False,False,NORMAL,19.1,,False,False,False,False,False,False,NORMAL,19.1,
1368,91.413298,False,0.0,0.0,0.0,0.0,False,False,,,True,True,False,False,False,False,False,False,NORMAL,19.1,,False,False,False,False,False,False,NORMAL,19.1,
1369,91.480120,True,0.273,0.024,-7.3,-8.7,False,False,,,True,True,False,False,False,False,False,False,NORMAL,19.1,,False,False,False,False,False,False,NORMAL,19.1,
1370,91.546943,True,0.301,0.015,-7.5,-14.1,False,False,,,True,True,False,False,False,False,False,False,NORMAL,19.1,,False,False,False,False,False,False,NORMAL,19.1,
1371,91.613765,True,0.279,0.01,-7.5,-13.8,False,False,,,True,True,False,False,False,False,False,False,NORMAL,19.1,,False,False,False,False,False,False,NORMAL,19.1,
1372,91.680588,True,0.313,0.015,-10.8,-15.6,False,False,,,True,True,False,False,False,False,False,False,NORMAL,19.1,,False,False,False,False,False,False,NORMAL,19.1,
1373,91.747411,True,0.263,0.015,-8.5,-0.2,False,False,,,True,True,False,False,False,False,False,False,NORMAL,19.1,,False,False,False,False,False,False,NORMAL,19.1,
1374,91.814233,True,0.23,0.008,-5.0,-7.4,False,False,,,True,True,False,False,False,False,False,False,NORMAL,19.1,,False,False,False,False,False,False,NORMAL,19.1,
1375,91.881056,True,0.221,0.013,-6.0,-9.5,False,False,,,True,True,False,False,False,False,False,False,NORMAL,19.1,,False,False,False,False,False,False,NORMAL,19.1,
1376,91.947878,True,0.232,0.011,-5.1,-8.7,False,False,,,True,True,False,False,False,False,False,False,NORMAL,18.8,,False,False,False,False,False,False,NORMAL,18.8,
1377,92.014701,True,0.226,0.008,-5.7,-9.5,False,False,,,True,True,False,False,False,False,False,False,NORMAL,18.6,,False,False,False,False,False,False,NORMAL,18.6,
1378,92.081524,True,0.298,0.007,-8.4,-2.7,False,False,,,True,True,False,False,False,False,False,False,NORMAL,18.3,,False,False,False,False,False,False,NORMAL,18.3,
1379,92.148346,True,0.298,0.009,-10.2,-2.6,False,False,,,True,True,False,False,False,False,False,False,NORMAL,18.3,,False,False,False,False,False,False,NORMAL,18.3,
1380,92.215169,True,0.282,0.007,-6.7,-3.1,False,False,,,True,True,False,False,False,False,False,False,NORMAL,18.3,,False,False,False,False,False,False,NORMAL,18.3,
1381,92.281991,True,0.261,0.008,-5.3,-3.9,False,False,,,True,True,False,False,False,False,False,False,NORMAL,18.3,,False,False,False,False,False,False,NORMAL,18.3,
1382,92.348814,True,0.273,0.008,-5.3,-4.9,False,False,,,True,True,False,False,False,False,False,False,NORMAL,18.3,,False,False,False,False,False,False,NORMAL,18.3,
1383,92.415636,True,0.245,0.008,-4.9,-7.3,False,False,,,True,True,False,False,False,False,False,False,NORMAL,18.3,,False,False,False,False,False,False,NORMAL,18.3,
1384,92.482459,True,0.259,0.008,-5.9,-7.4,False,False,,,True,True,False,False,False,False,False,False,NORMAL,18.3,,False,False,False,False,False,False,NORMAL,18.3,
1385,92.549282,True,0.268,0.011,-5.6,-7.3,False,False,,,True,True,False,False,False,False,False,False,NORMAL,18.3,,False,False,False,False,False,False,NORMAL,18.3,
1386,92.616104,True,0.281,0.011,-7.2,-6.3,False,False,,,True,True,False,False,False,False,False,False,NORMAL,18.3,,False,False,False,False,False,False,NORMAL,18.3,
1387,92.682927,True,0.292,0.007,-5.8,-8.1,False,False,,,True,True,False,False,False,False,False,False,NORMAL,18.3,,False,False,False,False,False,False,NORMAL,18.3,
1388,92.749749,True,0.278,0.008,-5.7,-7.5,False,False,,,True,True,False,False,False,False,False,False,NORMAL,18.3,,False,False,False,False,False,False,NORMAL,18.3,
1389,92.816572,True,0.253,0.007,-5.1,-3.8,False,False,,,True,True,False,False,False,False,False,False,NORMAL,18.3,,False,False,False,False,False,False,NORMAL,18.3,
1390,92.883395,True,0.286,0.009,-4.5,-3.8,False,False,,,True,True,False,False,False,False,False,False,NORMAL,18.3,,False,False,False,False,False,False,NORMAL,18.3,
1391,92.950217,True,0.328,0.012,-5.5,-3.9,False,False,,,True,True,False,False,False,False,False,False,NORMAL,18.3,,False,False,False,False,False,False,NORMAL,18.3,
1392,93.017040,True,0.347,0.011,-6.7,-2.5,False,False,,,True,True,False,False,False,False,False,False,NORMAL,18.0,,False,False,False,False,False,False,NORMAL,18.0,
1393,93.083862,True,0.363,0.009,-6.2,-3.1,False,False,,,True,True,False,False,False,False,False,False,NORMAL,17.7,,False,False,False,False,False,False,NORMAL,17.7,
1394,93.150685,True,0.362,0.007,-6.4,-3.9,False,False,,,True,True,False,False,False,False,False,False,NORMAL,17.5,,False,False,False,False,False,False,NORMAL,17.5,
1395,93.217508,True,0.352,0.015,-7.9,-7.5,False,False,,,True,True,False,False,False,False,False,False,NORMAL,17.2,,False,False,False,False,False,False,NORMAL,17.2,
1396,93.284330,True,0.351,0.012,-8.3,-7.2,False,False,,,True,True,False,False,False,False,False,False,NORMAL,16.9,,False,False,False,False,False,False,NORMAL,16.9,
1397,93.351153,True,0.305,0.009,-7.1,-6.1,False,False,,,True,True,False,False,False,False,False,False,NORMAL,16.6,,False,False,False,False,False,False,NORMAL,16.6,
1398,93.417975,True,0.307,0.007,-7.3,-3.6,False,False,,,True,True,False,False,False,False,False,False,NORMAL,16.6,,False,False,False,False,False,False,NORMAL,16.6,
1399,93.484798,True,0.305,0.008,-8.1,-3.2,False,False,,,True,True,False,False,False,False,False,False,NORMAL,16.6,,False,False,False,False,False,False,NORMAL,16.6,
1400,93.551620,True,0.316,0.008,-7.6,-3.4,False,False,,,True,True,False,False,False,False,False,False,NORMAL,16.6,,False,False,False,False,False,False,NORMAL,16.6,
1401,93.618443,True,0.311,0.007,-9.1,-6.3,False,False,,,True,True,False,False,False,False,False,False,NORMAL,16.6,,False,False,False,False,False,False,NORMAL,16.6,
1402,93.685266,True,0.289,0.007,-8.6,-6.9,False,False,,,True,True,False,False,False,False,False,False,NORMAL,16.4,,False,False,False,False,False,False,NORMAL,16.4,
1403,93.752088,True,0.277,0.014,-5.4,-8.8,False,False,,,True,True,False,False,False,False,False,False,NORMAL,16.1,,False,False,False,False,False,False,NORMAL,16.1,
1404,93.818911,True,0.301,0.012,-2.6,-12.8,False,False,,,True,True,False,False,False,False,False,False,NORMAL,15.8,,False,False,False,False,False,False,NORMAL,15.8,
1405,93.885733,True,0.294,0.012,-3.5,-12.9,False,False,,,True,True,False,False,False,False,False,False,NORMAL,15.6,,False,False,False,False,False,False,NORMAL,15.6,
1406,93.952556,True,0.278,0.008,-2.5,-10.9,False,False,,,True,True,False,False,False,False,False,False,NORMAL,15.3,,False,False,False,False,False,False,NORMAL,15.3,
1407,94.019379,True,0.296,0.005,-4.4,-13.9,False,False,,,True,True,False,False,False,False,False,False,NORMAL,15.0,,False,False,False,False,False,False,NORMAL,15.0,
1408,94.086201,True,0.32,0.007,-3.9,-13.8,False,False,,,True,True,False,False,False,False,False,False,NORMAL,15.0,,False,False,False,False,False,False,NORMAL,15.0,
1409,94.153024,True,0.317,0.008,-3.5,-14.6,False,False,,,True,True,False,False,False,False,False,False,NORMAL,15.0,,False,False,False,False,False,False,NORMAL,15.0,
1410,94.219846,True,0.324,0.007,-3.6,-13.8,False,False,,,True,True,False,False,False,False,False,False,NORMAL,15.0,,False,False,False,False,False,False,NORMAL,15.0,
1411,94.286669,True,0.322,0.008,-3.4,-13.5,False,False,,,True,True,False,False,False,False,False,False,NORMAL,15.0,,False,False,False,False,False,False,NORMAL,15.0,
1412,94.353491,True,0.313,0.014,-1.9,-12.6,False,False,,,True,True,False,False,False,False,False,False,NORMAL,15.0,,False,False,False,False,False,False,NORMAL,15.0,
1413,94.420314,True,0.309,0.014,-1.1,-13.4,False,False,,,True,True,False,False,False,False,False,False,NORMAL,15.0,,False,False,False,False,False,False,NORMAL,15.0,
1414,94.487137,True,0.312,0.013,0.0,-12.4,False,False,,,True,True,False,False,False,False,False,False,NORMAL,15.0,,False,False,False,False,False,False,NORMAL,15.0,
1415,94.553959,True,0.316,0.01,-0.8,-12.6,False,False,,,True,True,False,False,False,False,False,False,NORMAL,15.0,,False,False,False,False,False,False,NORMAL,15.0,
1416,94.620782,True,0.311,0.008,-1.8,-12.8,False,False,,,True,True,False,False,False,False,False,False,NORMAL,15.0,,False,False,False,False,False,False,NORMAL,15.0,
1417,94.687604,True,0.317,0.007,-3.7,-12.6,False,False,,,True,True,False,False,False,False,False,False,NORMAL,15.0,,False,False,False,False,False,False,NORMAL,15.0,
1418,94.754427,True,0.319,0.007,-5.2,-11.4,False,False,,,True,True,False,False,False,False,False,False,NORMAL,15.0,,False,False,False,False,False,False,NORMAL,15.0,
1419,94.821250,True,0.329,0.006,-4.0,-13.8,False,False,,,True,True,False,False,False,False,False,False,NORMAL,15.0,,False,False,False,False,False,False,NORMAL,15.0,
1420,94.888072,True,0.331,0.008,-3.9,-13.5,False,False,,,True,True,False,False,False,False,False,False,NORMAL,15.0,,False,False,False,False,False,False,NORMAL,15.0,
1421,94.954895,True,0.329,0.007,-6.0,-14.5,False,False,,,True,True,False,False,False,False,False,False,NORMAL,15.0,,False,False,False,False,False,False,NORMAL,15.0,
1422,95.021717,True,0.327,0.007,-4.9,-13.2,False,False,,,True,True,False,False,False,False,False,False,NORMAL,15.0,,False,False,False,False,False,False,NORMAL,15.0,
1423,95.088540,True,0.323,0.006,-4.8,-12.9,False,False,,,True,True,False,False,False,False,False,False,NORMAL,15.0,,False,False,False,False,False,False,NORMAL,15.0,
1424,95.155363,True,0.321,0.006,-4.1,-13.1,False,False,,,True,True,False,False,False,False,False,False,NORMAL,15.0,,False,False,False,False,False,False,NORMAL,15.0,
1425,95.222185,True,0.33,0.007,-2.0,-14.2,False,False,,,True,True,False,False,False,False,False,False,NORMAL,15.0,,False,False,False,False,False,False,NORMAL,15.0,
1426,95.289008,True,0.323,0.013,-1.6,-14.5,False,False,,,True,True,False,False,False,False,False,False,NORMAL,15.0,,False,False,False,False,False,False,NORMAL,15.0,
1427,95.355830,True,0.332,0.012,-0.4,-12.5,False,False,,,True,True,False,False,False,False,False,False,NORMAL,15.0,,False,False,False,False,False,False,NORMAL,15.0,
1428,95.422653,True,0.34,0.01,-0.5,-13.2,False,False,,,True,True,False,False,False,False,False,False,NORMAL,15.0,,False,False,False,False,False,False,NORMAL,15.0,
1429,95.489475,True,0.349,0.008,-3.2,-15.5,False,False,,,True,True,False,False,False,False,False,False,NORMAL,15.0,,False,False,False,False,False,False,NORMAL,15.0,
1430,95.556298,True,0.331,0.01,-2.4,-13.2,False,False,,,True,True,False,False,False,False,False,False,NORMAL,15.0,,False,False,False,False,False,False,NORMAL,15.0,
1431,95.623121,True,0.355,0.015,-1.6,-9.5,False,False,,,True,True,False,False,False,False,False,False,NORMAL,15.0,,False,False,False,False,False,False,NORMAL,15.0,
1432,95.689943,True,0.38,0.021,1.3,-11.0,False,False,,,True,True,False,False,False,False,False,False,NORMAL,15.0,,False,False,False,False,False,False,NORMAL,15.0,
1433,95.756766,True,0.373,0.016,1.9,-10.5,False,False,,,True,True,False,False,False,False,False,False,NORMAL,15.0,,False,False,False,False,False,False,NORMAL,15.0,
1434,95.823588,True,0.321,0.015,2.5,-14.2,False,False,,,True,True,False,False,False,False,False,False,NORMAL,15.0,,False,False,False,False,False,False,NORMAL,15.0,
1435,95.890411,True,0.344,0.01,3.3,-16.8,False,False,,,True,True,False,False,False,False,False,False,NORMAL,15.0,,False,False,False,False,False,False,NORMAL,15.0,
1436,95.957234,True,0.348,0.01,3.7,-15.9,False,False,,,True,True,False,False,False,False,False,False,NORMAL,15.0,,False,False,False,False,False,False,NORMAL,15.0,
1437,96.024056,True,0.36,0.01,4.3,-18.2,False,False,,,True,True,False,False,False,False,False,False,NORMAL,15.0,,False,False,False,False,False,False,NORMAL,15.0,
1438,96.090879,True,0.363,0.009,3.5,-13.9,False,False,,,True,True,False,False,False,False,False,False,NORMAL,15.0,,False,False,False,False,False,False,NORMAL,15.0,
1439,96.157701,True,0.376,0.014,3.7,-13.4,False,False,,,True,True,False,False,False,False,False,False,NORMAL,15.0,,False,False,False,False,False,False,NORMAL,15.0,
1440,96.224524,True,0.369,0.01,2.8,-15.1,False,False,,,True,True,False,False,False,False,False,False,NORMAL,15.0,,False,False,False,False,False,False,NORMAL,15.0,
1441,96.291346,True,0.347,0.006,3.2,-17.4,False,False,,,True,True,False,False,False,False,False,False,NORMAL,15.0,,False,False,False,False,False,False,NORMAL,15.0,
1442,96.358169,True,0.334,0.007,0.6,-19.0,False,False,,,True,True,False,False,False,False,False,False,NORMAL,15.0,,False,False,False,False,False,False,NORMAL,15.0,
1443,96.424992,True,0.309,0.013,0.5,-20.2,False,False,,,True,True,False,False,False,False,False,False,NORMAL,15.0,,False,False,False,False,False,False,NORMAL,15.0,
1444,96.491814,True,0.317,0.01,1.3,-18.9,False,False,,,True,True,False,False,False,False,False,False,NORMAL,15.0,,False,False,False,False,False,False,NORMAL,15.0,
1445,96.558637,True,0.319,0.011,1.3,-20.3,False,False,,,True,True,False,False,False,False,False,False,NORMAL,15.0,,False,False,False,False,False,False,NORMAL,15.0,
1446,96.625459,True,0.315,0.01,4.2,-21.5,False,False,,,True,True,False,False,False,False,False,False,NORMAL,15.0,,False,False,False,False,False,False,NORMAL,15.0,
1447,96.692282,True,0.324,0.005,4.2,-19.7,False,False,,,True,True,False,False,False,False,False,False,NORMAL,15.0,,False,False,False,False,False,False,NORMAL,15.0,
1448,96.759105,True,0.266,0.007,1.4,-20.2,False,False,,,True,True,False,False,False,False,False,False,NORMAL,15.0,,False,False,False,False,False,False,NORMAL,15.0,
1449,96.825927,True,0.262,0.011,1.8,-19.8,False,False,,,True,True,False,False,False,False,False,False,NORMAL,15.0,,False,False,False,False,False,False,NORMAL,15.0,
1450,96.892750,True,0.266,0.01,1.9,-19.5,False,False,,,True,True,False,False,False,False,False,False,NORMAL,15.0,,False,False,False,False,False,False,NORMAL,15.0,
1451,96.959572,True,0.289,0.021,0.9,-25.4,False,False,,,True,True,False,False,False,False,False,False,NORMAL,15.0,,False,False,False,False,False,False,NORMAL,15.0,
1452,97.026395,True,0.316,0.016,1.0,-24.2,False,False,,,True,True,False,False,False,False,False,False,NORMAL,15.0,,False,False,False,False,False,False,NORMAL,15.0,
1453,97.093218,True,0.284,0.018,-0.5,-24.9,False,False,,,True,True,False,False,False,False,False,False,NORMAL,15.0,,False,False,False,False,False,False,NORMAL,15.0,
1454,97.160040,True,0.282,0.013,-0.8,-25.9,False,False,,,True,True,False,False,False,False,False,False,NORMAL,15.0,,False,False,False,False,False,False,NORMAL,15.0,
1455,97.226863,True,0.232,0.013,-1.0,-29.3,False,False,,,True,True,False,False,False,False,False,False,NORMAL,15.0,,False,False,False,False,False,False,NORMAL,15.0,
1456,97.293685,True,0.245,0.009,-1.1,-28.5,True,True,,,True,True,False,False,False,False,False,False,NORMAL,15.0,,False,False,False,False,False,False,NORMAL,15.0,
1457,97.360508,True,0.256,0.01,-0.7,-28.2,False,False,,,True,True,False,False,False,False,False,False,NORMAL,15.0,,False,False,False,False,False,False,NORMAL,15.0,
1458,97.427330,False,0.0,0.0,0.0,0.0,False,False,,,True,True,False,False,False,False,False,False,NORMAL,15.0,,False,False,False,False,False,False,NORMAL,15.0,
1459,97.494153,False,0.0,0.0,0.0,0.0,False,False,,,True,True,False,False,False,False,False,False,NORMAL,15.0,,False,False,False,False,False,False,NORMAL,15.0,
1460,97.560976,False,0.0,0.0,0.0,0.0,False,False,,,True,True,False,False,False,False,False,False,NORMAL,15.0,,False,False,False,False,False,False,NORMAL,15.0,
1461,97.627798,False,0.0,0.0,0.0,0.0,False,False,,,True,True,False,False,False,False,False,False,NORMAL,15.1,,False,False,False,False,False,False,NORMAL,15.1,
1462,97.694621,False,0.0,0.0,0.0,0.0,False,False,,,True,True,False,False,False,False,False,False,NORMAL,15.1,,False,False,False,False,False,False,NORMAL,15.1,
1463,97.761443,False,0.0,0.0,0.0,0.0,False,False,,,True,True,False,False,False,False,False,False,NORMAL,15.1,,False,False,False,False,False,False,NORMAL,15.1,
1464,97.828266,False,0.0,0.0,0.0,0.0,False,False,,,True,True,False,False,False,False,False,False,NORMAL,15.1,,False,False,False,False,False,False,NORMAL,15.1,
1465,97.895089,False,0.0,0.0,0.0,0.0,False,False,,,True,True,False,False,False,False,False,False,NORMAL,15.2,,False,False,False,False,False,False,NORMAL,15.2,
1466,97.961911,False,0.0,0.0,0.0,0.0,True,True,,,True,True,False,False,False,False,False,False,NORMAL,15.2,,False,False,False,False,False,False,NORMAL,15.2,
1467,98.028734,False,0.0,0.0,0.0,0.0,False,False,,,True,True,False,False,False,False,False,False,NORMAL,15.2,,False,False,False,False,False,False,NORMAL,15.2,
1468,98.095556,False,0.0,0.0,0.0,0.0,False,False,,,True,True,False,False,False,False,False,False,NORMAL,15.2,,False,False,False,False,False,False,NORMAL,15.2,
1469,98.162379,False,0.0,0.0,0.0,0.0,False,False,,,True,True,False,False,False,False,False,False,NORMAL,15.2,,False,False,False,False,False,False,NORMAL,15.2,
1470,98.229201,False,0.0,0.0,0.0,0.0,False,False,,,True,True,False,False,False,False,False,False,NORMAL,15.3,,False,False,False,False,False,False,NORMAL,15.3,
1471,98.296024,False,0.0,0.0,0.0,0.0,False,False,,,True,True,False,False,False,False,False,False,NORMAL,15.3,,False,False,False,False,False,False,NORMAL,15.3,
1472,98.362847,False,0.0,0.0,0.0,0.0,False,False,,,True,True,False,False,False,False,False,False,NORMAL,15.3,,False,False,False,False,False,False,NORMAL,15.3,
1473,98.429669,False,0.0,0.0,0.0,0.0,False,False,,,True,True,False,False,False,False,False,False,NORMAL,15.3,,False,False,False,False,False,False,NORMAL,15.3,
1474,98.496492,False,0.0,0.0,0.0,0.0,False,False,,,True,True,False,False,False,False,False,False,NORMAL,15.3,,False,False,False,False,False,False,NORMAL,15.3,
1475,98.563314,False,0.0,0.0,0.0,0.0,False,False,,,True,True,False,False,False,False,False,False,NORMAL,15.4,,False,False,False,False,False,False,NORMAL,15.4,
1476,98.630137,False,0.0,0.0,0.0,0.0,False,False,,,True,True,False,False,False,False,False,False,NORMAL,15.4,,False,False,False,False,False,False,NORMAL,15.4,
1477,98.696960,False,0.0,0.0,0.0,0.0,False,False,,,True,True,False,False,False,False,False,False,NORMAL,15.4,,False,False,False,False,False,False,NORMAL,15.4,
1478,98.763782,False,0.0,0.0,0.0,0.0,False,False,,,True,True,False,False,False,False,False,False,NORMAL,15.4,,False,False,False,False,False,False,NORMAL,15.4,
1479,98.830605,False,0.0,0.0,0.0,0.0,False,False,,,True,True,False,False,False,False,False,False,NORMAL,15.4,,False,False,False,False,False,False,NORMAL,15.4,
1480,98.897427,False,0.0,0.0,0.0,0.0,False,False,,,True,True,False,False,False,False,False,False,NORMAL,15.2,,False,False,False,False,False,False,NORMAL,15.2,
1481,98.964250,False,0.0,0.0,0.0,0.0,False,False,,,True,True,False,False,False,False,False,False,NORMAL,14.9,,False,False,False,False,False,False,NORMAL,14.9,
1482,99.031073,False,0.0,0.0,0.0,0.0,False,False,,,True,True,False,False,False,False,False,False,NORMAL,14.7,,False,False,False,False,False,False,NORMAL,14.7,
1483,99.097895,False,0.0,0.0,0.0,0.0,False,False,,,True,True,False,False,False,False,False,False,NORMAL,14.4,,False,False,False,False,False,False,NORMAL,14.4,
1484,99.164718,False,0.0,0.0,0.0,0.0,False,False,,,True,True,False,False,False,False,False,False,NORMAL,14.1,,False,False,False,False,False,False,NORMAL,14.1,
1485,99.231540,False,0.0,0.0,0.0,0.0,False,False,,,True,True,False,False,False,False,False,False,NORMAL,13.9,,False,False,False,False,False,False,NORMAL,13.9,
1486,99.298363,False,0.0,0.0,0.0,0.0,False,False,,,True,True,False,False,False,False,False,False,NORMAL,13.6,,False,False,False,False,False,False,NORMAL,13.6,
1487,99.365185,False,0.0,0.0,0.0,0.0,False,False,,,True,True,False,False,False,False,False,False,NORMAL,13.6,,False,False,False,False,False,False,NORMAL,13.6,
1488,99.432008,False,0.0,0.0,0.0,0.0,False,False,,,True,True,False,False,False,False,False,False,NORMAL,13.7,,False,False,False,False,False,False,NORMAL,13.7,
1489,99.498831,False,0.0,0.0,0.0,0.0,False,False,,,True,True,False,False,False,False,False,False,NORMAL,13.4,,False,False,False,False,False,False,NORMAL,13.4,
1490,99.565653,False,0.0,0.0,0.0,0.0,False,False,,,True,True,False,False,False,False,False,False,NORMAL,13.1,,False,False,False,False,False,False,NORMAL,13.1,
1491,99.632476,False,0.0,0.0,0.0,0.0,False,False,,,True,True,False,False,False,False,False,False,NORMAL,12.9,,False,False,False,False,False,False,NORMAL,12.9,
1492,99.699298,False,0.0,0.0,0.0,0.0,False,False,,,True,True,False,False,False,False,False,False,NORMAL,12.9,,False,False,False,False,False,False,NORMAL,12.9,
1493,99.766121,False,0.0,0.0,0.0,0.0,False,False,,,True,True,False,False,False,False,False,False,NORMAL,12.9,,False,False,False,False,False,False,NORMAL,12.9,
1494,99.832944,False,0.0,0.0,0.0,0.0,False,False,,,True,True,False,False,False,False,False,False,NORMAL,12.9,,False,False,False,False,False,False,NORMAL,12.9,
1495,99.899766,False,0.0,0.0,0.0,0.0,False,False,,,True,True,False,False,False,False,False,False,NORMAL,12.9,,False,False,False,False,False,False,NORMAL,12.9,
1496,99.966589,True,0.253,0.022,-1.4,-12.7,False,False,,,True,True,False,False,False,False,False,False,NORMAL,12.8,,False,False,False,False,False,False,NORMAL,12.8,
1497,100.033411,True,0.322,0.021,-6.3,-14.4,False,False,,,True,True,False,False,False,False,False,False,NORMAL,12.8,,False,False,False,False,False,False,NORMAL,12.8,
1498,100.100234,True,0.318,0.013,-6.2,-14.8,False,False,,,True,True,False,False,False,False,False,False,NORMAL,12.8,,False,False,False,False,False,False,NORMAL,12.8,
1499,100.167056,True,0.307,0.012,-6.6,-13.6,False,False,,,True,True,False,False,False,False,False,False,NORMAL,12.8,,False,False,False,False,False,False,NORMAL,12.8,
1500,100.233879,True,0.307,0.017,-9.3,-13.0,False,False,,,True,True,False,False,False,False,False,False,NORMAL,12.8,,False,False,False,False,False,False,NORMAL,12.8,
1501,100.300702,True,0.299,0.013,-9.6,-7.6,False,False,,,True,True,False,False,False,False,False,False,NORMAL,12.7,,False,False,False,False,False,False,NORMAL,12.7,
1502,100.367524,True,0.31,0.01,-8.7,-6.4,False,False,,,True,True,False,False,False,False,False,False,NORMAL,12.7,,False,False,False,False,False,False,NORMAL,12.7,
1503,100.434347,True,0.311,0.015,-9.0,-6.6,False,False,,,True,True,False,False,False,False,False,False,NORMAL,12.7,,False,False,False,False,False,False,NORMAL,12.7,
1504,100.501169,True,0.323,0.012,-6.0,-3.7,False,False,,,True,True,False,False,False,False,False,False,NORMAL,12.7,,False,False,False,False,False,False,NORMAL,12.7,
1505,100.567992,True,0.323,0.008,-6.2,-1.7,False,False,,,True,True,False,False,False,False,False,False,NORMAL,12.7,,False,False,False,False,False,False,NORMAL,12.7,
1506,100.634815,True,0.329,0.008,-6.9,-3.3,False,False,,,True,True,False,False,False,False,False,False,NORMAL,12.7,,False,False,False,False,False,False,NORMAL,12.7,
1507,100.701637,True,0.316,0.009,-6.7,-4.5,False,False,,,True,True,False,False,False,False,False,False,NORMAL,12.6,,False,False,False,False,False,False,NORMAL,12.6,
1508,100.768460,True,0.337,0.009,-6.6,-5.2,False,False,,,True,True,False,False,False,False,False,False,NORMAL,12.6,,False,False,False,False,False,False,NORMAL,12.6,
1509,100.835282,True,0.335,0.007,-5.8,-6.3,False,False,,,True,True,False,False,False,False,False,False,NORMAL,12.6,,False,False,False,False,False,False,NORMAL,12.6,
1510,100.902105,True,0.296,0.008,-6.0,-6.2,False,False,,,True,True,False,False,False,False,False,False,NORMAL,12.6,,False,False,False,False,False,False,NORMAL,12.6,
1511,100.968927,True,0.305,0.008,-6.5,-7.2,False,False,,,True,True,False,False,False,False,False,False,NORMAL,12.6,,False,False,False,False,False,False,NORMAL,12.6,
1512,101.035750,True,0.343,0.017,-9.0,-9.2,False,False,,,True,True,False,False,False,False,False,False,NORMAL,12.6,,False,False,False,False,False,False,NORMAL,12.6,
1513,101.102573,True,0.301,0.011,-8.1,-4.2,False,False,,,True,True,False,False,False,False,False,False,NORMAL,12.5,,False,False,False,False,False,False,NORMAL,12.5,
1514,101.169395,True,0.285,0.006,-8.7,-0.1,False,False,,,True,True,False,False,False,False,False,False,NORMAL,12.5,,False,False,False,False,False,False,NORMAL,12.5,
1515,101.236218,True,0.274,0.011,-4.3,2.7,False,False,,,True,True,False,False,False,False,False,False,NORMAL,12.5,,False,False,False,False,False,False,NORMAL,12.5,
1516,101.303040,False,0.0,0.0,0.0,0.0,False,False,,,True,True,False,False,False,False,False,False,NORMAL,12.5,,False,False,False,False,False,False,NORMAL,12.5,
1517,101.369863,True,0.258,0.007,-0.8,4.3,False,False,,,True,True,False,False,False,False,False,False,NORMAL,12.5,,False,False,False,False,False,False,NORMAL,12.5,
1518,101.436686,True,0.222,0.007,-3.4,7.1,False,False,,,True,True,False,False,False,False,False,False,NORMAL,12.5,,False,False,False,False,False,False,NORMAL,12.5,
1519,101.503508,True,0.198,0.006,-3.6,6.5,False,False,,,True,True,False,False,False,False,False,False,NORMAL,12.4,,False,False,False,False,False,False,NORMAL,12.4,
1520,101.570331,True,0.212,0.009,-3.9,9.1,False,False,,,True,True,False,False,False,False,False,False,NORMAL,12.4,,False,False,False,False,False,False,NORMAL,12.4,
1521,101.637153,False,0.0,0.0,0.0,0.0,False,False,,,True,True,False,False,False,False,False,False,NORMAL,12.4,,False,False,False,False,False,False,NORMAL,12.4,
1522,101.703976,True,0.245,0.015,-4.8,11.6,False,False,,,True,True,False,False,False,False,False,False,NORMAL,12.4,,False,False,False,False,False,False,NORMAL,12.4,
1523,101.770799,True,0.225,0.007,-5.9,10.3,False,False,,,True,True,False,False,False,False,False,False,NORMAL,12.4,,False,False,False,False,False,False,NORMAL,12.4,
1524,101.837621,True,0.114,0.022,-5.6,11.5,False,False,,,True,True,False,False,False,False,False,False,NORMAL,12.7,,False,False,False,False,False,False,NORMAL,12.7,
1525,101.904444,True,0.14,0.018,-5.7,10.6,False,False,,,True,True,False,False,False,False,False,False,NORMAL,12.9,,False,False,False,False,False,False,NORMAL,12.9,
1526,101.971266,True,0.105,0.016,-5.1,11.9,False,False,,,True,True,False,False,False,False,False,False,NORMAL,13.2,,False,False,False,False,False,False,NORMAL,13.2,
1527,102.038089,True,0.032,0.01,-3.7,13.4,False,False,,,True,True,False,False,False,False,False,False,NORMAL,13.4,,False,False,False,False,False,False,NORMAL,13.4,
1528,102.104911,True,0.024,0.005,-3.4,14.3,False,False,,,True,True,False,False,False,False,False,False,NORMAL,13.7,,False,False,False,False,False,False,NORMAL,13.7,
1529,102.171734,True,0.017,0.008,-1.1,12.9,False,False,,,True,True,False,False,False,False,False,False,NORMAL,13.9,,False,False,False,False,False,False,NORMAL,13.9,
1530,102.238557,True,0.014,0.006,-1.0,11.5,False,False,,,True,True,False,False,False,False,False,False,NORMAL,15.6,,False,False,False,False,False,False,NORMAL,15.6,
1531,102.305379,True,0.026,0.005,-0.9,11.6,False,False,,,True,True,False,False,False,False,False,False,NORMAL,18.2,,False,False,False,False,False,False,NORMAL,18.2,
1532,102.372202,True,0.019,0.005,-1.2,11.6,False,False,,,True,True,False,False,False,False,False,False,NORMAL,20.8,,False,False,False,False,False,False,NORMAL,20.8,
1533,102.439024,True,0.02,0.006,0.4,14.8,False,False,,,True,True,False,False,False,False,False,False,NORMAL,20.4,,False,False,False,False,False,False,NORMAL,20.4,
1534,102.505847,True,0.038,0.006,-1.6,15.4,False,False,,,True,True,False,False,False,False,False,False,NORMAL,20.0,,False,False,False,False,False,False,NORMAL,20.0,
1535,102.572670,True,0.033,0.005,-1.5,15.3,False,False,,,True,True,False,False,False,False,False,False,NORMAL,19.6,,False,False,False,False,False,False,NORMAL,19.6,
1536,102.639492,True,0.039,0.005,-1.2,13.7,False,False,,,True,True,False,False,False,False,False,False,NORMAL,19.2,,False,False,False,False,False,False,NORMAL,19.2,
1537,102.706315,True,0.027,0.005,-0.8,14.1,False,False,,,True,True,False,False,False,False,False,False,NORMAL,18.8,,False,False,False,False,False,False,NORMAL,18.8,
1538,102.773137,True,0.031,0.005,-0.8,14.5,False,False,,,True,True,False,False,False,False,False,False,NORMAL,18.4,,False,False,False,False,False,False,NORMAL,18.4,
1539,102.839960,True,0.031,0.004,-0.5,14.4,False,False,,,True,True,False,False,False,False,False,False,NORMAL,18.1,,False,False,False,False,False,False,NORMAL,18.1,
1540,102.906782,True,0.038,0.005,-0.2,13.9,False,False,,,True,True,False,False,False,False,False,False,NORMAL,17.7,,False,False,False,False,False,False,NORMAL,17.7,
1541,102.973605,True,0.036,0.005,0.3,14.1,False,False,,,True,True,False,False,False,False,False,False,NORMAL,17.4,,False,False,False,False,False,False,NORMAL,17.4,
1542,103.040428,True,0.034,0.004,0.0,13.9,False,False,,,True,True,False,False,False,False,False,False,NORMAL,17.0,,False,False,False,False,False,False,NORMAL,17.0,
1543,103.107250,True,0.038,0.003,0.3,14.7,False,False,,,True,True,False,False,False,False,False,False,NORMAL,16.7,,False,False,False,False,False,False,NORMAL,16.7,
1544,103.174073,True,0.037,0.005,-0.2,14.9,False,False,,,True,True,False,False,False,False,False,False,NORMAL,16.3,,False,False,False,False,False,False,NORMAL,16.3,
1545,103.240895,True,0.042,0.005,-0.8,15.2,False,False,,,True,True,False,False,False,False,False,False,NORMAL,16.0,,False,False,False,False,False,False,NORMAL,16.0,
1546,103.307718,True,0.047,0.006,-1.4,15.3,False,False,,,True,True,False,False,False,False,False,False,NORMAL,16.0,,False,False,False,False,False,False,NORMAL,16.0,
1547,103.374541,True,0.053,0.005,-1.5,15.3,False,False,,,True,True,False,False,False,False,False,False,NORMAL,16.0,,False,False,False,False,False,False,NORMAL,16.0,
1548,103.441363,True,0.058,0.006,-1.8,15.2,False,False,,,True,True,False,False,False,False,False,False,NORMAL,15.7,,False,False,False,False,False,False,NORMAL,15.7,
1549,103.508186,True,0.059,0.003,-2.1,14.4,False,False,,,True,True,False,False,False,False,False,False,NORMAL,16.0,,False,False,False,False,False,False,NORMAL,16.0,
1550,103.575008,True,0.069,0.006,-2.9,15.1,False,False,,,True,True,False,False,False,False,False,False,NORMAL,15.7,,False,False,False,False,False,False,NORMAL,15.7,
1551,103.641831,True,0.079,0.005,-3.6,9.9,False,False,,,True,True,False,False,False,False,False,False,NORMAL,15.7,,False,False,False,False,False,False,NORMAL,15.7,
1552,103.708654,True,0.11,0.009,-3.1,9.3,False,False,,,True,True,False,False,False,False,False,False,NORMAL,15.7,,False,False,False,False,False,False,NORMAL,15.7,
1553,103.775476,True,0.139,0.014,-2.8,9.9,False,False,,,True,True,False,False,False,False,False,False,NORMAL,16.0,,False,False,False,False,False,False,NORMAL,16.0,
1554,103.842299,True,0.155,0.008,-2.3,5.8,False,False,,,True,True,False,False,False,False,False,False,NORMAL,16.3,,False,False,False,False,False,False,NORMAL,16.3,
1555,103.909121,True,0.157,0.008,-1.8,3.5,False,False,,,True,True,False,False,False,False,False,False,NORMAL,16.5,,False,False,False,False,False,False,NORMAL,16.5,
1556,103.975944,True,0.189,0.007,-0.9,5.7,False,False,,,True,True,False,False,False,False,False,False,NORMAL,16.5,,False,False,False,False,False,False,NORMAL,16.5,
1557,104.042766,True,0.251,0.007,-3.2,7.0,False,False,,,True,True,False,False,False,False,False,False,NORMAL,16.5,,False,False,False,False,False,False,NORMAL,16.5,
1558,104.109589,True,0.341,0.01,-2.9,1.0,False,False,,,True,True,False,False,False,False,False,False,NORMAL,16.5,,False,False,False,False,False,False,NORMAL,16.5,
1559,104.176412,True,0.318,0.007,-2.1,2.7,False,False,,,True,True,False,False,False,False,False,False,NORMAL,16.5,,False,False,False,False,False,False,NORMAL,16.5,
1560,104.243234,True,0.267,0.009,-2.4,2.0,False,False,,,True,True,False,False,False,False,False,False,NORMAL,16.5,,False,False,False,False,False,False,NORMAL,16.5,
1561,104.310057,True,0.263,0.013,-1.6,1.3,False,False,,,True,True,False,False,False,False,False,False,NORMAL,16.5,,False,False,False,False,False,False,NORMAL,16.5,
1562,104.376879,True,0.266,0.013,-1.7,2.1,False,False,,,True,True,False,False,False,False,False,False,NORMAL,16.5,,False,False,False,False,False,False,NORMAL,16.5,
1563,104.443702,True,0.275,0.009,-4.6,-1.4,False,False,,,True,True,False,False,False,False,False,False,NORMAL,16.5,,False,False,False,False,False,False,NORMAL,16.5,
1564,104.510525,True,0.305,0.01,-4.4,-0.3,False,False,,,True,True,False,False,False,False,False,False,NORMAL,16.5,,False,False,False,False,False,False,NORMAL,16.5,
1565,104.577347,True,0.279,0.008,-3.1,-1.5,False,False,,,True,True,False,False,False,False,False,False,NORMAL,16.5,,False,False,False,False,False,False,NORMAL,16.5,
1566,104.644170,True,0.318,0.005,-3.5,-0.5,False,False,,,True,True,False,False,False,False,False,False,NORMAL,16.5,,False,False,False,False,False,False,NORMAL,16.5,
1567,104.710992,True,0.312,0.008,-2.9,-5.7,False,False,,,True,True,False,False,False,False,False,False,NORMAL,16.5,,False,False,False,False,False,False,NORMAL,16.5,
1568,104.777815,True,0.308,0.014,-2.6,-6.9,False,False,,,True,True,False,False,False,False,False,False,NORMAL,16.5,,False,False,False,False,False,False,NORMAL,16.5,
1569,104.844637,True,0.301,0.01,-2.5,-5.2,False,False,,,True,True,False,False,False,False,False,False,NORMAL,16.5,,False,False,False,False,False,False,NORMAL,16.5,
1570,104.911460,True,0.316,0.007,-2.2,-4.8,False,False,,,True,True,False,False,False,False,False,False,NORMAL,16.5,,False,False,False,False,False,False,NORMAL,16.5,
1571,104.978283,True,0.329,0.006,-1.9,-4.1,False,False,,,True,True,False,False,False,False,False,False,NORMAL,16.5,,False,False,False,False,False,False,NORMAL,16.5,
1572,105.045105,True,0.316,0.008,-3.9,-1.3,False,False,,,True,True,False,False,False,False,False,False,NORMAL,16.5,,False,False,False,False,False,False,NORMAL,16.5,
1573,105.111928,True,0.339,0.011,-3.7,-0.9,False,False,,,True,True,False,False,False,False,False,False,NORMAL,16.5,,False,False,False,False,False,False,NORMAL,16.5,
1574,105.178750,True,0.302,0.009,-3.4,-0.4,False,False,,,True,True,False,False,False,False,False,False,NORMAL,16.5,,False,False,False,False,False,False,NORMAL,16.5,
1575,105.245573,True,0.249,0.005,-2.6,-2.2,False,False,,,True,True,False,False,False,False,False,False,NORMAL,16.5,,False,False,False,False,False,False,NORMAL,16.5,
1576,105.312396,True,0.312,0.014,-2.5,-3.3,True,True,,,True,True,False,False,False,False,False,False,NORMAL,16.5,,False,False,False,False,False,False,NORMAL,16.5,
1577,105.379218,True,0.284,0.006,0.2,-5.6,False,False,,,True,True,False,False,False,False,False,False,NORMAL,16.5,,False,False,False,False,False,False,NORMAL,16.5,
1578,105.446041,True,0.274,0.022,-1.4,3.4,False,False,,,True,True,False,False,False,False,False,False,NORMAL,16.5,,False,False,False,False,False,False,NORMAL,16.5,
1579,105.512863,False,0.0,0.0,0.0,0.0,False,False,,,True,True,False,False,False,False,False,False,NORMAL,16.6,,False,False,False,False,False,False,NORMAL,16.6,
1580,105.579686,True,0.243,0.012,4.3,7.6,False,False,,,True,True,False,False,False,False,False,False,NORMAL,16.6,,False,False,False,False,False,False,NORMAL,16.6,
1581,105.646509,True,0.227,0.009,7.4,4.8,False,False,,,True,True,False,False,False,False,False,False,NORMAL,16.6,,False,False,False,False,False,False,NORMAL,16.6,
1582,105.713331,True,0.341,0.009,9.4,3.2,False,False,,,True,True,False,False,False,False,False,False,NORMAL,16.6,,False,False,False,False,False,False,NORMAL,16.6,
1583,105.780154,True,0.325,0.008,9.1,1.8,False,False,,,True,True,False,False,False,False,False,False,NORMAL,16.6,,False,False,False,False,False,False,NORMAL,16.6,
1584,105.846976,True,0.304,0.013,10.3,1.6,False,False,,,True,True,False,False,False,False,False,False,NORMAL,16.6,,False,False,False,False,False,False,NORMAL,16.6,
1585,105.913799,True,0.262,0.006,8.8,-10.1,False,False,,,True,True,False,False,False,False,False,False,NORMAL,16.6,,False,False,False,False,False,False,NORMAL,16.6,
1586,105.980621,True,0.264,0.009,8.7,-12.7,False,False,,,True,True,False,False,False,False,False,False,NORMAL,16.6,,False,False,False,False,False,False,NORMAL,16.6,
1587,106.047444,False,0.0,0.0,0.0,0.0,True,True,,,True,True,False,False,False,False,False,False,NORMAL,16.6,,False,False,False,False,False,False,NORMAL,16.6,
1588,106.114267,True,0.278,0.01,4.1,-13.4,True,True,,,True,True,False,False,False,False,False,False,NORMAL,16.6,,False,False,False,False,False,False,NORMAL,16.6,
1589,106.181089,True,0.276,0.018,2.6,-10.6,True,True,,,True,True,False,False,False,False,False,False,NORMAL,16.6,,False,False,False,False,False,False,NORMAL,16.6,
1590,106.247912,True,0.311,0.009,-0.7,2.3,True,True,,,True,True,False,False,False,False,False,False,NORMAL,16.6,,False,False,False,False,False,False,NORMAL,16.6,
1591,106.314734,True,0.308,0.008,-3.7,-0.5,False,False,,,True,True,False,False,False,False,False,False,NORMAL,16.6,,False,False,False,False,False,False,NORMAL,16.6,
1592,106.381557,True,0.266,0.008,-5.5,-0.9,False,False,,,True,True,False,False,False,False,False,False,NORMAL,16.6,,False,False,False,False,False,False,NORMAL,16.6,
1593,106.448380,True,0.334,0.016,-7.2,-1.8,True,True,,,True,True,False,False,False,False,False,False,NORMAL,16.6,,False,False,False,False,False,False,NORMAL,16.6,
1594,106.515202,True,0.293,0.01,-10.3,-0.9,True,True,,,True,True,False,False,False,False,False,False,NORMAL,16.6,,False,False,False,False,False,False,NORMAL,16.6,
1595,106.582025,True,0.282,0.007,-8.5,-0.6,True,True,,,True,True,False,False,False,False,False,False,NORMAL,16.6,,False,False,False,False,False,False,NORMAL,16.6,
1596,106.648847,True,0.247,0.005,-9.8,-1.5,True,True,,,True,True,False,False,False,False,False,False,NORMAL,16.6,,False,False,False,False,False,False,NORMAL,16.6,
1597,106.715670,True,0.34,0.006,-13.8,1.7,False,False,,,True,True,False,False,False,False,False,False,NORMAL,16.6,,False,False,False,False,False,False,NORMAL,16.6,
1598,106.782492,True,0.351,0.015,-13.8,3.5,False,False,,,True,True,False,False,False,False,False,False,NORMAL,16.6,,False,False,False,False,False,False,NORMAL,16.6,
1599,106.849315,True,0.298,0.011,-16.1,-0.7,True,True,,,True,True,False,False,False,False,False,False,NORMAL,16.6,,False,False,False,False,False,False,NORMAL,16.6,
1600,106.916138,False,0.0,0.0,0.0,0.0,False,False,,,True,True,False,False,False,False,False,False,NORMAL,16.6,,False,False,False,False,False,False,NORMAL,16.6,
1601,106.982960,True,0.211,0.02,-10.6,-8.7,True,True,,,True,True,False,False,False,False,False,False,NORMAL,16.6,,False,False,False,False,False,False,NORMAL,16.6,
1602,107.049783,False,0.0,0.0,0.0,0.0,True,True,,,True,True,False,False,False,False,False,False,NORMAL,16.6,,False,False,False,False,False,False,NORMAL,16.6,
1603,107.116605,True,0.29,0.011,-8.6,-2.6,False,False,,,True,True,False,False,False,False,False,False,NORMAL,16.6,,False,False,False,False,False,False,NORMAL,16.6,
1604,107.183428,True,0.286,0.008,-10.7,-1.2,False,False,,,True,True,False,False,False,False,False,False,NORMAL,16.6,,False,False,False,False,False,False,NORMAL,16.6,
1605,107.250251,False,0.0,0.0,0.0,0.0,False,False,,,True,True,False,False,False,False,False,False,NORMAL,16.6,,False,False,False,False,False,False,NORMAL,16.6,
1606,107.317073,False,0.0,0.0,0.0,0.0,False,False,,,True,True,False,False,False,False,False,False,NORMAL,16.7,,False,False,False,False,False,False,NORMAL,16.7,
1607,107.383896,False,0.0,0.0,0.0,0.0,False,False,,,True,True,False,False,False,False,False,False,NORMAL,16.7,,False,False,False,False,False,False,NORMAL,16.7,
1608,107.450718,True,0.215,0.024,-3.9,-10.0,False,False,,,True,True,False,False,False,False,False,False,NORMAL,16.7,,False,False,False,False,False,False,NORMAL,16.7,
1609,107.517541,True,0.304,0.019,-2.9,-20.8,False,False,,,True,True,False,False,False,False,False,False,NORMAL,16.7,,False,False,False,False,False,False,NORMAL,16.7,
1610,107.584364,True,0.315,0.019,-2.3,-23.2,False,False,,,True,True,False,False,False,False,False,False,NORMAL,16.7,,False,False,False,False,False,False,NORMAL,16.7,
1611,107.651186,True,0.348,0.012,-1.6,-21.5,False,False,,,True,True,False,False,False,False,False,False,NORMAL,16.4,,False,False,False,False,False,False,NORMAL,16.4,
1612,107.718009,True,0.354,0.017,-5.7,-17.3,False,False,,,True,True,False,False,False,False,False,False,NORMAL,16.2,,False,False,False,False,False,False,NORMAL,16.2,
1613,107.784831,True,0.353,0.014,-6.4,-16.3,False,False,,,True,True,False,False,False,False,False,False,NORMAL,15.9,,False,False,False,False,False,False,NORMAL,15.9,
1614,107.851654,True,0.333,0.015,-4.9,-15.5,False,False,,,True,True,False,False,False,False,False,False,NORMAL,15.9,,False,False,False,False,False,False,NORMAL,15.9,
1615,107.918476,True,0.343,0.013,-3.6,-14.3,False,False,,,True,True,False,False,False,False,False,False,NORMAL,15.9,,False,False,False,False,False,False,NORMAL,15.9,
1616,107.985299,True,0.341,0.011,-2.3,-18.0,False,False,,,True,True,False,False,False,False,False,False,NORMAL,15.9,,False,False,False,False,False,False,NORMAL,15.9,
1617,108.052122,True,0.34,0.009,-2.9,-17.8,False,False,,,True,True,False,False,False,False,False,False,NORMAL,15.9,,False,False,False,False,False,False,NORMAL,15.9,
1618,108.118944,True,0.343,0.004,-3.2,-18.4,False,False,,,True,True,False,False,False,False,False,False,NORMAL,15.9,,False,False,False,False,False,False,NORMAL,15.9,
1619,108.185767,True,0.34,0.005,-3.0,-17.8,False,False,,,True,True,False,False,False,False,False,False,NORMAL,15.9,,False,False,False,False,False,False,NORMAL,15.9,
1620,108.252589,True,0.337,0.007,-3.9,-18.3,False,False,,,True,True,False,False,False,False,False,False,NORMAL,15.9,,False,False,False,False,False,False,NORMAL,15.9,
1621,108.319412,True,0.336,0.006,-4.3,-17.8,False,False,,,True,True,False,False,False,False,False,False,NORMAL,15.9,,False,False,False,False,False,False,NORMAL,15.9,
1622,108.386235,True,0.337,0.006,-4.7,-17.7,False,False,,,True,True,False,False,False,False,False,False,NORMAL,15.9,,False,False,False,False,False,False,NORMAL,15.9,
1623,108.453057,True,0.37,0.008,-5.0,-18.3,False,False,,,True,True,False,False,False,False,False,False,NORMAL,15.9,,False,False,False,False,False,False,NORMAL,15.9,
1624,108.519880,True,0.322,0.007,-6.0,-19.1,False,False,,,True,True,False,False,False,False,False,False,NORMAL,15.9,,False,False,False,False,False,False,NORMAL,15.9,
1625,108.586702,True,0.309,0.007,-6.7,-18.2,False,False,,,True,True,False,False,False,False,False,False,NORMAL,15.9,,False,False,False,False,False,False,NORMAL,15.9,
1626,108.653525,True,0.323,0.004,-6.0,-18.4,False,False,,,True,True,False,False,False,False,False,False,NORMAL,15.9,,False,False,False,False,False,False,NORMAL,15.9,
1627,108.720347,True,0.293,0.007,-5.1,-17.8,False,False,,,True,True,False,False,False,False,False,False,NORMAL,15.9,,False,False,False,False,False,False,NORMAL,15.9,
1628,108.787170,True,0.275,0.009,-3.5,-17.4,False,False,,,True,True,False,False,False,False,False,False,NORMAL,15.9,,False,False,False,False,False,False,NORMAL,15.9,
1629,108.853993,True,0.268,0.018,-0.1,-15.2,False,False,,,True,True,False,False,False,False,False,False,NORMAL,15.9,,False,False,False,False,False,False,NORMAL,15.9,
1630,108.920815,True,0.325,0.009,-0.6,-13.0,False,False,,,True,True,False,False,False,False,False,False,NORMAL,15.9,,False,False,False,False,False,False,NORMAL,15.9,
1631,108.987638,True,0.322,0.006,-0.4,-15.3,False,False,,,True,True,False,False,False,False,False,False,NORMAL,15.9,,False,False,False,False,False,False,NORMAL,15.9,
1632,109.054460,True,0.315,0.008,0.5,-16.4,False,False,,,True,True,False,False,False,False,False,False,NORMAL,15.8,,False,False,False,False,False,False,NORMAL,15.8,
1633,109.121283,True,0.268,0.017,0.2,-14.2,False,False,,,True,True,False,False,False,False,False,False,NORMAL,15.6,,False,False,False,False,False,False,NORMAL,15.6,
1634,109.188106,True,0.273,0.018,-0.3,-13.5,False,False,,,True,True,False,False,False,False,False,False,NORMAL,15.6,,False,False,False,False,False,False,NORMAL,15.6,
1635,109.254928,True,0.277,0.016,0.7,-13.5,False,False,,,True,True,False,False,False,False,False,False,NORMAL,15.6,,False,False,False,False,False,False,NORMAL,15.6,
1636,109.321751,True,0.268,0.019,-0.9,-13.4,False,False,,,True,True,False,False,False,False,False,False,NORMAL,15.6,,False,False,False,False,False,False,NORMAL,15.6,
1637,109.388573,True,0.269,0.017,-1.0,-14.8,False,False,,,True,True,False,False,False,False,False,False,NORMAL,15.6,,False,False,False,False,False,False,NORMAL,15.6,
1638,109.455396,True,0.285,0.01,-2.4,-11.2,False,False,,,True,True,False,False,False,False,False,False,NORMAL,15.6,,False,False,False,False,False,False,NORMAL,15.6,
1639,109.522219,True,0.293,0.007,-2.9,-8.2,False,False,,,True,True,False,False,False,False,False,False,NORMAL,15.3,,False,False,False,False,False,False,NORMAL,15.3,
1640,109.589041,True,0.291,0.007,-4.3,-8.2,False,False,,,True,True,False,False,False,False,False,False,NORMAL,15.0,,False,False,False,False,False,False,NORMAL,15.0,
1641,109.655864,False,0.0,0.0,0.0,0.0,False,False,,,True,True,False,False,False,False,False,False,NORMAL,15.1,,False,False,False,False,False,False,NORMAL,15.1,
1642,109.722686,True,0.196,0.016,-2.0,-9.1,False,False,,,True,True,False,False,False,False,False,False,NORMAL,15.1,,False,False,False,False,False,False,NORMAL,15.1,
1643,109.789509,True,0.237,0.008,-2.2,-12.4,False,False,,,True,True,False,False,False,False,False,False,NORMAL,15.1,,False,False,False,False,False,False,NORMAL,15.1,
1644,109.856331,False,0.0,0.0,0.0,0.0,False,False,,,True,True,False,False,False,False,False,False,NORMAL,15.1,,False,False,False,False,False,False,NORMAL,15.1,
1645,109.923154,True,0.271,0.008,-4.1,-11.6,False,False,,,True,True,False,False,False,False,False,False,NORMAL,14.8,,False,False,False,False,False,False,NORMAL,14.8,
1646,109.989977,True,0.288,0.006,-2.4,-13.7,False,False,,,True,True,False,False,False,False,False,False,NORMAL,14.5,,False,False,False,False,False,False,NORMAL,14.5,
1647,110.056799,True,0.3,0.011,0.3,-11.7,False,False,,,True,True,False,False,False,False,False,False,NORMAL,14.3,,False,False,False,False,False,False,NORMAL,14.3,
1648,110.123622,True,0.312,0.015,0.5,-12.7,False,False,,,True,True,False,False,False,False,False,False,NORMAL,14.3,,False,False,False,False,False,False,NORMAL,14.3,
1649,110.190444,True,0.339,0.011,-4.2,-9.0,False,False,,,True,True,False,False,False,False,False,False,NORMAL,14.3,,False,False,False,False,False,False,NORMAL,14.3,
1650,110.257267,False,0.0,0.0,0.0,0.0,False,False,,,True,True,False,False,False,False,False,False,NORMAL,14.3,,False,False,False,False,False,False,NORMAL,14.3,
1651,110.324090,True,0.297,0.025,-2.3,-14.6,False,False,,,True,True,False,False,False,False,False,False,NORMAL,14.0,,False,False,False,False,False,False,NORMAL,14.0,
1652,110.390912,True,0.301,0.013,-2.3,-13.4,False,False,,,True,True,False,False,False,False,False,False,NORMAL,13.7,,False,False,False,False,False,False,NORMAL,13.7,
1653,110.457735,True,0.267,0.015,0.4,-10.4,False,False,,,True,True,False,False,False,False,False,False,NORMAL,13.5,,False,False,False,False,False,False,NORMAL,13.5,
1654,110.524557,True,0.268,0.013,-0.8,-5.5,False,False,,,True,True,False,False,False,False,False,False,NORMAL,13.2,,False,False,False,False,False,False,NORMAL,13.2,
1655,110.591380,True,0.251,0.011,-3.6,-0.7,False,False,,,True,True,False,False,False,False,False,False,NORMAL,12.9,,False,False,False,False,False,False,NORMAL,12.9,
1656,110.658202,True,0.269,0.014,-4.7,1.2,False,False,,,True,True,False,False,False,False,False,False,NORMAL,12.9,,False,False,False,False,False,False,NORMAL,12.9,
1657,110.725025,True,0.271,0.012,-5.5,2.1,False,False,,,True,True,False,False,False,False,False,False,NORMAL,12.9,,False,False,False,False,False,False,NORMAL,12.9,
1658,110.791848,True,0.272,0.011,-5.3,0.7,False,False,,,True,True,False,False,False,False,False,False,NORMAL,12.9,,False,False,False,False,False,False,NORMAL,12.9,
1659,110.858670,True,0.276,0.009,-5.3,1.5,False,False,,,True,True,False,False,False,False,False,False,NORMAL,12.9,,False,False,False,False,False,False,NORMAL,12.9,
1660,110.925493,True,0.285,0.008,-5.2,1.9,False,False,,,True,True,False,False,False,False,False,False,NORMAL,12.9,,False,False,False,False,False,False,NORMAL,12.9,
1661,110.992315,True,0.286,0.008,-4.9,1.6,False,False,,,True,True,False,False,False,False,False,False,NORMAL,12.9,,False,False,False,False,False,False,NORMAL,12.9,
1662,111.059138,True,0.271,0.007,-4.4,1.5,False,False,,,True,True,False,False,False,False,False,False,NORMAL,12.9,,False,False,False,False,False,False,NORMAL,12.9,
1663,111.125961,True,0.268,0.008,-3.8,0.5,False,False,,,True,True,False,False,False,False,False,False,NORMAL,12.9,,False,False,False,False,False,False,NORMAL,12.9,
1664,111.192783,True,0.265,0.009,-3.9,0.5,False,False,,,True,True,False,False,False,False,False,False,NORMAL,12.9,,False,False,False,False,False,False,NORMAL,12.9,
1665,111.259606,True,0.246,0.01,-3.7,0.7,False,False,,,True,True,False,False,False,False,False,False,NORMAL,12.9,,False,False,False,False,False,False,NORMAL,12.9,
1666,111.326428,True,0.241,0.008,-3.0,1.8,False,False,,,True,True,False,False,False,False,False,False,NORMAL,12.9,,False,False,False,False,False,False,NORMAL,12.9,
1667,111.393251,True,0.239,0.008,-2.4,1.0,False,False,,,True,True,False,False,False,False,False,False,NORMAL,12.9,,False,False,False,False,False,False,NORMAL,12.9,
1668,111.460074,True,0.24,0.008,-2.4,0.3,False,False,,,True,True,False,False,False,False,False,False,NORMAL,12.9,,False,False,False,False,False,False,NORMAL,12.9,
1669,111.526896,True,0.245,0.008,-3.2,0.7,False,False,,,True,True,False,False,False,False,False,False,NORMAL,12.9,,False,False,False,False,False,False,NORMAL,12.9,
1670,111.593719,True,0.253,0.009,-3.6,0.1,False,False,,,True,True,False,False,False,False,False,False,NORMAL,12.9,,False,False,False,False,False,False,NORMAL,12.9,
1671,111.660541,True,0.254,0.011,-3.2,-0.0,False,False,,,True,True,False,False,False,False,False,False,NORMAL,12.9,,False,False,False,False,False,False,NORMAL,12.9,
1672,111.727364,True,0.242,0.01,-3.0,0.1,False,False,,,True,True,False,False,False,False,False,False,NORMAL,12.9,,False,False,False,False,False,False,NORMAL,12.9,
1673,111.794186,True,0.232,0.011,-3.2,-0.6,False,False,,,True,True,False,False,False,False,False,False,NORMAL,12.9,,False,False,False,False,False,False,NORMAL,12.9,
1674,111.861009,True,0.258,0.009,-3.4,1.8,False,False,,,True,True,False,False,False,False,False,False,NORMAL,12.9,,False,False,False,False,False,False,NORMAL,12.9,
1675,111.927832,True,0.244,0.009,-4.2,2.0,False,False,,,True,True,False,False,False,False,False,False,NORMAL,12.9,,False,False,False,False,False,False,NORMAL,12.9,
1676,111.994654,True,0.226,0.01,-4.0,2.4,False,False,,,True,True,False,False,False,False,False,False,NORMAL,12.9,,False,False,False,False,False,False,NORMAL,12.9,
1677,112.061477,True,0.268,0.01,-4.5,2.3,False,False,,,True,True,False,False,False,False,False,False,NORMAL,12.9,,False,False,False,False,False,False,NORMAL,12.9,
1678,112.128299,True,0.27,0.007,-6.4,1.4,False,False,,,True,True,False,False,False,False,False,False,NORMAL,12.9,,False,False,False,False,False,False,NORMAL,12.9,
1679,112.195122,True,0.251,0.013,-7.4,2.2,True,True,,,True,True,False,False,False,False,False,False,NORMAL,12.9,,False,False,False,False,False,False,NORMAL,12.9,
1680,112.261945,True,0.282,0.013,-7.1,2.5,False,False,,,True,True,False,False,False,False,False,False,NORMAL,12.9,,False,False,False,False,False,False,NORMAL,12.9,
1681,112.328767,True,0.289,0.012,-7.0,-0.6,False,False,,,True,True,False,False,False,False,False,False,NORMAL,12.9,,False,False,False,False,False,False,NORMAL,12.9,
1682,112.395590,True,0.254,0.01,-5.3,-0.2,False,False,,,True,True,False,False,False,False,False,False,NORMAL,12.9,,False,False,False,False,False,False,NORMAL,12.9,
1683,112.462412,True,0.284,0.007,-7.9,1.6,False,False,,,True,True,False,False,False,False,False,False,NORMAL,12.9,,False,False,False,False,False,False,NORMAL,12.9,
1684,112.529235,True,0.282,0.007,-8.0,1.2,False,False,,,True,True,False,False,False,False,False,False,NORMAL,12.9,,False,False,False,False,False,False,NORMAL,12.9,
1685,112.596057,True,0.274,0.012,-6.7,0.8,False,False,,,True,True,False,False,False,False,False,False,NORMAL,12.9,,False,False,False,False,False,False,NORMAL,12.9,
1686,112.662880,True,0.277,0.012,-7.9,-1.1,False,False,,,True,True,False,False,False,False,False,False,NORMAL,12.9,,False,False,False,False,False,False,NORMAL,12.9,
1687,112.729703,True,0.279,0.011,-8.3,-0.6,False,False,,,True,True,False,False,False,False,False,False,NORMAL,12.9,,False,False,False,False,False,False,NORMAL,12.9,
1688,112.796525,True,0.295,0.012,-7.6,-0.8,False,False,,,True,True,False,False,False,False,False,False,NORMAL,12.9,,False,False,False,False,False,False,NORMAL,12.9,
1689,112.863348,True,0.273,0.008,-6.5,-1.1,False,False,,,True,True,False,False,False,False,False,False,NORMAL,12.9,,False,False,False,False,False,False,NORMAL,12.9,
1690,112.930170,True,0.28,0.008,-5.4,-1.0,False,False,,,True,True,False,False,False,False,False,False,NORMAL,12.9,,False,False,False,False,False,False,NORMAL,12.9,
1691,112.996993,True,0.27,0.009,-4.6,-0.1,False,False,,,True,True,False,False,False,False,False,False,NORMAL,12.9,,False,False,False,False,False,False,NORMAL,12.9,
1692,113.063816,True,0.294,0.007,-6.8,-1.8,False,False,,,True,True,False,False,False,False,False,False,NORMAL,12.9,,False,False,False,False,False,False,NORMAL,12.9,
1693,113.130638,False,0.0,0.0,0.0,0.0,False,False,,,True,True,False,False,False,False,False,False,NORMAL,13.0,,False,False,False,False,False,False,NORMAL,13.0,
1694,113.197461,True,0.181,0.024,-3.2,-6.8,False,False,,,True,True,False,False,False,False,False,False,NORMAL,13.0,,False,False,False,False,False,False,NORMAL,13.0,
1695,113.264283,True,0.238,0.015,-2.1,-8.0,False,False,,,True,True,False,False,False,False,False,False,NORMAL,13.0,,False,False,False,False,False,False,NORMAL,13.0,
1696,113.331106,True,0.244,0.024,-2.0,-11.0,False,False,,,True,True,False,False,False,False,False,False,NORMAL,13.0,,False,False,False,False,False,False,NORMAL,13.0,
1697,113.397928,True,0.231,0.019,-2.4,-11.3,False,False,,,True,True,False,False,False,False,False,False,NORMAL,13.0,,False,False,False,False,False,False,NORMAL,13.0,
1698,113.464751,True,0.24,0.015,-2.7,-11.4,False,False,,,True,True,False,False,False,False,False,False,NORMAL,13.0,,False,False,False,False,False,False,NORMAL,13.0,
1699,113.531574,True,0.252,0.015,-3.1,-11.0,False,False,,,True,True,False,False,False,False,False,False,NORMAL,13.0,,False,False,False,False,False,False,NORMAL,13.0,
1700,113.598396,True,0.25,0.015,-3.6,-11.3,False,False,,,True,True,False,False,False,False,False,False,NORMAL,13.0,,False,False,False,False,False,False,NORMAL,13.0,
1701,113.665219,True,0.258,0.005,-2.9,-2.8,False,False,,,True,True,False,False,False,False,False,False,NORMAL,13.0,,False,False,False,False,False,False,NORMAL,13.0,
1702,113.732041,True,0.273,0.005,-4.6,-9.3,False,False,,,True,True,False,False,False,False,False,False,NORMAL,13.0,,False,False,False,False,False,False,NORMAL,13.0,
1703,113.798864,True,0.273,0.007,-3.9,-10.0,False,False,,,True,True,False,False,False,False,False,False,NORMAL,13.0,,False,False,False,False,False,False,NORMAL,13.0,
1704,113.865687,True,0.268,0.009,-3.8,-10.2,False,False,,,True,True,False,False,False,False,False,False,NORMAL,13.0,,False,False,False,False,False,False,NORMAL,13.0,
1705,113.932509,True,0.295,0.011,-1.6,-8.8,False,False,,,True,True,False,False,False,False,False,False,NORMAL,13.0,,False,False,False,False,False,False,NORMAL,13.0,
1706,113.999332,True,0.303,0.02,-0.3,-10.9,False,False,,,True,True,False,False,False,False,False,False,NORMAL,13.0,,False,False,False,False,False,False,NORMAL,13.0,
1707,114.066154,True,0.298,0.02,-0.3,-9.7,False,False,,,True,True,False,False,False,False,False,False,NORMAL,13.0,,False,False,False,False,False,False,NORMAL,13.0,
1708,114.132977,True,0.291,0.018,-0.4,-9.0,False,False,,,True,True,False,False,False,False,False,False,NORMAL,13.0,,False,False,False,False,False,False,NORMAL,13.0,
1709,114.199800,True,0.286,0.018,-0.4,-7.3,False,False,,,True,True,False,False,False,False,False,False,NORMAL,13.0,,False,False,False,False,False,False,NORMAL,13.0,
1710,114.266622,True,0.292,0.015,-0.5,-7.5,False,False,,,True,True,False,False,False,False,False,False,NORMAL,13.0,,False,False,False,False,False,False,NORMAL,13.0,
1711,114.333445,True,0.289,0.015,0.5,-7.7,False,False,,,True,True,False,False,False,False,False,False,NORMAL,13.0,,False,False,False,False,False,False,NORMAL,13.0,
1712,114.400267,True,0.268,0.015,0.7,-9.0,False,False,,,True,True,False,False,False,False,False,False,NORMAL,13.0,,False,False,False,False,False,False,NORMAL,13.0,
1713,114.467090,True,0.257,0.013,1.1,-8.8,False,False,,,True,True,False,False,False,False,False,False,NORMAL,13.0,,False,False,False,False,False,False,NORMAL,13.0,
1714,114.533912,True,0.255,0.011,0.6,-7.8,False,False,,,True,True,False,False,False,False,False,False,NORMAL,13.0,,False,False,False,False,False,False,NORMAL,13.0,
1715,114.600735,True,0.272,0.01,1.1,-8.5,False,False,,,True,True,False,False,False,False,False,False,NORMAL,13.0,,False,False,False,False,False,False,NORMAL,13.0,
1716,114.667558,True,0.255,0.01,0.5,-8.9,False,False,,,True,True,False,False,False,False,False,False,NORMAL,13.0,,False,False,False,False,False,False,NORMAL,13.0,
1717,114.734380,True,0.262,0.01,0.3,-9.8,False,False,,,True,True,False,False,False,False,False,False,NORMAL,13.0,,False,False,False,False,False,False,NORMAL,13.0,
1718,114.801203,True,0.259,0.008,-0.4,-9.6,False,False,,,True,True,False,False,False,False,False,False,NORMAL,13.0,,False,False,False,False,False,False,NORMAL,13.0,
1719,114.868025,True,0.237,0.01,-1.2,-13.0,False,False,,,True,True,False,False,False,False,False,False,NORMAL,13.0,,False,False,False,False,False,False,NORMAL,13.0,
1720,114.934848,True,0.24,0.009,-1.8,-13.6,False,False,,,True,True,False,False,False,False,False,False,NORMAL,13.0,,False,False,False,False,False,False,NORMAL,13.0,
1721,115.001671,True,0.2,0.008,-1.5,-13.7,False,False,,,True,True,False,False,False,False,False,False,NORMAL,13.0,,False,False,False,False,False,False,NORMAL,13.0,
1722,115.068493,True,0.208,0.012,-0.5,-13.9,False,False,,,True,True,False,False,False,False,False,False,NORMAL,13.0,,False,False,False,False,False,False,NORMAL,13.0,
1723,115.135316,True,0.214,0.014,-1.2,-10.4,False,False,,,True,True,False,False,False,False,False,False,NORMAL,13.0,,False,False,False,False,False,False,NORMAL,13.0,
1724,115.202138,True,0.213,0.012,0.0,-8.6,False,False,,,True,True,False,False,False,False,False,False,NORMAL,13.0,,False,False,False,False,False,False,NORMAL,13.0,
1725,115.268961,True,0.203,0.01,1.0,-9.3,False,False,,,True,True,False,False,False,False,False,False,NORMAL,13.0,,False,False,False,False,False,False,NORMAL,13.0,
1726,115.335783,True,0.223,0.011,-1.6,-9.1,False,False,,,True,True,False,False,False,False,False,False,NORMAL,13.0,,False,False,False,False,False,False,NORMAL,13.0,
1727,115.402606,True,0.24,0.012,-1.9,-9.0,False,False,,,True,True,False,False,False,False,False,False,NORMAL,13.0,,False,False,False,False,False,False,NORMAL,13.0,
1728,115.469429,True,0.221,0.014,-2.0,-8.1,False,False,,,True,True,False,False,False,False,False,False,NORMAL,13.0,,False,False,False,False,False,False,NORMAL,13.0,
1729,115.536251,False,0.0,0.0,0.0,0.0,False,False,,,True,True,False,False,False,False,False,False,NORMAL,13.0,,False,False,False,False,False,False,NORMAL,13.0,
1730,115.603074,True,0.212,0.011,-1.9,-5.1,False,False,,,True,True,False,False,False,False,False,False,NORMAL,13.0,,False,False,False,False,False,False,NORMAL,13.0,
1731,115.669896,True,0.203,0.012,-0.3,-7.2,False,False,,,True,True,False,False,False,False,False,False,NORMAL,13.0,,False,False,False,False,False,False,NORMAL,13.0,
1732,115.736719,True,0.194,0.01,-0.5,-8.8,False,False,,,True,True,False,False,False,False,False,False,NORMAL,13.0,,False,False,False,False,False,False,NORMAL,13.0,
1733,115.803542,True,0.196,0.01,-1.5,-9.8,False,False,,,True,True,False,False,False,False,False,False,NORMAL,13.0,,False,False,False,False,False,False,NORMAL,13.0,
1734,115.870364,True,0.192,0.01,-2.4,-10.6,False,False,,,True,True,False,False,False,False,False,False,NORMAL,13.0,,False,False,False,False,False,False,NORMAL,13.0,
1735,115.937187,True,0.182,0.012,-2.2,-10.1,False,False,,,True,True,False,False,False,False,False,False,NORMAL,13.0,,False,False,False,False,False,False,NORMAL,13.0,
1736,116.004009,True,0.174,0.011,-2.4,-10.3,False,False,,,True,True,False,False,False,False,False,False,NORMAL,13.0,,False,False,False,False,False,False,NORMAL,13.0,
1737,116.070832,True,0.186,0.011,-1.4,-10.4,False,False,,,True,True,False,False,False,False,False,False,NORMAL,13.0,,False,False,False,False,False,False,NORMAL,13.0,
1738,116.137655,True,0.238,0.013,-1.2,-9.1,False,False,,,True,True,False,False,False,False,False,False,NORMAL,13.0,,False,False,False,False,False,False,NORMAL,13.0,
1739,116.204477,True,0.262,0.012,-1.8,-9.2,False,False,,,True,True,False,False,False,False,False,False,NORMAL,13.0,,False,False,False,False,False,False,NORMAL,13.0,
1740,116.271300,True,0.25,0.012,-3.3,-7.8,False,False,,,True,True,False,False,False,False,False,False,NORMAL,13.0,,False,False,False,False,False,False,NORMAL,13.0,
1741,116.338122,True,0.252,0.013,-4.9,-10.9,False,False,,,True,True,False,False,False,False,False,False,NORMAL,13.0,,False,False,False,False,False,False,NORMAL,13.0,
1742,116.404945,True,0.26,0.012,-4.9,-10.6,False,False,,,True,True,False,False,False,False,False,False,NORMAL,13.0,,False,False,False,False,False,False,NORMAL,13.0,
1743,116.471767,True,0.303,0.007,-4.5,-11.1,False,False,,,True,True,False,False,False,False,False,False,NORMAL,13.0,,False,False,False,False,False,False,NORMAL,13.0,
1744,116.538590,True,0.33,0.009,-5.3,-10.0,False,False,,,True,True,False,False,False,False,False,False,NORMAL,13.0,,False,False,False,False,False,False,NORMAL,13.0,
1745,116.605413,True,0.316,0.008,-5.6,-10.5,False,False,,,True,True,False,False,False,False,False,False,NORMAL,13.0,,False,False,False,False,False,False,NORMAL,13.0,
1746,116.672235,True,0.303,0.006,-4.5,-9.8,False,False,,,True,True,False,False,False,False,False,False,NORMAL,13.0,,False,False,False,False,False,False,NORMAL,13.0,
1747,116.739058,True,0.326,0.006,-5.1,-10.7,False,False,,,True,True,False,False,False,False,False,False,NORMAL,13.0,,False,False,False,False,False,False,NORMAL,13.0,
1748,116.805880,True,0.334,0.006,-5.6,-10.5,False,False,,,True,True,False,False,False,False,False,False,NORMAL,13.0,,False,False,False,False,False,False,NORMAL,13.0,
1749,116.872703,True,0.341,0.008,-5.9,-11.0,False,False,,,True,True,False,False,False,False,False,False,NORMAL,13.0,,False,False,False,False,False,False,NORMAL,13.0,
1750,116.939526,True,0.331,0.008,-6.9,-9.2,False,False,,,True,True,False,False,False,False,False,False,NORMAL,13.0,,False,False,False,False,False,False,NORMAL,13.0,
1751,117.006348,True,0.319,0.005,-6.6,-9.2,False,False,,,True,True,False,False,False,False,False,False,NORMAL,13.0,,False,False,False,False,False,False,NORMAL,13.0,
1752,117.073171,True,0.3,0.006,-7.0,-8.1,False,False,,,True,True,False,False,False,False,False,False,NORMAL,13.0,,False,False,False,False,False,False,NORMAL,13.0,
1753,117.139993,True,0.31,0.006,-5.2,-9.0,False,False,,,True,True,False,False,False,False,False,False,NORMAL,13.0,,False,False,False,False,False,False,NORMAL,13.0,
1754,117.206816,True,0.333,0.009,-4.4,-8.6,False,False,,,True,True,False,False,False,False,False,False,NORMAL,13.0,,False,False,False,False,False,False,NORMAL,13.0,
1755,117.273638,True,0.321,0.008,-6.3,-12.1,False,False,,,True,True,False,False,False,False,False,False,NORMAL,13.0,,False,False,False,False,False,False,NORMAL,13.0,
1756,117.340461,True,0.319,0.004,-5.4,-9.7,False,False,,,True,True,False,False,False,False,False,False,NORMAL,13.0,,False,False,False,False,False,False,NORMAL,13.0,
1757,117.407284,True,0.314,0.004,-5.9,-9.2,False,False,,,True,True,False,False,False,False,False,False,NORMAL,13.0,,False,False,False,False,False,False,NORMAL,13.0,
1758,117.474106,True,0.35,0.01,-7.1,-11.4,False,False,,,True,True,False,False,False,False,False,False,NORMAL,13.0,,False,False,False,False,False,False,NORMAL,13.0,
1759,117.540929,True,0.336,0.005,-6.2,-9.4,False,False,,,True,True,False,False,False,False,False,False,NORMAL,13.0,,False,False,False,False,False,False,NORMAL,13.0,
1760,117.607751,True,0.315,0.004,-4.9,-7.9,False,False,,,True,True,False,False,False,False,False,False,NORMAL,13.0,,False,False,False,False,False,False,NORMAL,13.0,
1761,117.674574,True,0.312,0.007,-4.7,-6.8,False,False,,,True,True,False,False,False,False,False,False,NORMAL,13.0,,False,False,False,False,False,False,NORMAL,13.0,
1762,117.741397,True,0.316,0.007,-5.7,-6.3,False,False,,,True,True,False,False,False,False,False,False,NORMAL,13.0,,False,False,False,False,False,False,NORMAL,13.0,
1763,117.808219,True,0.311,0.005,-5.2,-4.9,False,False,,,True,True,False,False,False,False,False,False,NORMAL,13.0,,False,False,False,False,False,False,NORMAL,13.0,
1764,117.875042,True,0.328,0.004,-5.6,-5.6,False,False,,,True,True,False,False,False,False,False,False,NORMAL,13.0,,False,False,False,False,False,False,NORMAL,13.0,
1765,117.941864,True,0.306,0.003,-6.1,-4.0,False,False,,,True,True,False,False,False,False,False,False,NORMAL,13.0,,False,False,False,False,False,False,NORMAL,13.0,
1766,118.008687,True,0.305,0.006,-6.9,-3.4,False,False,,,True,True,False,False,False,False,False,False,NORMAL,13.0,,False,False,False,False,False,False,NORMAL,13.0,
1767,118.075510,True,0.328,0.011,-7.0,-12.9,False,False,,,True,True,False,False,False,False,False,False,NORMAL,13.0,,False,False,False,False,False,False,NORMAL,13.0,
1768,118.142332,True,0.304,0.009,-5.7,-11.3,False,False,,,True,True,False,False,False,False,False,False,NORMAL,13.0,,False,False,False,False,False,False,NORMAL,13.0,
1769,118.209155,True,0.287,0.011,-4.8,-10.9,False,False,,,True,True,False,False,False,False,False,False,NORMAL,13.0,,False,False,False,False,False,False,NORMAL,13.0,
1770,118.275977,True,0.275,0.011,1.0,-8.8,False,False,,,True,True,False,False,False,False,False,False,NORMAL,13.0,,False,False,False,False,False,False,NORMAL,13.0,
1771,118.342800,True,0.272,0.012,3.6,-10.3,False,False,,,True,True,False,False,False,False,False,False,NORMAL,13.0,,False,False,False,False,False,False,NORMAL,13.0,
1772,118.409622,True,0.25,0.013,3.4,-9.3,False,False,,,True,True,False,False,False,False,False,False,NORMAL,13.0,,False,False,False,False,False,False,NORMAL,13.0,
1773,118.476445,True,0.252,0.017,5.7,-9.8,False,False,,,True,True,False,False,False,False,False,False,NORMAL,13.0,,False,False,False,False,False,False,NORMAL,13.0,
1774,118.543268,True,0.276,0.01,4.8,-9.3,False,False,,,True,True,False,False,False,False,False,False,NORMAL,13.0,,False,False,False,False,False,False,NORMAL,13.0,
1775,118.610090,True,0.281,0.011,4.4,-9.3,False,False,,,True,True,False,False,False,False,False,False,NORMAL,13.0,,False,False,False,False,False,False,NORMAL,13.0,
1776,118.676913,True,0.278,0.008,3.5,-8.5,False,False,,,True,True,False,False,False,False,False,False,NORMAL,13.0,,False,False,False,False,False,False,NORMAL,13.0,
1777,118.743735,True,0.277,0.007,2.6,-9.0,False,False,,,True,True,False,False,False,False,False,False,NORMAL,13.0,,False,False,False,False,False,False,NORMAL,13.0,
1778,118.810558,True,0.287,0.008,1.7,-8.7,False,False,,,True,True,False,False,False,False,False,False,NORMAL,13.0,,False,False,False,False,False,False,NORMAL,13.0,
1779,118.877381,True,0.268,0.008,1.1,-8.2,False,False,,,True,True,False,False,False,False,False,False,NORMAL,13.0,,False,False,False,False,False,False,NORMAL,13.0,
1780,118.944203,True,0.266,0.01,0.4,-7.9,False,False,,,True,True,False,False,False,False,False,False,NORMAL,13.0,,False,False,False,False,False,False,NORMAL,13.0,
1781,119.011026,True,0.258,0.009,0.6,-6.6,False,False,,,True,True,False,False,False,False,False,False,NORMAL,13.0,,False,False,False,False,False,False,NORMAL,13.0,
1782,119.077848,True,0.265,0.011,0.5,-8.0,False,False,,,True,True,False,False,False,False,False,False,NORMAL,13.0,,False,False,False,False,False,False,NORMAL,13.0,
1783,119.144671,True,0.281,0.01,0.7,-6.8,False,False,,,True,True,False,False,False,False,False,False,NORMAL,13.0,,False,False,False,False,False,False,NORMAL,13.0,
1784,119.211493,True,0.275,0.01,0.9,-5.8,False,False,,,True,True,False,False,False,False,False,False,NORMAL,13.0,,False,False,False,False,False,False,NORMAL,13.0,
1785,119.278316,True,0.246,0.014,0.8,-8.2,False,False,,,True,True,False,False,False,False,False,False,NORMAL,13.0,,False,False,False,False,False,False,NORMAL,13.0,
1786,119.345139,False,0.0,0.0,0.0,0.0,False,False,,,True,True,False,False,False,False,False,False,NORMAL,13.0,,False,False,False,False,False,False,NORMAL,13.0,
1787,119.411961,True,0.191,0.014,1.5,-4.3,False,False,,,True,True,False,False,False,False,False,False,NORMAL,13.0,,False,False,False,False,False,False,NORMAL,13.0,
1788,119.478784,True,0.239,0.02,-1.1,-8.4,False,False,,,True,True,False,False,False,False,False,False,NORMAL,13.0,,False,False,False,False,False,False,NORMAL,13.0,
1789,119.545606,True,0.279,0.011,-3.6,-9.9,False,False,,,True,True,False,False,False,False,False,False,NORMAL,13.0,,False,False,False,False,False,False,NORMAL,13.0,
1790,119.612429,True,0.285,0.014,-4.9,-9.9,False,False,,,True,True,False,False,False,False,False,False,NORMAL,13.0,,False,False,False,False,False,False,NORMAL,13.0,
1791,119.679252,True,0.285,0.012,1.1,-4.8,False,False,,,True,True,False,False,False,False,False,False,NORMAL,13.0,,False,False,False,False,False,False,NORMAL,13.0,
1792,119.746074,True,0.286,0.007,0.3,-9.4,False,False,,,True,True,False,False,False,False,False,False,NORMAL,13.0,,False,False,False,False,False,False,NORMAL,13.0,
1793,119.812897,True,0.28,0.009,1.2,-13.2,False,False,,,True,True,False,False,False,False,False,False,NORMAL,13.0,,False,False,False,False,False,False,NORMAL,13.0,
1794,119.879719,True,0.32,0.014,-1.1,-12.1,False,False,,,True,True,False,False,False,False,False,False,NORMAL,13.0,,False,False,False,False,False,False,NORMAL,13.0,
1795,119.946542,True,0.286,0.021,-2.5,-12.2,False,False,,,True,True,False,False,False,False,False,False,NORMAL,13.0,,False,False,False,False,False,False,NORMAL,13.0,
1796,120.013365,True,0.318,0.005,-3.1,-14.4,False,False,,,True,True,False,False,False,False,False,False,NORMAL,13.0,,False,False,False,False,False,False,NORMAL,13.0,
1797,120.080187,True,0.298,0.005,-2.0,-14.6,False,False,,,True,True,False,False,False,False,False,False,NORMAL,13.0,,False,False,False,False,False,False,NORMAL,13.0,
1798,120.147010,True,0.295,0.004,-2.6,-14.2,False,False,,,True,True,False,False,False,False,False,False,NORMAL,13.0,,False,False,False,False,False,False,NORMAL,13.0,
1799,120.213832,True,0.29,0.004,-2.7,-13.5,False,False,,,True,True,False,False,False,False,False,False,NORMAL,13.0,,False,False,False,False,False,False,NORMAL,13.0,
1800,120.280655,True,0.314,0.008,-3.6,-13.0,False,False,,,True,True,False,False,False,False,False,False,NORMAL,13.0,,False,False,False,False,False,False,NORMAL,13.0,
1801,120.347477,True,0.345,0.007,-5.7,-12.9,False,False,,,True,True,False,False,False,False,False,False,NORMAL,13.0,,False,False,False,False,False,False,NORMAL,13.0,
1802,120.414300,True,0.341,0.012,-5.8,-13.1,False,False,,,True,True,False,False,False,False,False,False,NORMAL,13.0,,False,False,False,False,False,False,NORMAL,13.0,
1803,120.481123,True,0.31,0.012,-6.3,-8.6,False,False,,,True,True,False,False,False,False,False,False,NORMAL,13.0,,False,False,False,False,False,False,NORMAL,13.0,
1804,120.547945,True,0.31,0.01,-5.8,-8.9,False,False,,,True,True,False,False,False,False,False,False,NORMAL,13.0,,False,False,False,False,False,False,NORMAL,13.0,
1805,120.614768,True,0.312,0.011,-4.4,-10.1,False,False,,,True,True,False,False,False,False,False,False,NORMAL,13.0,,False,False,False,False,False,False,NORMAL,13.0,
1806,120.681590,True,0.296,0.015,-3.7,-9.6,False,False,,,True,True,False,False,False,False,False,False,NORMAL,13.0,,False,False,False,False,False,False,NORMAL,13.0,
1807,120.748413,True,0.281,0.015,-3.3,-12.0,False,False,,,True,True,False,False,False,False,False,False,NORMAL,12.9,,False,False,False,False,False,False,NORMAL,12.9,
1808,120.815236,True,0.288,0.018,-5.5,-11.7,False,False,,,True,True,False,False,False,False,False,False,NORMAL,12.9,,False,False,False,False,False,False,NORMAL,12.9,
1809,120.882058,True,0.27,0.014,-4.7,-9.3,False,False,,,True,True,False,False,False,False,False,False,NORMAL,12.9,,False,False,False,False,False,False,NORMAL,12.9,
1810,120.948881,True,0.276,0.012,-2.2,-14.4,False,False,,,True,True,False,False,False,False,False,False,NORMAL,12.9,,False,False,False,False,False,False,NORMAL,12.9,
1811,121.015703,True,0.293,0.009,-2.0,-12.6,False,False,,,True,True,False,False,False,False,False,False,NORMAL,12.9,,False,False,False,False,False,False,NORMAL,12.9,
1812,121.082526,True,0.306,0.007,-2.8,-8.9,False,False,,,True,True,False,False,False,False,False,False,NORMAL,12.9,,False,False,False,False,False,False,NORMAL,12.9,
1813,121.149348,True,0.267,0.016,-3.2,-9.3,False,False,,,True,True,False,False,False,False,False,False,NORMAL,12.8,,False,False,False,False,False,False,NORMAL,12.8,
1814,121.216171,True,0.246,0.014,-2.4,-8.1,False,False,,,True,True,False,False,False,False,False,False,NORMAL,12.8,,False,False,False,False,False,False,NORMAL,12.8,
1815,121.282994,True,0.222,0.013,-4.8,-5.2,False,False,,,True,True,False,False,False,False,False,False,NORMAL,12.8,,False,False,False,False,False,False,NORMAL,12.8,
1816,121.349816,True,0.25,0.01,-4.7,-6.0,False,False,,,True,True,False,False,False,False,False,False,NORMAL,12.8,,False,False,False,False,False,False,NORMAL,12.8,
1817,121.416639,True,0.253,0.01,-5.4,-6.7,False,False,,,True,True,False,False,False,False,False,False,NORMAL,12.8,,False,False,False,False,False,False,NORMAL,12.8,
1818,121.483461,True,0.274,0.007,-5.5,-6.3,False,False,,,True,True,False,False,False,False,False,False,NORMAL,12.7,,False,False,False,False,False,False,NORMAL,12.7,
1819,121.550284,True,0.27,0.009,-4.8,-6.5,False,False,,,True,True,False,False,False,False,False,False,NORMAL,12.7,,False,False,False,False,False,False,NORMAL,12.7,
1820,121.617107,True,0.27,0.014,-3.7,-6.1,False,False,,,True,True,False,False,False,False,False,False,NORMAL,12.7,,False,False,False,False,False,False,NORMAL,12.7,
1821,121.683929,True,0.249,0.022,-3.9,-6.9,False,False,,,True,True,False,False,False,False,False,False,NORMAL,12.7,,False,False,False,False,False,False,NORMAL,12.7,
1822,121.750752,True,0.293,0.019,-5.8,-8.4,False,False,,,True,True,False,False,False,False,False,False,NORMAL,12.7,,False,False,False,False,False,False,NORMAL,12.7,
1823,121.817574,True,0.306,0.013,-6.4,-7.1,False,False,,,True,True,False,False,False,False,False,False,NORMAL,12.7,,False,False,False,False,False,False,NORMAL,12.7,
1824,121.884397,True,0.312,0.023,-5.1,-13.8,False,False,,,True,True,False,False,False,False,False,False,NORMAL,12.6,,False,False,False,False,False,False,NORMAL,12.6,
1825,121.951220,True,0.282,0.017,-5.7,-14.3,False,False,,,True,True,False,False,False,False,False,False,NORMAL,12.6,,False,False,False,False,False,False,NORMAL,12.6,
1826,122.018042,True,0.285,0.023,-5.6,-16.0,False,False,,,True,True,False,False,False,False,False,False,NORMAL,12.6,,False,False,False,False,False,False,NORMAL,12.6,
1827,122.084865,True,0.299,0.012,-4.0,-13.0,False,False,,,True,True,False,False,False,False,False,False,NORMAL,12.6,,False,False,False,False,False,False,NORMAL,12.6,
1828,122.151687,True,0.296,0.01,-4.0,-13.2,False,False,,,True,True,False,False,False,False,False,False,NORMAL,12.6,,False,False,False,False,False,False,NORMAL,12.6,
1829,122.218510,True,0.3,0.011,-3.8,-11.8,False,False,,,True,True,False,False,False,False,False,False,NORMAL,12.6,,False,False,False,False,False,False,NORMAL,12.6,
1830,122.285332,True,0.3,0.013,-4.5,-11.8,False,False,,,True,True,False,False,False,False,False,False,NORMAL,12.5,,False,False,False,False,False,False,NORMAL,12.5,
1831,122.352155,True,0.302,0.013,-4.6,-12.2,False,False,,,True,True,False,False,False,False,False,False,NORMAL,12.5,,False,False,False,False,False,False,NORMAL,12.5,
1832,122.418978,True,0.293,0.012,-4.6,-12.1,False,False,,,True,True,False,False,False,False,False,False,NORMAL,12.5,,False,False,False,False,False,False,NORMAL,12.5,
1833,122.485800,True,0.292,0.012,-5.0,-11.1,False,False,,,True,True,False,False,False,False,False,False,NORMAL,12.5,,False,False,False,False,False,False,NORMAL,12.5,
1834,122.552623,True,0.297,0.014,-5.9,-10.9,False,False,,,True,True,False,False,False,False,False,False,NORMAL,12.5,,False,False,False,False,False,False,NORMAL,12.5,
1835,122.619445,True,0.3,0.012,-6.0,-11.0,False,False,,,True,True,False,False,False,False,False,False,NORMAL,12.5,,False,False,False,False,False,False,NORMAL,12.5,
1836,122.686268,True,0.316,0.011,-5.2,-13.5,False,False,,,True,True,False,False,False,False,False,False,NORMAL,12.5,,False,False,False,False,False,False,NORMAL,12.5,
1837,122.753091,True,0.308,0.008,-4.8,-13.1,False,False,,,True,True,False,False,False,False,False,False,NORMAL,12.5,,False,False,False,False,False,False,NORMAL,12.5,
1838,122.819913,True,0.294,0.007,-4.1,-13.3,False,False,,,True,True,False,False,False,False,False,False,NORMAL,12.5,,False,False,False,False,False,False,NORMAL,12.5,
1839,122.886736,True,0.293,0.008,-3.9,-13.1,False,False,,,True,True,False,False,False,False,False,False,NORMAL,12.5,,False,False,False,False,False,False,NORMAL,12.5,
1840,122.953558,True,0.262,0.007,-1.9,-11.1,False,False,,,True,True,False,False,False,False,False,False,NORMAL,12.5,,False,False,False,False,False,False,NORMAL,12.5,
1841,123.020381,True,0.272,0.009,-2.5,-9.6,False,False,,,True,True,False,False,False,False,False,False,NORMAL,12.5,,False,False,False,False,False,False,NORMAL,12.5,
1842,123.087203,True,0.272,0.007,-2.5,-9.7,False,False,,,True,True,False,False,False,False,False,False,NORMAL,12.5,,False,False,False,False,False,False,NORMAL,12.5,
1843,123.154026,True,0.274,0.004,-3.2,-9.6,False,False,,,True,True,False,False,False,False,False,False,NORMAL,12.5,,False,False,False,False,False,False,NORMAL,12.5,
1844,123.220849,True,0.275,0.003,-5.2,-8.9,False,False,,,True,True,False,False,False,False,False,False,NORMAL,12.5,,False,False,False,False,False,False,NORMAL,12.5,
1845,123.287671,True,0.249,0.004,-4.2,-8.6,False,False,,,True,True,False,False,False,False,False,False,NORMAL,12.5,,False,False,False,False,False,False,NORMAL,12.5,
1846,123.354494,True,0.26,0.004,-6.5,-0.1,False,False,,,True,True,False,False,False,False,False,False,NORMAL,12.5,,False,False,False,False,False,False,NORMAL,12.5,
1847,123.421316,True,0.256,0.003,-4.7,-3.0,False,False,,,True,True,False,False,False,False,False,False,NORMAL,12.5,,False,False,False,False,False,False,NORMAL,12.5,
1848,123.488139,True,0.212,0.003,-3.2,-5.2,False,False,,,True,True,False,False,False,False,False,False,NORMAL,12.5,,False,False,False,False,False,False,NORMAL,12.5,
1849,123.554962,True,0.237,0.003,-2.9,-4.4,False,False,,,True,True,False,False,False,False,False,False,NORMAL,12.5,,False,False,False,False,False,False,NORMAL,12.5,
1850,123.621784,True,0.246,0.005,-3.3,-6.1,False,False,,,True,True,False,False,False,False,False,False,NORMAL,12.5,,False,False,False,False,False,False,NORMAL,12.5,
1851,123.688607,True,0.188,0.011,-1.9,-5.8,False,False,,,True,True,False,False,False,False,False,False,NORMAL,12.5,,False,False,False,False,False,False,NORMAL,12.5,
1852,123.755429,True,0.119,0.009,-2.7,2.0,False,False,,,True,True,False,False,False,False,False,False,NORMAL,12.7,,False,False,False,False,False,False,NORMAL,12.7,
1853,123.822252,True,0.127,0.007,-2.2,1.8,False,False,,,True,True,False,False,False,False,False,False,NORMAL,13.0,,False,False,False,False,False,False,NORMAL,13.0,
1854,123.889075,True,0.117,0.004,0.4,10.2,False,False,,,True,True,False,False,False,False,False,False,NORMAL,13.3,,False,False,False,False,False,False,NORMAL,13.3,
1855,123.955897,True,0.112,0.005,-0.2,7.8,False,False,,,True,True,False,False,False,False,False,False,NORMAL,13.5,,False,False,False,False,False,False,NORMAL,13.5,
1856,124.022720,True,0.139,0.006,-0.2,7.4,False,False,,,True,True,False,False,False,False,False,False,NORMAL,13.8,,False,False,False,False,False,False,NORMAL,13.8,
1857,124.089542,True,0.087,0.007,-2.9,7.9,False,False,,,True,True,False,False,False,False,False,False,NORMAL,14.0,,False,False,False,False,False,False,NORMAL,14.0,
1858,124.156365,True,0.105,0.005,-1.6,7.8,False,False,,,True,True,False,False,False,False,False,False,NORMAL,15.6,,False,False,False,False,False,False,NORMAL,15.6,
1859,124.223187,True,0.11,0.006,-1.4,10.5,False,False,,,True,True,False,False,False,False,False,False,NORMAL,18.2,,False,False,False,False,False,False,NORMAL,18.2,
1860,124.290010,True,0.176,0.01,-2.0,8.1,False,False,,,True,True,False,False,False,False,False,False,NORMAL,17.8,,False,False,False,False,False,False,NORMAL,17.8,
1861,124.356833,True,0.166,0.008,-3.6,5.5,False,False,,,True,True,False,False,False,False,False,False,NORMAL,17.5,,False,False,False,False,False,False,NORMAL,17.5,
1862,124.423655,True,0.163,0.008,-2.6,3.5,False,False,,,True,True,False,False,False,False,False,False,NORMAL,17.1,,False,False,False,False,False,False,NORMAL,17.1,
1863,124.490478,True,0.177,0.009,-4.3,1.3,False,False,,,True,True,False,False,False,False,False,False,NORMAL,16.8,,False,False,False,False,False,False,NORMAL,16.8,
1864,124.557300,True,0.234,0.009,-3.7,0.3,False,False,,,True,True,False,False,False,False,False,False,NORMAL,16.5,,False,False,False,False,False,False,NORMAL,16.5,
1865,124.624123,True,0.26,0.004,-2.0,2.5,False,False,,,True,True,False,False,False,False,False,False,NORMAL,16.1,,False,False,False,False,False,False,NORMAL,16.1,
1866,124.690946,True,0.23,0.006,-0.1,4.3,False,False,,,True,True,False,False,False,False,False,False,NORMAL,15.8,,False,False,False,False,False,False,NORMAL,15.8,
1867,124.757768,True,0.249,0.01,-0.4,-2.1,False,False,,,True,True,False,False,False,False,False,False,NORMAL,15.5,,False,False,False,False,False,False,NORMAL,15.5,
1868,124.824591,True,0.265,0.002,-3.0,-1.5,False,False,,,True,True,False,False,False,False,False,False,NORMAL,15.2,,False,False,False,False,False,False,NORMAL,15.2,
1869,124.891413,True,0.294,0.003,-3.3,-1.6,False,False,,,True,True,False,False,False,False,False,False,NORMAL,15.1,,False,False,False,False,False,False,NORMAL,15.1,
1870,124.958236,True,0.217,0.005,-1.3,-3.3,False,False,,,True,True,False,False,False,False,False,False,NORMAL,15.1,,False,False,False,False,False,False,NORMAL,15.1,
1871,125.025058,True,0.303,0.016,-1.6,-2.4,False,False,,,True,True,False,False,False,False,False,False,NORMAL,15.1,,False,False,False,False,False,False,NORMAL,15.1,
1872,125.091881,True,0.294,0.014,-2.6,-3.6,False,False,,,True,True,False,False,False,False,False,False,NORMAL,14.8,,False,False,False,False,False,False,NORMAL,14.8,
1873,125.158704,True,0.293,0.008,-0.4,-9.4,False,False,,,True,True,False,False,False,False,False,False,NORMAL,14.8,,False,False,False,False,False,False,NORMAL,14.8,
1874,125.225526,True,0.273,0.006,0.0,-11.7,False,False,,,True,True,False,False,False,False,False,False,NORMAL,14.6,,False,False,False,False,False,False,NORMAL,14.6,
1875,125.292349,True,0.261,0.008,0.9,-13.1,False,False,,,True,True,False,False,False,False,False,False,NORMAL,14.3,,False,False,False,False,False,False,NORMAL,14.3,
1876,125.359171,True,0.249,0.01,-2.2,-13.1,False,False,,,True,True,False,False,False,False,False,False,NORMAL,14.3,,False,False,False,False,False,False,NORMAL,14.3,
1877,125.425994,True,0.233,0.007,-3.4,-13.5,False,False,,,True,True,False,False,False,False,False,False,NORMAL,14.0,,False,False,False,False,False,False,NORMAL,14.0,
1878,125.492817,True,0.251,0.004,-4.7,-11.9,False,False,,,True,True,False,False,False,False,False,False,NORMAL,13.8,,False,False,False,False,False,False,NORMAL,13.8,
1879,125.559639,True,0.272,0.006,-6.8,-8.5,False,False,,,True,True,False,False,False,False,False,False,NORMAL,13.5,,False,False,False,False,False,False,NORMAL,13.5,
1880,125.626462,True,0.255,0.006,-6.4,-9.7,False,False,,,True,True,False,False,False,False,False,False,NORMAL,13.5,,False,False,False,False,False,False,NORMAL,13.5,
1881,125.693284,True,0.205,0.004,-6.1,-9.9,False,False,,,True,True,False,False,False,False,False,False,NORMAL,13.2,,False,False,False,False,False,False,NORMAL,13.2,
1882,125.760107,True,0.196,0.005,-5.4,-11.1,False,False,,,True,True,False,False,False,False,False,False,NORMAL,13.0,,False,False,False,False,False,False,NORMAL,13.0,
1883,125.826930,True,0.201,0.007,-4.5,-12.7,False,False,,,True,True,False,False,False,False,False,False,NORMAL,12.7,,False,False,False,False,False,False,NORMAL,12.7,
1884,125.893752,True,0.197,0.005,-4.5,-13.2,False,False,,,True,True,False,False,False,False,False,False,NORMAL,12.7,,False,False,False,False,False,False,NORMAL,12.7,
1885,125.960575,True,0.232,0.005,-5.0,-13.6,False,False,,,True,True,False,False,False,False,False,False,NORMAL,12.5,,False,False,False,False,False,False,NORMAL,12.5,
1886,126.027397,True,0.249,0.008,-5.6,-11.6,False,False,,,True,True,False,False,False,False,False,False,NORMAL,12.2,,False,False,False,False,False,False,NORMAL,12.2,
1887,126.094220,True,0.253,0.005,-4.8,-13.5,False,False,,,True,True,False,False,False,False,False,False,NORMAL,12.0,,False,False,False,False,False,False,NORMAL,12.0,
1888,126.161042,True,0.263,0.005,-4.4,-12.7,False,False,,,True,True,False,False,False,False,False,False,NORMAL,11.9,,False,False,False,False,False,False,NORMAL,11.9,
1889,126.227865,True,0.282,0.007,-3.0,-9.7,False,False,,,True,True,False,False,False,False,False,False,NORMAL,11.9,,False,False,False,False,False,False,NORMAL,11.9,
1890,126.294688,True,0.287,0.009,-3.3,-11.7,False,False,,,True,True,False,False,False,False,False,False,NORMAL,11.7,,False,False,False,False,False,False,NORMAL,11.7,
1891,126.361510,True,0.295,0.005,-1.8,-7.4,False,False,,,True,True,False,False,False,False,False,False,NORMAL,11.5,,False,False,False,False,False,False,NORMAL,11.5,
1892,126.428333,True,0.306,0.003,-3.0,-8.1,False,False,,,True,True,False,False,False,False,False,False,NORMAL,11.3,,False,False,False,False,False,False,NORMAL,11.3,
1893,126.495155,True,0.312,0.004,-4.8,-8.2,False,False,,,True,True,False,False,False,False,False,False,NORMAL,11.0,,False,False,False,False,False,False,NORMAL,11.0,
1894,126.561978,True,0.297,0.005,-4.8,-9.8,False,False,,,True,True,False,False,False,False,False,False,NORMAL,10.8,,False,False,False,False,False,False,NORMAL,10.8,
1895,126.628801,True,0.277,0.003,-5.0,-7.7,False,False,,,True,True,False,False,False,False,False,False,NORMAL,10.6,,False,False,False,False,False,False,NORMAL,10.6,
1896,126.695623,True,0.262,0.004,-5.2,-7.1,False,False,,,True,True,False,False,False,False,False,False,NORMAL,10.4,,False,False,False,False,False,False,NORMAL,10.4,
1897,126.762446,True,0.275,0.007,-3.7,-6.3,False,False,,,True,True,False,False,False,False,False,False,NORMAL,10.4,,False,False,False,False,False,False,NORMAL,10.4,
1898,126.829268,True,0.25,0.007,-3.0,-6.2,False,False,,,True,True,False,False,False,False,False,False,NORMAL,10.2,,False,False,False,False,False,False,NORMAL,10.2,
1899,126.896091,True,0.256,0.005,-4.1,-7.6,False,False,,,True,True,False,False,False,False,False,False,NORMAL,10.0,,False,False,False,False,False,False,NORMAL,10.0,
1900,126.962913,True,0.289,0.006,-4.8,-6.6,False,False,,,True,True,False,False,False,False,False,False,NORMAL,9.8,,False,False,False,False,False,False,NORMAL,9.8,
1901,127.029736,True,0.311,0.005,-5.2,-7.2,False,False,,,True,True,False,False,False,False,False,False,NORMAL,9.6,,False,False,False,False,False,False,NORMAL,9.6,
1902,127.096559,True,0.316,0.006,-6.4,-8.5,False,False,,,True,True,False,False,False,False,False,False,NORMAL,9.4,,False,False,False,False,False,False,NORMAL,9.4,
1903,127.163381,True,0.314,0.006,-6.3,-8.2,False,False,,,True,True,False,False,False,False,False,False,NORMAL,9.2,,False,False,False,False,False,False,NORMAL,9.2,
1904,127.230204,True,0.317,0.007,-6.2,-7.9,False,False,,,True,True,False,False,False,False,False,False,NORMAL,9.0,,False,False,False,False,False,False,NORMAL,9.0,
1905,127.297026,True,0.312,0.005,-5.7,-6.0,False,False,,,True,True,False,False,False,False,False,False,NORMAL,8.9,,False,False,False,False,False,False,NORMAL,8.9,
1906,127.363849,True,0.297,0.008,-5.7,-6.1,False,False,,,True,True,False,False,False,False,False,False,NORMAL,8.7,,False,False,False,False,False,False,NORMAL,8.7,
1907,127.430672,True,0.309,0.007,-5.7,-6.2,False,False,,,True,True,False,False,False,False,False,False,NORMAL,8.5,,False,False,False,False,False,False,NORMAL,8.5,
1908,127.497494,True,0.341,0.009,-4.8,-5.8,False,False,,,True,True,False,False,False,False,False,False,NORMAL,8.3,,False,False,False,False,False,False,NORMAL,8.3,
1909,127.564317,True,0.299,0.031,-7.8,-15.0,False,False,,,True,True,False,False,False,False,False,False,NORMAL,8.3,,False,False,False,False,False,False,NORMAL,8.3,
1910,127.631139,True,0.253,0.008,-7.1,-30.4,False,False,,,True,True,False,False,False,False,False,False,NORMAL,8.3,,False,False,False,False,False,False,NORMAL,8.3,
1911,127.697962,True,0.234,0.018,-7.4,-23.9,False,False,,,True,True,False,False,False,False,False,False,NORMAL,8.3,,False,False,False,False,False,False,NORMAL,8.3,
1912,127.764784,False,0.0,0.0,0.0,0.0,True,True,,,True,True,False,False,False,False,False,False,NORMAL,8.3,,False,False,False,False,False,False,NORMAL,8.3,
1913,127.831607,False,0.0,0.0,0.0,0.0,True,True,,,True,True,False,False,False,False,False,False,NORMAL,8.3,,False,False,False,False,False,False,NORMAL,8.3,
1914,127.898430,False,0.0,0.0,0.0,0.0,False,False,,,True,True,False,False,False,False,False,False,NORMAL,8.3,,False,False,False,False,False,False,NORMAL,8.3,
1915,127.965252,False,0.0,0.0,0.0,0.0,False,False,,,True,True,False,False,False,False,False,False,NORMAL,8.4,,False,False,False,False,False,False,NORMAL,8.4,
1916,128.032075,False,0.0,0.0,0.0,0.0,False,False,,,True,True,False,False,False,False,False,False,NORMAL,8.4,,False,False,False,False,False,False,NORMAL,8.4,
1917,128.098897,False,0.0,0.0,0.0,0.0,False,False,,,True,True,False,False,False,False,False,False,NORMAL,8.4,,False,False,False,False,False,False,NORMAL,8.4,
1918,128.165720,False,0.0,0.0,0.0,0.0,True,True,,,True,True,False,False,False,False,False,False,NORMAL,8.4,,False,False,False,False,False,False,NORMAL,8.4,
1919,128.232543,False,0.0,0.0,0.0,0.0,False,False,,,True,True,False,False,False,False,False,False,NORMAL,8.4,,False,False,False,False,False,False,NORMAL,8.4,
1920,128.299365,False,0.0,0.0,0.0,0.0,False,False,,,True,True,False,False,False,False,False,False,NORMAL,8.4,,False,False,False,False,False,False,NORMAL,8.4,
1921,128.366188,False,0.0,0.0,0.0,0.0,False,False,,,True,True,False,False,False,False,False,False,NORMAL,8.4,,False,False,False,False,False,False,NORMAL,8.4,
1922,128.433010,False,0.0,0.0,0.0,0.0,False,False,,,True,True,False,False,False,False,False,False,NORMAL,8.4,,False,False,False,False,False,False,NORMAL,8.4,
1923,128.499833,False,0.0,0.0,0.0,0.0,False,False,,,True,True,False,False,False,False,False,False,NORMAL,8.4,,False,False,False,False,False,False,NORMAL,8.4,
1924,128.566656,False,0.0,0.0,0.0,0.0,False,False,,,True,True,False,False,False,False,False,False,NORMAL,8.5,,False,False,False,False,False,False,NORMAL,8.5,
1925,128.633478,False,0.0,0.0,0.0,0.0,False,False,,,True,True,False,False,False,False,False,False,NORMAL,8.5,,False,False,False,False,False,False,NORMAL,8.5,
1926,128.700301,False,0.0,0.0,0.0,0.0,False,False,,,True,True,False,False,False,False,False,False,NORMAL,8.5,,False,False,False,False,False,False,NORMAL,8.5,
1927,128.767123,False,0.0,0.0,0.0,0.0,False,False,,,True,True,False,False,False,False,False,False,NORMAL,8.5,,False,False,False,False,False,False,NORMAL,8.5,
1928,128.833946,False,0.0,0.0,0.0,0.0,False,False,,,True,True,False,False,False,False,False,False,NORMAL,8.5,,False,False,False,False,False,False,NORMAL,8.5,
1929,128.900768,False,0.0,0.0,0.0,0.0,False,False,,,True,True,False,False,False,False,False,False,NORMAL,8.5,,False,False,False,False,False,False,NORMAL,8.5,
1930,128.967591,False,0.0,0.0,0.0,0.0,False,False,,,True,True,False,False,False,False,False,False,NORMAL,8.5,,False,False,False,False,False,False,NORMAL,8.5,
1931,129.034414,False,0.0,0.0,0.0,0.0,False,False,,,True,True,False,False,False,False,False,False,NORMAL,8.5,,False,False,False,False,False,False,NORMAL,8.5,
1932,129.101236,False,0.0,0.0,0.0,0.0,False,False,,,True,True,False,False,False,False,False,False,NORMAL,8.5,,False,False,False,False,False,False,NORMAL,8.5,
1933,129.168059,True,0.245,0.009,1.7,-24.9,False,False,,,True,True,False,False,False,False,False,False,NORMAL,8.5,,False,False,False,False,False,False,NORMAL,8.5,
1934,129.234881,True,0.255,0.014,0.7,-28.4,False,False,,,True,True,False,False,False,False,False,False,NORMAL,8.5,,False,False,False,False,False,False,NORMAL,8.5,
1935,129.301704,True,0.231,0.014,-0.9,-31.3,False,False,,,True,True,False,False,False,False,False,False,NORMAL,8.5,,False,False,False,False,False,False,NORMAL,8.5,
1936,129.368527,False,0.0,0.0,0.0,0.0,False,False,,,True,True,False,False,False,False,False,False,NORMAL,8.6,,False,False,False,False,False,False,NORMAL,8.6,
1937,129.435349,True,0.282,0.014,-6.3,-29.2,False,False,,,True,True,False,False,False,False,False,False,NORMAL,8.6,,False,False,False,False,False,False,NORMAL,8.6,
1938,129.502172,True,0.235,0.011,3.2,-23.5,True,True,,,True,True,False,False,False,False,False,False,NORMAL,8.6,,False,False,False,False,False,False,NORMAL,8.6,
1939,129.568994,False,0.0,0.0,0.0,0.0,False,False,,,True,True,False,False,False,False,False,False,NORMAL,8.6,,False,False,False,False,False,False,NORMAL,8.6,
1940,129.635817,False,0.0,0.0,0.0,0.0,False,False,,,True,True,False,False,False,False,False,False,NORMAL,8.6,,False,False,False,False,False,False,NORMAL,8.6,
1941,129.702639,False,0.0,0.0,0.0,0.0,False,False,,,True,True,False,False,False,False,False,False,NORMAL,8.6,,False,False,False,False,False,False,NORMAL,8.6,
1942,129.769462,True,0.336,0.08,-18.4,-24.7,False,False,,,True,True,False,False,False,False,False,False,NORMAL,8.6,,False,False,False,False,False,False,NORMAL,8.6,
1943,129.836285,False,0.0,0.0,0.0,0.0,False,False,,,True,True,False,False,False,False,False,False,NORMAL,8.6,,False,False,False,False,False,False,NORMAL,8.6,
1944,129.903107,False,0.0,0.0,0.0,0.0,True,True,,,True,True,False,False,False,False,False,False,NORMAL,8.6,,False,False,False,False,False,False,NORMAL,8.6,
1945,129.969930,False,0.0,0.0,0.0,0.0,False,False,,,True,True,False,False,False,False,False,False,NORMAL,8.6,,False,False,False,False,False,False,NORMAL,8.6,
1946,130.036752,False,0.0,0.0,0.0,0.0,True,True,,,True,True,False,False,False,False,False,False,NORMAL,8.6,,False,False,False,False,False,False,NORMAL,8.6,
1947,130.103575,False,0.0,0.0,0.0,0.0,False,False,,,True,True,False,False,False,False,False,False,NORMAL,8.6,,False,False,False,False,False,False,NORMAL,8.6,
1948,130.170398,False,0.0,0.0,0.0,0.0,False,False,,,True,True,False,False,False,False,False,False,NORMAL,8.7,,False,False,False,False,False,False,NORMAL,8.7,
1949,130.237220,False,0.0,0.0,0.0,0.0,False,False,,,True,True,False,False,False,False,False,False,NORMAL,8.7,,False,False,False,False,False,False,NORMAL,8.7,
1950,130.304043,False,0.0,0.0,0.0,0.0,False,False,,,True,True,False,False,False,False,False,False,NORMAL,8.7,,False,False,False,False,False,False,NORMAL,8.7,
1951,130.370865,False,0.0,0.0,0.0,0.0,False,False,,,True,True,False,False,False,False,False,False,NORMAL,8.7,,False,False,False,False,False,False,NORMAL,8.7,
1952,130.437688,False,0.0,0.0,0.0,0.0,False,False,,,True,True,False,False,False,False,False,False,NORMAL,8.7,,False,False,False,False,False,False,NORMAL,8.7,
1953,130.504511,False,0.0,0.0,0.0,0.0,False,False,,,True,True,False,False,False,False,False,False,NORMAL,8.7,,False,False,False,False,False,False,NORMAL,8.7,
1954,130.571333,False,0.0,0.0,0.0,0.0,False,False,,,True,True,False,False,False,False,False,False,NORMAL,8.7,,False,False,False,False,False,False,NORMAL,8.7,
1955,130.638156,False,0.0,0.0,0.0,0.0,False,False,,,True,True,False,False,False,False,False,False,NORMAL,8.7,,False,False,False,False,False,False,NORMAL,8.7,
1956,130.704978,False,0.0,0.0,0.0,0.0,False,False,,,True,True,False,False,False,False,False,False,NORMAL,8.8,,False,False,False,False,False,False,NORMAL,8.8,
1957,130.771801,False,0.0,0.0,0.0,0.0,False,False,,,True,True,False,False,False,False,False,False,NORMAL,8.8,,False,False,False,False,False,False,NORMAL,8.8,
1958,130.838623,False,0.0,0.0,0.0,0.0,False,False,,,True,True,False,False,False,False,False,False,NORMAL,8.8,,False,False,False,False,False,False,NORMAL,8.8,
1959,130.905446,False,0.0,0.0,0.0,0.0,False,False,,,True,True,False,False,False,False,False,False,NORMAL,8.8,,False,False,False,False,False,False,NORMAL,8.8,
1960,130.972269,True,0.293,0.062,-13.3,-24.2,False,False,,,True,True,False,False,False,False,False,False,NORMAL,8.8,,False,False,False,False,False,False,NORMAL,8.8,
1961,131.039091,False,0.0,0.0,0.0,0.0,False,False,,,True,True,False,False,False,False,False,False,NORMAL,8.8,,False,False,False,False,False,False,NORMAL,8.8,
1962,131.105914,False,0.0,0.0,0.0,0.0,False,False,,,True,True,False,False,False,False,False,False,NORMAL,8.8,,False,False,False,False,False,False,NORMAL,8.8,
1963,131.172736,False,0.0,0.0,0.0,0.0,False,False,,,True,True,False,False,False,False,False,False,NORMAL,8.8,,False,False,False,False,False,False,NORMAL,8.8,
1964,131.239559,False,0.0,0.0,0.0,0.0,False,False,,,True,True,False,False,False,False,False,False,NORMAL,8.8,,False,False,False,False,False,False,NORMAL,8.8,
1965,131.306382,False,0.0,0.0,0.0,0.0,False,False,,,True,True,False,False,False,False,False,False,NORMAL,8.9,,False,False,False,False,False,False,NORMAL,8.9,
1966,131.373204,False,0.0,0.0,0.0,0.0,False,False,,,True,True,False,False,False,False,False,False,NORMAL,8.9,,False,False,False,False,False,False,NORMAL,8.9,
1967,131.440027,False,0.0,0.0,0.0,0.0,False,False,,,True,True,False,False,False,False,False,False,NORMAL,8.9,,False,False,False,False,False,False,NORMAL,8.9,
1968,131.506849,False,0.0,0.0,0.0,0.0,False,False,,,True,True,False,False,False,False,False,False,NORMAL,8.9,,False,False,False,False,False,False,NORMAL,8.9,
1969,131.573672,False,0.0,0.0,0.0,0.0,True,True,,,True,True,False,False,False,False,False,False,NORMAL,8.9,,False,False,False,False,False,False,NORMAL,8.9,
1970,131.640494,False,0.0,0.0,0.0,0.0,True,True,,,True,True,False,False,False,False,False,False,NORMAL,8.9,,False,False,False,False,False,False,NORMAL,8.9,
1971,131.707317,False,0.0,0.0,0.0,0.0,False,False,,,True,True,False,False,False,False,False,False,NORMAL,8.9,,False,False,False,False,False,False,NORMAL,8.9,
1972,131.774140,False,0.0,0.0,0.0,0.0,False,False,,,True,True,False,False,False,False,False,False,NORMAL,8.9,,False,False,False,False,False,False,NORMAL,8.9,
1973,131.840962,False,0.0,0.0,0.0,0.0,True,True,,,True,True,False,False,False,False,False,False,NORMAL,8.9,,False,False,False,False,False,False,NORMAL,8.9,
1974,131.907785,False,0.0,0.0,0.0,0.0,True,True,,,True,True,False,False,False,False,False,False,NORMAL,9.0,,False,False,False,False,False,False,NORMAL,9.0,
1975,131.974607,False,0.0,0.0,0.0,0.0,False,False,,,True,True,False,False,False,False,False,False,NORMAL,9.0,,False,False,False,False,False,False,NORMAL,9.0,
1976,132.041430,False,0.0,0.0,0.0,0.0,False,False,,,True,True,False,False,False,False,False,False,NORMAL,9.0,,False,False,False,False,False,False,NORMAL,9.0,
1977,132.108253,True,0.263,0.016,2.0,-19.0,True,True,,,True,True,False,False,False,False,False,False,NORMAL,9.0,,False,False,False,False,False,False,NORMAL,9.0,
1978,132.175075,True,0.221,0.012,-6.2,-24.9,True,True,,,True,True,False,False,False,False,False,False,NORMAL,9.0,,False,False,False,False,False,False,NORMAL,9.0,
1979,132.241898,True,0.172,0.01,-3.7,0.4,False,False,,,True,True,False,False,False,False,False,False,NORMAL,9.0,,False,False,False,False,False,False,NORMAL,9.0,
1980,132.308720,True,0.187,0.009,-4.5,2.1,False,False,,,True,True,False,False,False,False,False,False,NORMAL,9.0,,False,False,False,False,False,False,NORMAL,9.0,
1981,132.375543,True,0.27,0.007,-4.0,-0.9,False,False,,,True,True,False,False,False,False,False,False,NORMAL,9.0,,False,False,False,False,False,False,NORMAL,9.0,
1982,132.442366,True,0.216,0.022,-3.7,-3.6,False,False,,,True,True,False,False,False,False,False,False,NORMAL,9.0,,False,False,False,False,False,False,NORMAL,9.0,
1983,132.509188,True,0.222,0.01,-3.0,-4.4,False,False,,,True,True,False,False,False,False,False,False,NORMAL,9.0,,False,False,False,False,False,False,NORMAL,9.0,
1984,132.576011,True,0.228,0.009,-6.2,-3.9,False,False,,,True,True,False,False,False,False,False,False,NORMAL,9.0,,False,False,False,False,False,False,NORMAL,9.0,
1985,132.642833,True,0.236,0.009,-6.6,-3.2,False,False,,,True,True,False,False,False,False,False,False,NORMAL,9.0,,False,False,False,False,False,False,NORMAL,9.0,
1986,132.709656,True,0.233,0.01,-7.5,-2.4,False,False,,,True,True,False,False,False,False,False,False,NORMAL,9.0,,False,False,False,False,False,False,NORMAL,9.0,
1987,132.776478,True,0.328,0.009,-7.3,-1.8,False,False,,,True,True,False,False,False,False,False,False,NORMAL,9.0,,False,False,False,False,False,False,NORMAL,9.0,
1988,132.843301,True,0.315,0.009,-7.8,-2.7,False,False,,,True,True,False,False,False,False,False,False,NORMAL,9.0,,False,False,False,False,False,False,NORMAL,9.0,
1989,132.910124,True,0.297,0.01,-9.2,-5.0,False,False,,,True,True,False,False,False,False,False,False,NORMAL,9.0,,False,False,False,False,False,False,NORMAL,9.0,
1990,132.976946,True,0.326,0.005,-10.6,-1.3,False,False,,,True,True,False,False,False,False,False,False,NORMAL,9.0,,False,False,False,False,False,False,NORMAL,9.0,
1991,133.043769,True,0.335,0.009,-11.9,1.5,False,False,,,True,True,False,False,False,False,False,False,NORMAL,9.0,,False,False,False,False,False,False,NORMAL,9.0,
1992,133.110591,True,0.324,0.009,-10.9,1.0,False,False,,,True,True,False,False,False,False,False,False,NORMAL,9.0,,False,False,False,False,False,False,NORMAL,9.0,
1993,133.177414,True,0.303,0.006,-10.0,3.3,False,False,,,True,True,False,False,False,False,False,False,NORMAL,9.0,,False,False,False,False,False,False,NORMAL,9.0,
1994,133.244237,True,0.287,0.006,-9.7,3.5,False,False,,,True,True,False,False,False,False,False,False,NORMAL,9.0,,False,False,False,False,False,False,NORMAL,9.0,
1995,133.311059,True,0.303,0.009,-10.3,-0.1,False,False,,,True,True,False,False,False,False,False,False,NORMAL,9.0,,False,False,False,False,False,False,NORMAL,9.0,
1996,133.377882,True,0.282,0.018,-8.6,4.1,False,False,,,True,True,False,False,False,False,False,False,NORMAL,8.8,,False,False,False,False,False,False,NORMAL,8.8,
1997,133.444704,True,0.286,0.015,-7.8,-4.8,False,False,,,True,True,False,False,False,False,False,False,NORMAL,8.7,,False,False,False,False,False,False,NORMAL,8.7,
1998,133.511527,True,0.304,0.008,-8.9,-5.4,False,False,,,True,True,False,False,False,False,False,False,NORMAL,8.6,,False,False,False,False,False,False,NORMAL,8.6,
1999,133.578349,True,0.314,0.008,-9.7,-5.2,False,False,,,True,True,False,False,False,False,False,False,NORMAL,8.6,,False,False,False,False,False,False,NORMAL,8.6,
2000,133.645172,True,0.316,0.01,-8.6,-5.3,False,False,,,True,True,False,False,False,False,False,False,NORMAL,8.6,,False,False,False,False,False,False,NORMAL,8.6,
2001,133.711995,True,0.321,0.012,-8.5,-4.8,False,False,,,True,True,False,False,False,False,False,False,NORMAL,8.6,,False,False,False,False,False,False,NORMAL,8.6,
2002,133.778817,True,0.304,0.005,-6.6,-2.5,False,False,,,True,True,False,False,False,False,False,False,NORMAL,8.6,,False,False,False,False,False,False,NORMAL,8.6,
2003,133.845640,True,0.311,0.009,-7.8,-2.0,False,False,,,True,True,False,False,False,False,False,False,NORMAL,8.6,,False,False,False,False,False,False,NORMAL,8.6,
2004,133.912462,True,0.293,0.009,-7.6,-1.3,False,False,,,True,True,False,False,False,False,False,False,NORMAL,8.6,,False,False,False,False,False,False,NORMAL,8.6,
2005,133.979285,True,0.32,0.01,-7.1,-4.9,False,False,,,True,True,False,False,False,False,False,False,NORMAL,8.6,,False,False,False,False,False,False,NORMAL,8.6,
2006,134.046108,True,0.303,0.004,-6.6,-4.3,False,False,,,True,True,False,False,False,False,False,False,NORMAL,8.6,,False,False,False,False,False,False,NORMAL,8.6,
2007,134.112930,True,0.294,0.009,-7.3,-5.6,False,False,,,True,True,False,False,False,False,False,False,NORMAL,8.5,,False,False,False,False,False,False,NORMAL,8.5,
2008,134.179753,True,0.289,0.009,-7.6,-3.6,False,False,,,True,True,False,False,False,False,False,False,NORMAL,8.5,,False,False,False,False,False,False,NORMAL,8.5,
2009,134.246575,True,0.347,0.012,-6.9,-4.0,False,False,,,True,True,False,False,False,False,False,False,NORMAL,8.5,,False,False,False,False,False,False,NORMAL,8.5,
2010,134.313398,True,0.363,0.012,-6.3,-2.7,False,False,,,True,True,False,False,False,False,False,False,NORMAL,8.5,,False,False,False,False,False,False,NORMAL,8.5,
2011,134.380221,True,0.36,0.013,-6.2,-2.6,False,False,,,True,True,False,False,False,False,False,False,NORMAL,8.5,,False,False,False,False,False,False,NORMAL,8.5,
2012,134.447043,True,0.349,0.014,-6.7,-6.3,False,False,,,True,True,False,False,False,False,False,False,NORMAL,8.5,,False,False,False,False,False,False,NORMAL,8.5,
2013,134.513866,True,0.329,0.015,-5.0,-7.0,False,False,,,True,True,False,False,False,False,False,False,NORMAL,8.5,,False,False,False,False,False,False,NORMAL,8.5,
2014,134.580688,True,0.322,0.014,-5.0,-6.7,True,True,,,True,True,False,False,False,False,False,False,NORMAL,8.5,,False,False,False,False,False,False,NORMAL,8.5,
2015,134.647511,True,0.328,0.015,-4.4,-7.1,True,True,,,True,True,False,False,False,False,False,False,NORMAL,8.5,,False,False,False,False,False,False,NORMAL,8.5,
2016,134.714333,True,0.322,0.016,-4.3,-6.4,True,True,,,True,True,False,False,False,False,False,False,NORMAL,8.5,,False,False,False,False,False,False,NORMAL,8.5,
2017,134.781156,True,0.312,0.01,-3.6,-4.8,True,True,,,True,True,False,False,False,False,False,False,NORMAL,8.5,,False,False,False,False,False,False,NORMAL,8.5,
2018,134.847979,True,0.277,0.01,-4.5,-6.4,False,False,,,True,True,False,False,False,False,False,False,NORMAL,8.5,,False,False,False,False,False,False,NORMAL,8.5,
2019,134.914801,True,0.281,0.011,-3.7,-7.4,True,True,,,True,True,False,False,False,False,False,False,NORMAL,8.5,,False,False,False,False,False,False,NORMAL,8.5,
2020,134.981624,True,0.28,0.009,-3.7,-7.9,True,True,,,True,True,False,False,False,False,False,False,NORMAL,8.5,,False,False,False,False,False,False,NORMAL,8.5,
2021,135.048446,True,0.279,0.008,-3.9,-6.9,False,False,,,True,True,False,False,False,False,False,False,NORMAL,8.5,,False,False,False,False,False,False,NORMAL,8.5,
2022,135.115269,True,0.288,0.009,-5.4,-6.0,False,False,,,True,True,False,False,False,False,False,False,NORMAL,8.5,,False,False,False,False,False,False,NORMAL,8.5,
2023,135.182092,True,0.293,0.013,-4.3,-7.1,True,True,,,True,True,False,False,False,False,False,False,NORMAL,8.5,,False,False,False,False,False,False,NORMAL,8.5,
2024,135.248914,True,0.294,0.011,-3.7,-7.0,True,True,,,True,True,False,False,False,False,False,False,NORMAL,8.5,,False,False,False,False,False,False,NORMAL,8.5,
2025,135.315737,True,0.294,0.011,-3.7,-6.7,True,True,,,True,True,False,False,False,False,False,False,NORMAL,8.5,,False,False,False,False,False,False,NORMAL,8.5,
2026,135.382559,True,0.302,0.016,-4.1,-8.3,False,False,,,True,True,False,False,False,False,False,False,NORMAL,8.5,,False,False,False,False,False,False,NORMAL,8.5,
2027,135.449382,True,0.291,0.013,-4.9,-6.5,True,True,,,True,True,False,False,False,False,False,False,NORMAL,8.5,,False,False,False,False,False,False,NORMAL,8.5,
2028,135.516204,True,0.307,0.011,-4.3,-6.2,True,True,,,True,True,False,False,False,False,False,False,NORMAL,8.5,,False,False,False,False,False,False,NORMAL,8.5,
2029,135.583027,True,0.287,0.01,-5.4,-6.7,False,False,,,True,True,False,False,False,False,False,False,NORMAL,8.5,,False,False,False,False,False,False,NORMAL,8.5,
2030,135.649850,True,0.278,0.016,-6.1,-6.5,True,True,,,True,True,False,False,False,False,False,False,NORMAL,8.5,,False,False,False,False,False,False,NORMAL,8.5,
2031,135.716672,True,0.263,0.01,-6.5,-6.5,True,True,,,True,True,False,False,False,False,False,False,NORMAL,8.5,,False,False,False,False,False,False,NORMAL,8.5,
2032,135.783495,True,0.276,0.018,-8.4,-3.9,True,True,,,True,True,False,False,False,False,False,False,NORMAL,8.5,,False,False,False,False,False,False,NORMAL,8.5,
2033,135.850317,True,0.278,0.012,-8.5,-5.7,False,False,,,True,True,False,False,False,False,False,False,NORMAL,8.5,,False,False,False,False,False,False,NORMAL,8.5,
2034,135.917140,True,0.302,0.013,-8.3,-5.3,True,True,,,True,True,False,False,False,False,False,False,NORMAL,8.5,,False,False,False,False,False,False,NORMAL,8.5,
2035,135.983963,True,0.29,0.011,-7.4,-5.2,False,False,,,True,True,False,False,False,False,False,False,NORMAL,8.5,,False,False,False,False,False,False,NORMAL,8.5,
2036,136.050785,True,0.256,0.005,-6.9,-3.6,False,False,,,True,True,False,False,False,False,False,False,NORMAL,8.5,,False,False,False,False,False,False,NORMAL,8.5,
2037,136.117608,True,0.258,0.007,-7.8,-3.3,False,False,,,True,True,False,False,False,False,False,False,NORMAL,8.5,,False,False,False,False,False,False,NORMAL,8.5,
2038,136.184430,False,0.0,0.0,0.0,0.0,False,False,,,True,True,False,False,False,False,False,False,NORMAL,8.5,,False,False,False,False,False,False,NORMAL,8.5,
2039,136.251253,False,0.0,0.0,0.0,0.0,False,False,,,True,True,False,False,False,False,False,False,NORMAL,8.5,,False,False,False,False,False,False,NORMAL,8.5,
2040,136.318076,False,0.0,0.0,0.0,0.0,True,True,,,True,True,False,False,False,False,False,False,NORMAL,8.5,,False,False,False,False,False,False,NORMAL,8.5,
2041,136.384898,False,0.0,0.0,0.0,0.0,False,False,,,True,True,False,False,False,False,False,False,NORMAL,8.5,,False,False,False,False,False,False,NORMAL,8.5,
2042,136.451721,True,0.284,0.017,2.3,-7.0,False,False,,,True,True,False,False,False,False,False,False,NORMAL,8.5,,False,False,False,False,False,False,NORMAL,8.5,
2043,136.518543,True,0.32,0.012,-3.7,-9.2,False,False,,,True,True,False,False,False,False,False,False,NORMAL,8.5,,False,False,False,False,False,False,NORMAL,8.5,
2044,136.585366,True,0.31,0.01,-6.7,-6.7,False,False,,,True,True,False,False,False,False,False,False,NORMAL,8.5,,False,False,False,False,False,False,NORMAL,8.5,
2045,136.652188,True,0.297,0.015,-5.4,-5.9,False,False,,,True,True,False,False,False,False,False,False,NORMAL,8.5,,False,False,False,False,False,False,NORMAL,8.5,
2046,136.719011,True,0.292,0.01,-6.2,-5.3,False,False,,,True,True,False,False,False,False,False,False,NORMAL,8.5,,False,False,False,False,False,False,NORMAL,8.5,
2047,136.785834,True,0.294,0.007,-4.7,-2.4,True,True,,,True,True,False,False,False,False,False,False,NORMAL,8.5,,False,False,False,False,False,False,NORMAL,8.5,
2048,136.852656,True,0.278,0.019,-3.1,-4.0,True,True,,,True,True,False,False,False,False,False,False,NORMAL,8.5,,False,False,False,False,False,False,NORMAL,8.5,
2049,136.919479,True,0.283,0.016,-2.3,-5.6,True,True,,,True,True,False,False,False,False,False,False,NORMAL,8.5,,False,False,False,False,False,False,NORMAL,8.5,
2050,136.986301,True,0.27,0.014,-1.4,-5.9,False,False,,,True,True,False,False,False,False,False,False,NORMAL,8.5,,False,False,False,False,False,False,NORMAL,8.5,
2051,137.053124,True,0.282,0.009,-3.3,-4.8,False,False,,,True,True,False,False,False,False,False,False,NORMAL,8.5,,False,False,False,False,False,False,NORMAL,8.5,
2052,137.119947,True,0.304,0.008,-3.0,-4.7,False,False,,,True,True,False,False,False,False,False,False,NORMAL,8.5,,False,False,False,False,False,False,NORMAL,8.5,
2053,137.186769,True,0.289,0.009,-1.6,-4.7,False,False,,,True,True,False,False,False,False,False,False,NORMAL,8.5,,False,False,False,False,False,False,NORMAL,8.5,
2054,137.253592,True,0.289,0.009,-2.2,-5.6,False,False,,,True,True,False,False,False,False,False,False,NORMAL,8.5,,False,False,False,False,False,False,NORMAL,8.5,
2055,137.320414,True,0.289,0.01,-2.7,-6.6,False,False,,,True,True,False,False,False,False,False,False,NORMAL,8.5,,False,False,False,False,False,False,NORMAL,8.5,
2056,137.387237,True,0.288,0.006,-1.8,-5.7,False,False,,,True,True,False,False,False,False,False,False,NORMAL,8.5,,False,False,False,False,False,False,NORMAL,8.5,
2057,137.454059,True,0.308,0.008,-2.0,-6.2,False,False,,,True,True,False,False,False,False,False,False,NORMAL,8.5,,False,False,False,False,False,False,NORMAL,8.5,
2058,137.520882,True,0.301,0.009,-2.2,-6.5,True,True,,,True,True,False,False,False,False,False,False,NORMAL,8.5,,False,False,False,False,False,False,NORMAL,8.5,
2059,137.587705,True,0.289,0.009,-2.3,-5.7,True,True,,,True,True,False,False,False,False,False,False,NORMAL,8.5,,False,False,False,False,False,False,NORMAL,8.5,
2060,137.654527,True,0.299,0.008,-0.3,-7.3,True,True,,,True,True,False,False,False,False,False,False,NORMAL,8.5,,False,False,False,False,False,False,NORMAL,8.5,
2061,137.721350,True,0.291,0.006,-0.4,-6.8,True,True,,,True,True,False,False,False,False,False,False,NORMAL,8.5,,False,False,False,False,False,False,NORMAL,8.5,
2062,137.788172,True,0.295,0.005,0.4,-7.1,True,True,,,True,True,False,False,False,False,False,False,NORMAL,8.5,,False,False,False,False,False,False,NORMAL,8.5,
2063,137.854995,True,0.311,0.009,0.7,-7.7,False,False,,,True,True,False,False,False,False,False,False,NORMAL,8.5,,False,False,False,False,False,False,NORMAL,8.5,
2064,137.921818,True,0.298,0.006,-0.6,-6.0,True,True,,,True,True,False,False,False,False,False,False,NORMAL,8.5,,False,False,False,False,False,False,NORMAL,8.5,
2065,137.988640,True,0.29,0.01,-4.0,-8.2,False,False,,,True,True,False,False,False,False,False,False,NORMAL,8.5,,False,False,False,False,False,False,NORMAL,8.5,
2066,138.055463,True,0.285,0.008,-3.0,-6.0,True,True,,,True,True,False,False,False,False,False,False,NORMAL,8.5,,False,False,False,False,False,False,NORMAL,8.5,
2067,138.122285,True,0.282,0.007,-6.8,-4.6,True,True,,,True,True,False,False,False,False,False,False,NORMAL,8.5,,False,False,False,False,False,False,NORMAL,8.5,
2068,138.189108,True,0.307,0.008,-6.9,-3.8,True,True,,,True,True,False,False,False,False,False,False,NORMAL,8.5,,False,False,False,False,False,False,NORMAL,8.5,
2069,138.255931,True,0.276,0.013,-11.8,-4.6,True,True,,,True,True,False,False,False,False,False,False,NORMAL,8.5,,False,False,False,False,False,False,NORMAL,8.5,
2070,138.322753,True,0.285,0.01,-12.1,-3.4,True,True,,,True,True,False,False,False,False,False,False,NORMAL,8.5,,False,False,False,False,False,False,NORMAL,8.5,
2071,138.389576,True,0.319,0.011,-14.9,-1.8,True,True,,,True,True,False,False,False,False,False,False,NORMAL,8.5,,False,False,False,False,False,False,NORMAL,8.5,
2072,138.456398,False,0.0,0.0,0.0,0.0,False,False,,,True,True,False,False,False,False,False,False,NORMAL,8.5,,False,False,False,False,False,False,NORMAL,8.5,
2073,138.523221,False,0.0,0.0,0.0,0.0,False,False,,,True,True,False,False,False,False,False,False,NORMAL,8.6,,False,False,False,False,False,False,NORMAL,8.6,
2074,138.590043,False,0.0,0.0,0.0,0.0,True,True,,,True,True,False,False,False,False,False,False,NORMAL,8.6,,False,False,False,False,False,False,NORMAL,8.6,
2075,138.656866,False,0.0,0.0,0.0,0.0,True,True,,,True,True,False,False,False,False,False,False,NORMAL,8.6,,False,False,False,False,False,False,NORMAL,8.6,
2076,138.723689,False,0.0,0.0,0.0,0.0,True,True,,,True,True,False,False,False,False,False,False,NORMAL,8.6,,False,False,False,False,False,False,NORMAL,8.6,
2077,138.790511,False,0.0,0.0,0.0,0.0,True,True,,,True,True,False,False,False,False,False,False,NORMAL,8.6,,False,False,False,False,False,False,NORMAL,8.6,
2078,138.857334,False,0.0,0.0,0.0,0.0,True,True,,,True,True,False,False,False,False,False,False,NORMAL,8.6,,False,False,False,False,False,False,NORMAL,8.6,
2079,138.924156,False,0.0,0.0,0.0,0.0,True,True,,,True,True,False,False,False,False,False,False,NORMAL,8.6,,False,False,False,False,False,False,NORMAL,8.6,
2080,138.990979,False,0.0,0.0,0.0,0.0,False,False,,,True,True,False,False,False,False,False,False,NORMAL,8.6,,False,False,False,False,False,False,NORMAL,8.6,
2081,139.057802,False,0.0,0.0,0.0,0.0,False,False,,,True,True,False,False,False,False,False,False,NORMAL,8.6,,False,False,False,False,False,False,NORMAL,8.6,
2082,139.124624,False,0.0,0.0,0.0,0.0,False,False,,,True,True,False,False,False,False,False,False,NORMAL,8.7,,False,False,False,False,False,False,NORMAL,8.7,
2083,139.191447,False,0.0,0.0,0.0,0.0,True,True,,,True,True,False,False,False,False,False,False,NORMAL,8.7,,False,False,False,False,False,False,NORMAL,8.7,
2084,139.258269,False,0.0,0.0,0.0,0.0,False,False,,,True,True,False,False,False,False,False,False,NORMAL,8.7,,False,False,False,False,False,False,NORMAL,8.7,
2085,139.325092,False,0.0,0.0,0.0,0.0,True,True,,,True,True,False,False,False,False,False,False,NORMAL,8.7,,False,False,False,False,False,False,NORMAL,8.7,
2086,139.391914,False,0.0,0.0,0.0,0.0,True,True,,,True,True,False,False,False,False,False,False,NORMAL,8.7,,False,False,False,False,False,False,NORMAL,8.7,
2087,139.458737,False,0.0,0.0,0.0,0.0,True,True,,,True,True,False,False,False,False,False,False,NORMAL,8.7,,False,False,False,False,False,False,NORMAL,8.7,
2088,139.525560,False,0.0,0.0,0.0,0.0,True,True,,,True,True,False,False,False,False,False,False,NORMAL,8.7,,False,False,False,False,False,False,NORMAL,8.7,
2089,139.592382,False,0.0,0.0,0.0,0.0,True,True,,,True,True,False,False,False,False,False,False,NORMAL,8.7,,False,False,False,False,False,False,NORMAL,8.7,
2090,139.659205,False,0.0,0.0,0.0,0.0,False,False,,,True,True,False,False,False,False,False,False,NORMAL,8.8,,False,False,False,False,False,False,NORMAL,8.8,
2091,139.726027,False,0.0,0.0,0.0,0.0,False,False,,,True,True,False,False,False,False,False,False,NORMAL,8.8,,False,False,False,False,False,False,NORMAL,8.8,
2092,139.792850,False,0.0,0.0,0.0,0.0,True,True,,,True,True,False,False,False,False,False,False,NORMAL,8.8,,False,False,False,False,False,False,NORMAL,8.8,
2093,139.859673,False,0.0,0.0,0.0,0.0,True,True,,,True,True,False,False,False,False,False,False,NORMAL,8.8,,False,False,False,False,False,False,NORMAL,8.8,
2094,139.926495,False,0.0,0.0,0.0,0.0,True,True,,,True,True,False,False,False,False,False,False,NORMAL,8.8,,False,False,False,False,False,False,NORMAL,8.8,
2095,139.993318,False,0.0,0.0,0.0,0.0,True,True,,,True,True,False,False,False,False,False,False,NORMAL,8.8,,False,False,False,False,False,False,NORMAL,8.8,
2096,140.060140,False,0.0,0.0,0.0,0.0,True,True,,,True,True,False,False,False,False,False,False,NORMAL,8.8,,False,False,False,False,False,False,NORMAL,8.8,
2097,140.126963,False,0.0,0.0,0.0,0.0,True,True,,,True,True,False,False,False,False,False,False,NORMAL,8.8,,False,False,False,False,False,False,NORMAL,8.8,
2098,140.193785,False,0.0,0.0,0.0,0.0,True,True,,,True,True,False,False,False,False,False,False,NORMAL,8.9,,False,False,False,False,False,False,NORMAL,8.9,
2099,140.260608,False,0.0,0.0,0.0,0.0,True,True,,,True,True,False,False,False,False,False,False,NORMAL,8.9,,False,False,False,False,False,False,NORMAL,8.9,
2100,140.327431,False,0.0,0.0,0.0,0.0,False,False,,,True,True,False,False,False,False,False,False,NORMAL,8.9,,False,False,False,False,False,False,NORMAL,8.9,
2101,140.394253,False,0.0,0.0,0.0,0.0,False,False,,,True,True,False,False,False,False,False,False,NORMAL,8.9,,False,False,False,False,False,False,NORMAL,8.9,
2102,140.461076,False,0.0,0.0,0.0,0.0,True,True,,,True,True,False,False,False,False,False,False,NORMAL,8.9,,False,False,False,False,False,False,NORMAL,8.9,
2103,140.527898,False,0.0,0.0,0.0,0.0,True,True,,,True,True,False,False,False,False,False,False,NORMAL,8.9,,False,False,False,False,False,False,NORMAL,8.9,
2104,140.594721,False,0.0,0.0,0.0,0.0,True,True,,,True,True,False,False,False,False,False,False,NORMAL,8.9,,False,False,False,False,False,False,NORMAL,8.9,
2105,140.661544,False,0.0,0.0,0.0,0.0,True,True,,,True,True,False,False,False,False,False,False,NORMAL,8.9,,False,False,False,False,False,False,NORMAL,8.9,
2106,140.728366,False,0.0,0.0,0.0,0.0,True,True,,,True,True,False,False,False,False,False,False,NORMAL,9.0,,False,False,False,False,False,False,NORMAL,9.0,
2107,140.795189,False,0.0,0.0,0.0,0.0,True,True,,,True,True,False,False,False,False,False,False,NORMAL,9.0,,False,False,False,False,False,False,NORMAL,9.0,
2108,140.862011,False,0.0,0.0,0.0,0.0,True,True,,,True,True,False,False,False,False,False,False,NORMAL,9.0,,False,False,False,False,False,False,NORMAL,9.0,
2109,140.928834,True,0.378,0.008,-14.6,-3.8,True,True,,,True,True,False,False,False,False,False,False,NORMAL,9.0,,False,False,False,False,False,False,NORMAL,9.0,
2110,140.995657,True,0.374,0.016,-14.4,-3.9,True,True,,,True,True,False,False,False,False,False,False,NORMAL,9.0,,False,False,False,False,False,False,NORMAL,9.0,
2111,141.062479,True,0.364,0.022,-14.5,-3.3,True,True,,,True,True,False,False,False,False,False,False,NORMAL,9.0,,False,False,False,False,False,False,NORMAL,9.0,
2112,141.129302,True,0.389,0.018,-15.8,-2.8,True,True,,,True,True,False,False,False,False,False,False,NORMAL,9.0,,False,False,False,False,False,False,NORMAL,9.0,
2113,141.196124,True,0.348,0.014,-14.3,-3.7,True,True,,,True,True,False,False,False,False,False,False,NORMAL,9.0,,False,False,False,False,False,False,NORMAL,9.0,
2114,141.262947,True,0.33,0.012,-12.8,-1.7,True,True,,,True,True,False,False,False,False,False,False,NORMAL,9.0,,False,False,False,False,False,False,NORMAL,9.0,
2115,141.329769,True,0.315,0.011,-13.0,-1.4,True,True,,,True,True,False,False,False,False,False,False,NORMAL,9.0,,False,False,False,False,False,False,NORMAL,9.0,
2116,141.396592,False,0.0,0.0,0.0,0.0,True,True,,,True,True,False,False,False,False,False,False,NORMAL,9.0,,False,False,False,False,False,False,NORMAL,9.0,
2117,141.463415,False,0.0,0.0,0.0,0.0,True,True,,,True,True,False,False,False,False,False,False,NORMAL,9.0,,False,False,False,False,False,False,NORMAL,9.0,
2118,141.530237,True,0.376,0.025,-13.5,-7.2,True,True,,,True,True,False,False,False,False,False,False,NORMAL,9.0,,False,False,False,False,False,False,NORMAL,9.0,
2119,141.597060,True,0.369,0.02,-15.1,-5.5,True,True,,,True,True,False,False,False,False,False,False,NORMAL,9.0,,False,False,False,False,False,False,NORMAL,9.0,
2120,141.663882,True,0.36,0.019,-13.5,-3.9,True,True,,,True,True,False,False,False,False,False,False,NORMAL,9.0,,False,False,False,False,False,False,NORMAL,9.0,
2121,141.730705,True,0.36,0.019,-12.8,-4.1,True,True,,,True,True,False,False,False,False,False,False,NORMAL,9.0,,False,False,False,False,False,False,NORMAL,9.0,
2122,141.797528,True,0.356,0.016,-14.6,-5.0,True,True,,,True,True,False,False,False,False,False,False,NORMAL,9.0,,False,False,False,False,False,False,NORMAL,9.0,
2123,141.864350,True,0.366,0.017,-15.0,-4.1,True,True,,,True,True,False,False,False,False,False,False,NORMAL,9.0,,False,False,False,False,False,False,NORMAL,9.0,
2124,141.931173,True,0.357,0.018,-13.8,-2.3,True,True,,,True,True,False,False,False,False,False,False,NORMAL,9.0,,False,False,False,False,False,False,NORMAL,9.0,
2125,141.997995,False,0.0,0.0,0.0,0.0,True,True,,,True,True,False,False,False,False,False,False,NORMAL,9.0,,False,False,False,False,False,False,NORMAL,9.0,
2126,142.064818,False,0.0,0.0,0.0,0.0,True,True,,,True,True,False,False,False,False,False,False,NORMAL,9.0,,False,False,False,False,False,False,NORMAL,9.0,
2127,142.131640,False,0.0,0.0,0.0,0.0,False,False,,,True,True,False,False,False,False,False,False,NORMAL,9.1,,False,False,False,False,False,False,NORMAL,9.1,
2128,142.198463,False,0.0,0.0,0.0,0.0,True,True,,,True,True,False,False,False,False,False,False,NORMAL,9.1,,False,False,False,False,False,False,NORMAL,9.1,
2129,142.265286,True,0.289,0.009,-9.5,-4.4,True,True,,,True,True,False,False,False,False,False,False,NORMAL,9.1,,False,False,False,False,False,False,NORMAL,9.1,
2130,142.332108,True,0.289,0.007,-11.9,0.4,True,True,,,True,True,False,False,False,False,False,False,NORMAL,9.1,,False,False,False,False,False,False,NORMAL,9.1,
2131,142.398931,True,0.264,0.008,-11.6,0.5,True,True,,,True,True,False,False,False,False,False,False,NORMAL,9.1,,False,False,False,False,False,False,NORMAL,9.1,
2132,142.465753,True,0.262,0.01,-12.5,-2.0,True,True,,,True,True,False,False,False,False,False,False,NORMAL,9.1,,False,False,False,False,False,False,NORMAL,9.1,
2133,142.532576,True,0.259,0.012,-11.8,-1.5,True,True,,,True,True,False,False,False,False,False,False,NORMAL,9.0,,False,False,False,False,False,False,NORMAL,9.0,
2134,142.599399,True,0.288,0.013,-13.2,-3.3,True,True,,,True,True,False,False,False,False,False,False,NORMAL,9.0,,False,False,False,False,False,False,NORMAL,9.0,
2135,142.666221,False,0.0,0.0,0.0,0.0,True,True,,,True,True,False,False,False,False,False,False,NORMAL,9.0,,False,False,False,False,False,False,NORMAL,9.0,
2136,142.733044,False,0.0,0.0,0.0,0.0,False,False,,,True,True,False,False,False,False,False,False,NORMAL,9.0,,False,False,False,False,False,False,NORMAL,9.0,
2137,142.799866,True,0.377,0.013,-12.0,-11.2,False,False,,,True,True,False,False,False,False,False,False,NORMAL,9.0,,False,False,False,False,False,False,NORMAL,9.0,
2138,142.866689,True,0.367,0.01,-16.8,-9.9,False,False,,,True,True,False,False,False,False,False,False,NORMAL,9.0,,False,False,False,False,False,False,NORMAL,9.0,
2139,142.933512,True,0.385,0.013,-17.4,-6.1,False,False,,,True,True,False,False,False,False,False,False,NORMAL,9.0,,False,False,False,False,False,False,NORMAL,9.0,
2140,143.000334,True,0.393,0.022,-19.2,-4.8,True,True,,,True,True,False,False,False,False,False,False,NORMAL,9.0,,False,False,False,False,False,False,NORMAL,9.0,
2141,143.067157,True,0.383,0.017,-19.1,-4.7,False,False,,,True,True,False,False,False,False,False,False,NORMAL,9.0,,False,False,False,False,False,False,NORMAL,9.0,
2142,143.133979,True,0.387,0.022,-20.5,-5.3,True,True,,,True,True,False,False,False,False,False,False,NORMAL,8.9,,False,False,False,False,False,False,NORMAL,8.9,
2143,143.200802,True,0.393,0.022,-21.0,-5.6,True,True,,,True,True,False,False,False,False,False,False,NORMAL,8.9,,False,False,False,False,False,False,NORMAL,8.9,
2144,143.267624,False,0.0,0.0,0.0,0.0,True,True,,,True,True,False,False,False,False,False,False,NORMAL,8.9,,False,False,False,False,False,False,NORMAL,8.9,
2145,143.334447,False,0.0,0.0,0.0,0.0,True,True,,,True,True,False,False,False,False,False,False,NORMAL,8.9,,False,False,False,False,False,False,NORMAL,8.9,
2146,143.401270,False,0.0,0.0,0.0,0.0,True,True,,,True,True,False,False,False,False,False,False,NORMAL,8.9,,False,False,False,False,False,False,NORMAL,8.9,
2147,143.468092,False,0.0,0.0,0.0,0.0,True,True,,,True,True,False,False,False,False,False,False,NORMAL,8.9,,False,False,False,False,False,False,NORMAL,8.9,
2148,143.534915,False,0.0,0.0,0.0,0.0,True,True,,,True,True,False,False,False,False,False,False,NORMAL,8.9,,False,False,False,False,False,False,NORMAL,8.9,
2149,143.601737,False,0.0,0.0,0.0,0.0,True,True,,,True,True,False,False,False,False,False,False,NORMAL,8.9,,False,False,False,False,False,False,NORMAL,8.9,
2150,143.668560,False,0.0,0.0,0.0,0.0,True,True,,,True,True,False,False,False,False,False,False,NORMAL,8.9,,False,False,False,False,False,False,NORMAL,8.9,
2151,143.735383,False,0.0,0.0,0.0,0.0,True,True,,,True,True,False,False,False,False,False,False,NORMAL,8.9,,False,False,False,False,False,False,NORMAL,8.9,
2152,143.802205,False,0.0,0.0,0.0,0.0,True,True,,,True,True,False,False,False,False,False,False,NORMAL,8.9,,False,False,False,False,False,False,NORMAL,8.9,
2153,143.869028,False,0.0,0.0,0.0,0.0,True,True,,,True,True,False,False,False,False,False,False,NORMAL,8.9,,False,False,False,False,False,False,NORMAL,8.9,
2154,143.935850,False,0.0,0.0,0.0,0.0,True,True,,,True,True,False,False,False,False,False,False,NORMAL,8.9,,False,False,False,False,False,False,NORMAL,8.9,
2155,144.002673,False,0.0,0.0,0.0,0.0,True,True,,,True,True,False,False,False,False,False,False,NORMAL,8.9,,False,False,False,False,False,False,NORMAL,8.9,
2156,144.069495,False,0.0,0.0,0.0,0.0,True,True,,,True,True,False,False,False,False,False,False,NORMAL,9.0,,False,False,False,False,False,False,NORMAL,9.0,
2157,144.136318,False,0.0,0.0,0.0,0.0,True,True,,,True,True,False,False,False,False,False,False,NORMAL,9.0,,False,False,False,False,False,False,NORMAL,9.0,
2158,144.203141,False,0.0,0.0,0.0,0.0,True,True,,,True,True,False,False,False,False,False,False,NORMAL,9.0,,False,False,False,False,False,False,NORMAL,9.0,
2159,144.269963,False,0.0,0.0,0.0,0.0,True,True,,,True,True,False,False,False,False,False,False,NORMAL,9.0,,False,False,False,False,False,False,NORMAL,9.0,
2160,144.336786,False,0.0,0.0,0.0,0.0,False,False,,,True,True,False,False,False,False,False,False,NORMAL,9.0,,False,False,False,False,False,False,NORMAL,9.0,
2161,144.403608,False,0.0,0.0,0.0,0.0,False,False,,,True,True,False,False,False,False,False,False,NORMAL,9.0,,False,False,False,False,False,False,NORMAL,9.0,
2162,144.470431,False,0.0,0.0,0.0,0.0,False,False,,,True,True,False,False,False,False,False,False,NORMAL,9.0,,False,False,False,False,False,False,NORMAL,9.0,
2163,144.537254,False,0.0,0.0,0.0,0.0,True,True,,,True,True,False,False,False,False,False,False,NORMAL,9.0,,False,False,False,False,False,False,NORMAL,9.0,
2164,144.604076,False,0.0,0.0,0.0,0.0,True,True,,,True,True,False,False,False,False,False,False,NORMAL,9.1,,False,False,False,False,False,False,NORMAL,9.1,
2165,144.670899,False,0.0,0.0,0.0,0.0,True,True,,,True,True,False,False,False,False,False,False,NORMAL,9.1,,False,False,False,False,False,False,NORMAL,9.1,
2166,144.737721,False,0.0,0.0,0.0,0.0,True,True,,,True,True,False,False,False,False,False,False,NORMAL,9.1,,False,False,False,False,False,False,NORMAL,9.1,
2167,144.804544,False,0.0,0.0,0.0,0.0,True,True,,,True,True,False,False,False,False,False,False,NORMAL,9.1,,False,False,False,False,False,False,NORMAL,9.1,
2168,144.871367,False,0.0,0.0,0.0,0.0,True,True,,,True,True,False,False,False,False,False,False,NORMAL,9.1,,False,False,False,False,False,False,NORMAL,9.1,
2169,144.938189,False,0.0,0.0,0.0,0.0,True,True,,,True,True,False,False,False,False,False,False,NORMAL,9.1,,False,False,False,False,False,False,NORMAL,9.1,
2170,145.005012,False,0.0,0.0,0.0,0.0,True,True,,,True,True,False,False,False,False,False,False,NORMAL,9.1,,False,False,False,False,False,False,NORMAL,9.1,
2171,145.071834,False,0.0,0.0,0.0,0.0,True,True,,,True,True,False,False,False,False,False,False,NORMAL,9.1,,False,False,False,False,False,False,NORMAL,9.1,
2172,145.138657,False,0.0,0.0,0.0,0.0,True,True,,,True,True,False,False,False,False,False,False,NORMAL,9.2,,False,False,False,False,False,False,NORMAL,9.2,
2173,145.205479,False,0.0,0.0,0.0,0.0,True,True,,,True,True,False,False,False,False,False,False,NORMAL,9.2,,False,False,False,False,False,False,NORMAL,9.2,
2174,145.272302,False,0.0,0.0,0.0,0.0,True,True,,,True,True,False,False,False,False,False,False,NORMAL,9.2,,False,False,False,False,False,False,NORMAL,9.2,
2175,145.339125,False,0.0,0.0,0.0,0.0,True,True,,,True,True,False,False,False,False,False,False,NORMAL,9.2,,False,False,False,False,False,False,NORMAL,9.2,
2176,145.405947,False,0.0,0.0,0.0,0.0,True,True,,,True,True,False,False,False,False,False,False,NORMAL,9.2,,False,False,False,False,False,False,NORMAL,9.2,
2177,145.472770,False,0.0,0.0,0.0,0.0,True,True,,,True,True,False,False,False,False,False,False,NORMAL,9.2,,False,False,False,False,False,False,NORMAL,9.2,
2178,145.539592,False,0.0,0.0,0.0,0.0,True,True,,,True,True,False,False,False,False,False,False,NORMAL,9.2,,False,False,False,False,False,False,NORMAL,9.2,
2179,145.606415,False,0.0,0.0,0.0,0.0,True,True,,,True,True,False,False,False,False,False,False,NORMAL,9.3,,False,False,False,False,False,False,NORMAL,9.3,
2180,145.673238,False,0.0,0.0,0.0,0.0,True,True,,,True,True,False,False,False,False,False,False,NORMAL,9.3,,False,False,False,False,False,False,NORMAL,9.3,
2181,145.740060,False,0.0,0.0,0.0,0.0,False,False,,,True,True,False,False,False,False,False,False,NORMAL,9.3,,False,False,False,False,False,False,NORMAL,9.3,
2182,145.806883,False,0.0,0.0,0.0,0.0,False,False,,,True,True,False,False,False,False,False,False,NORMAL,9.3,,False,False,False,False,False,False,NORMAL,9.3,
2183,145.873705,True,0.228,0.007,-4.0,0.2,True,True,,,True,True,False,False,False,False,False,False,NORMAL,9.3,,False,False,False,False,False,False,NORMAL,9.3,
2184,145.940528,True,0.214,0.013,-10.9,-0.1,True,True,,,True,True,False,False,False,False,False,False,NORMAL,9.3,,False,False,False,False,False,False,NORMAL,9.3,
2185,146.007350,False,0.0,0.0,0.0,0.0,False,False,,,True,True,False,False,False,False,False,False,NORMAL,9.3,,False,False,False,False,False,False,NORMAL,9.3,
2186,146.074173,False,0.0,0.0,0.0,0.0,False,False,,,True,True,False,False,False,False,False,False,NORMAL,9.3,,False,False,False,False,False,False,NORMAL,9.3,
2187,146.140996,False,0.0,0.0,0.0,0.0,False,False,,,True,True,False,False,False,False,False,False,NORMAL,9.3,,False,False,False,False,False,False,NORMAL,9.3,
2188,146.207818,False,0.0,0.0,0.0,0.0,False,False,,,True,True,False,False,False,False,False,False,NORMAL,9.4,,False,False,False,False,False,False,NORMAL,9.4,
2189,146.274641,False,0.0,0.0,0.0,0.0,False,False,,,True,True,False,False,False,False,False,False,NORMAL,9.4,,False,False,False,False,False,False,NORMAL,9.4,
2190,146.341463,False,0.0,0.0,0.0,0.0,False,False,,,True,True,False,False,False,False,False,False,NORMAL,9.4,,False,False,False,False,False,False,NORMAL,9.4,
2191,146.408286,False,0.0,0.0,0.0,0.0,False,False,,,True,True,False,False,False,False,False,False,NORMAL,9.4,,False,False,False,False,False,False,NORMAL,9.4,
2192,146.475109,False,0.0,0.0,0.0,0.0,False,False,,,True,True,False,False,False,False,False,False,NORMAL,9.4,,False,False,False,False,False,False,NORMAL,9.4,
2193,146.541931,False,0.0,0.0,0.0,0.0,False,False,,,True,True,False,False,False,False,False,False,NORMAL,9.4,,False,False,False,False,False,False,NORMAL,9.4,
2194,146.608754,False,0.0,0.0,0.0,0.0,False,False,,,True,True,False,False,False,False,False,False,NORMAL,9.4,,False,False,False,False,False,False,NORMAL,9.4,
2195,146.675576,False,0.0,0.0,0.0,0.0,False,False,,,True,True,False,False,False,False,False,False,NORMAL,9.5,,False,False,False,False,False,False,NORMAL,9.5,
2196,146.742399,False,0.0,0.0,0.0,0.0,False,False,,,True,True,False,False,False,False,False,False,NORMAL,9.5,,False,False,False,False,False,False,NORMAL,9.5,
2197,146.809222,False,0.0,0.0,0.0,0.0,False,False,,,True,True,False,False,False,False,False,False,NORMAL,9.5,,False,False,False,False,False,False,NORMAL,9.5,
2198,146.876044,False,0.0,0.0,0.0,0.0,False,False,,,True,True,False,False,False,False,False,False,NORMAL,9.5,,False,False,False,False,False,False,NORMAL,9.5,
2199,146.942867,False,0.0,0.0,0.0,0.0,False,False,,,True,True,False,False,False,False,False,False,NORMAL,9.5,,False,False,False,False,False,False,NORMAL,9.5,
2200,147.009689,False,0.0,0.0,0.0,0.0,False,False,,,True,True,False,False,False,False,False,False,NORMAL,9.5,,False,False,False,False,False,False,NORMAL,9.5,
2201,147.076512,False,0.0,0.0,0.0,0.0,False,False,,,True,True,False,False,False,False,False,False,NORMAL,9.5,,False,False,False,False,False,False,NORMAL,9.5,
2202,147.143334,False,0.0,0.0,0.0,0.0,False,False,,,True,True,False,False,False,False,False,False,NORMAL,9.6,,False,False,False,False,False,False,NORMAL,9.6,
2203,147.210157,False,0.0,0.0,0.0,0.0,False,False,,,True,True,False,False,False,False,False,False,NORMAL,9.6,,False,False,False,False,False,False,NORMAL,9.6,
2204,147.276980,False,0.0,0.0,0.0,0.0,False,False,,,True,True,False,False,False,False,False,False,NORMAL,9.6,,False,False,False,False,False,False,NORMAL,9.6,
2205,147.343802,False,0.0,0.0,0.0,0.0,False,False,,,True,True,False,False,False,False,False,False,NORMAL,9.6,,False,False,False,False,False,False,NORMAL,9.6,
2206,147.410625,False,0.0,0.0,0.0,0.0,False,False,,,True,True,False,False,False,False,False,False,NORMAL,9.6,,False,False,False,False,False,False,NORMAL,9.6,
2207,147.477447,False,0.0,0.0,0.0,0.0,False,False,,,True,True,False,False,False,False,False,False,NORMAL,9.6,,False,False,False,False,False,False,NORMAL,9.6,
2208,147.544270,False,0.0,0.0,0.0,0.0,False,False,,,True,True,False,False,False,False,False,False,NORMAL,9.6,,False,False,False,False,False,False,NORMAL,9.6,
2209,147.611093,False,0.0,0.0,0.0,0.0,False,False,,,True,True,False,False,False,False,False,False,NORMAL,9.7,,False,False,False,False,False,False,NORMAL,9.7,
2210,147.677915,False,0.0,0.0,0.0,0.0,False,False,,,True,True,False,False,False,False,False,False,NORMAL,9.7,,False,False,False,False,False,False,NORMAL,9.7,
2211,147.744738,False,0.0,0.0,0.0,0.0,False,False,,,True,True,False,False,False,False,False,False,NORMAL,9.7,,False,False,False,False,False,False,NORMAL,9.7,
2212,147.811560,False,0.0,0.0,0.0,0.0,False,False,,,True,True,False,False,False,False,False,False,NORMAL,9.7,,False,False,False,False,False,False,NORMAL,9.7,
2213,147.878383,False,0.0,0.0,0.0,0.0,False,False,,,True,True,False,False,False,False,False,False,NORMAL,9.7,,False,False,False,False,False,False,NORMAL,9.7,
2214,147.945205,False,0.0,0.0,0.0,0.0,False,False,,,True,True,False,False,False,False,False,False,NORMAL,9.7,,False,False,False,False,False,False,NORMAL,9.7,
2215,148.012028,False,0.0,0.0,0.0,0.0,False,False,,,True,True,False,False,False,False,False,False,NORMAL,9.7,,False,False,False,False,False,False,NORMAL,9.7,
2216,148.078851,False,0.0,0.0,0.0,0.0,False,False,,,True,True,False,False,False,False,False,False,NORMAL,9.7,,False,False,False,False,False,False,NORMAL,9.7,
2217,148.145673,False,0.0,0.0,0.0,0.0,False,False,,,True,True,False,False,False,False,False,False,NORMAL,9.8,,False,False,False,False,False,False,NORMAL,9.8,
2218,148.212496,False,0.0,0.0,0.0,0.0,False,False,,,True,True,False,False,False,False,False,False,NORMAL,9.8,,False,False,False,False,False,False,NORMAL,9.8,
2219,148.279318,False,0.0,0.0,0.0,0.0,False,False,,,True,True,False,False,False,False,False,False,NORMAL,9.8,,False,False,False,False,False,False,NORMAL,9.8,
2220,148.346141,False,0.0,0.0,0.0,0.0,False,False,,,True,True,False,False,False,False,False,False,NORMAL,9.8,,False,False,False,False,False,False,NORMAL,9.8,
2221,148.412964,False,0.0,0.0,0.0,0.0,False,False,,,True,True,False,False,False,False,False,False,NORMAL,9.8,,False,False,False,False,False,False,NORMAL,9.8,
2222,148.479786,False,0.0,0.0,0.0,0.0,False,False,,,True,True,False,False,False,False,False,False,NORMAL,9.8,,False,False,False,False,False,False,NORMAL,9.8,
2223,148.546609,True,0.283,0.012,-12.5,-0.7,False,False,,,True,True,False,False,False,False,False,False,NORMAL,9.8,,False,False,False,False,False,False,NORMAL,9.8,
2224,148.613431,True,0.293,0.014,-15.1,-0.5,False,False,,,True,True,False,False,False,False,False,False,NORMAL,9.8,,False,False,False,False,False,False,NORMAL,9.8,
2225,148.680254,True,0.299,0.012,-14.0,3.9,False,False,,,True,True,False,False,False,False,False,False,NORMAL,9.8,,False,False,False,False,False,False,NORMAL,9.8,
2226,148.747077,True,0.282,0.014,-14.4,0.1,False,False,,,True,True,False,False,False,False,False,False,NORMAL,9.8,,False,False,False,False,False,False,NORMAL,9.8,
2227,148.813899,True,0.325,0.01,-12.4,1.7,False,False,,,True,True,False,False,False,False,False,False,NORMAL,9.8,,False,False,False,False,False,False,NORMAL,9.8,
2228,148.880722,True,0.35,0.009,-12.7,0.8,False,False,,,True,True,False,False,False,False,False,False,NORMAL,9.8,,False,False,False,False,False,False,NORMAL,9.8,
2229,148.947544,True,0.295,0.011,-10.8,-1.0,False,False,,,True,True,False,False,False,False,False,False,NORMAL,9.8,,False,False,False,False,False,False,NORMAL,9.8,
2230,149.014367,True,0.303,0.014,-11.3,-2.6,False,False,,,True,True,False,False,False,False,False,False,NORMAL,9.8,,False,False,False,False,False,False,NORMAL,9.8,
2231,149.081189,True,0.271,0.01,-10.8,-3.7,False,False,,,True,True,False,False,False,False,False,False,NORMAL,9.8,,False,False,False,False,False,False,NORMAL,9.8,
2232,149.148012,True,0.268,0.01,-9.5,-4.4,False,False,,,True,True,False,False,False,False,False,False,NORMAL,9.8,,False,False,False,False,False,False,NORMAL,9.8,
2233,149.214835,True,0.3,0.01,-9.5,-3.0,False,False,,,True,True,False,False,False,False,False,False,NORMAL,9.8,,False,False,False,False,False,False,NORMAL,9.8,
2234,149.281657,True,0.309,0.011,-9.5,-3.4,False,False,,,True,True,False,False,False,False,False,False,NORMAL,9.8,,False,False,False,False,False,False,NORMAL,9.8,
2235,149.348480,True,0.296,0.013,-7.7,-0.5,False,False,,,True,True,False,False,False,False,False,False,NORMAL,9.8,,False,False,False,False,False,False,NORMAL,9.8,
2236,149.415302,True,0.272,0.015,-6.4,-2.2,False,False,,,True,True,False,False,False,False,False,False,NORMAL,9.8,,False,False,False,False,False,False,NORMAL,9.8,
2237,149.482125,True,0.273,0.014,-6.5,-2.2,False,False,,,True,True,False,False,False,False,False,False,NORMAL,9.8,,False,False,False,False,False,False,NORMAL,9.8,
2238,149.548948,True,0.272,0.01,-0.3,-0.4,False,False,,,True,True,False,False,False,False,False,False,NORMAL,9.8,,False,False,False,False,False,False,NORMAL,9.8,
2239,149.615770,False,0.0,0.0,0.0,0.0,False,False,,,True,True,False,False,False,False,False,False,NORMAL,9.8,,False,False,False,False,False,False,NORMAL,9.8,
2240,149.682593,True,0.168,0.004,7.7,5.7,False,False,,,True,True,False,False,False,False,False,False,NORMAL,10.1,,False,False,False,False,False,False,NORMAL,10.1,
2241,149.749415,True,0.276,0.021,19.2,9.1,False,False,,,True,True,False,False,False,False,False,False,NORMAL,10.1,,False,False,False,False,False,False,NORMAL,10.1,
2242,149.816238,False,0.0,0.0,0.0,0.0,False,False,,,True,True,False,False,False,False,False,False,NORMAL,10.1,,False,False,False,False,False,False,NORMAL,10.1,
2243,149.883060,False,0.0,0.0,0.0,0.0,True,True,,,True,True,False,False,False,False,False,False,NORMAL,10.1,,False,False,False,False,False,False,NORMAL,10.1,
2244,149.949883,False,0.0,0.0,0.0,0.0,True,True,,,True,True,False,False,False,False,False,False,NORMAL,10.1,,False,False,False,False,False,False,NORMAL,10.1,
2245,150.016706,False,0.0,0.0,0.0,0.0,True,True,,,True,True,False,False,False,False,False,False,NORMAL,10.1,,False,False,False,False,False,False,NORMAL,10.1,
2246,150.083528,False,0.0,0.0,0.0,0.0,False,False,,,True,True,False,False,False,False,False,False,NORMAL,10.1,,False,False,False,False,False,False,NORMAL,10.1,
2247,150.150351,True,0.287,0.008,19.1,10.4,True,True,,,True,True,False,False,False,False,False,False,NORMAL,10.1,,False,False,False,False,False,False,NORMAL,10.1,
2248,150.217173,True,0.246,0.009,28.9,13.9,False,False,,,True,True,False,False,False,False,False,False,NORMAL,10.0,,False,False,False,False,False,False,NORMAL,10.0,
2249,150.283996,True,0.194,0.008,29.4,15.8,False,False,,,True,True,False,False,False,False,False,False,NORMAL,10.0,,False,False,False,False,False,False,NORMAL,10.0,
2250,150.350819,True,0.176,0.01,19.6,6.1,False,False,,,True,True,False,False,False,False,False,False,NORMAL,10.0,,False,False,False,False,False,False,NORMAL,10.0,
2251,150.417641,True,0.147,0.007,9.9,0.1,False,False,,,True,True,False,False,False,False,False,False,NORMAL,10.3,,False,False,False,False,False,False,NORMAL,10.3,
2252,150.484464,True,0.189,0.01,10.1,0.6,False,False,,,True,True,False,False,False,False,False,False,NORMAL,10.3,,False,False,False,False,False,False,NORMAL,10.3,
2253,150.551286,True,0.197,0.011,9.0,0.8,False,False,,,True,True,False,False,False,False,False,False,NORMAL,10.3,,False,False,False,False,False,False,NORMAL,10.3,
2254,150.618109,True,0.25,0.005,0.3,2.9,False,False,,,True,True,False,False,False,False,False,False,NORMAL,10.3,,False,False,False,False,False,False,NORMAL,10.3,
2255,150.684932,False,0.0,0.0,0.0,0.0,False,False,,,True,True,False,False,False,False,False,False,NORMAL,10.3,,False,False,False,False,False,False,NORMAL,10.3,
2256,150.751754,False,0.0,0.0,0.0,0.0,False,False,,,True,True,False,False,False,False,False,False,NORMAL,10.3,,False,False,False,False,False,False,NORMAL,10.3,
2257,150.818577,False,0.0,0.0,0.0,0.0,False,False,,,True,True,False,False,False,False,False,False,NORMAL,10.3,,False,False,False,False,False,False,NORMAL,10.3,
2258,150.885399,True,0.297,0.011,-8.1,10.1,False,False,,,True,True,False,False,False,False,False,False,NORMAL,10.2,,False,False,False,False,False,False,NORMAL,10.2,
2259,150.952222,True,0.315,0.019,-10.7,10.6,False,False,,,True,True,False,False,False,False,False,False,NORMAL,10.2,,False,False,False,False,False,False,NORMAL,10.2,
2260,151.019044,False,0.0,0.0,0.0,0.0,False,False,,,True,True,False,False,False,False,False,False,NORMAL,10.2,,False,False,False,False,False,False,NORMAL,10.2,
2261,151.085867,False,0.0,0.0,0.0,0.0,False,False,,,True,True,False,False,False,False,False,False,NORMAL,10.2,,False,False,False,False,False,False,NORMAL,10.2,
2262,151.152690,False,0.0,0.0,0.0,0.0,True,True,,,True,True,False,False,False,False,False,False,NORMAL,10.2,,False,False,False,False,False,False,NORMAL,10.2,
2263,151.219512,True,0.303,0.105,-28.8,17.0,True,True,,,True,True,False,False,False,False,False,False,NORMAL,10.2,,False,False,False,False,False,False,NORMAL,10.2,
2264,151.286335,True,0.254,0.157,-29.2,20.6,True,True,,,True,True,False,False,False,False,False,False,NORMAL,10.2,,False,False,False,False,False,False,NORMAL,10.2,
2265,151.353157,True,0.215,0.055,-32.4,14.2,True,True,,,True,True,False,False,False,False,False,False,NORMAL,10.2,,False,False,False,False,False,False,NORMAL,10.2,
2266,151.419980,True,0.177,0.137,-31.4,13.3,True,True,,,True,True,False,False,False,False,False,False,NORMAL,10.2,,False,False,False,False,False,False,NORMAL,10.2,
2267,151.486803,True,0.223,0.11,-33.9,11.5,True,True,,,True,True,False,False,False,False,False,False,NORMAL,10.2,,False,False,False,False,False,False,NORMAL,10.2,
2268,151.553625,True,0.358,0.114,-32.8,12.7,True,True,,,True,True,False,False,False,False,False,False,NORMAL,10.2,,False,False,False,False,False,False,NORMAL,10.2,
2269,151.620448,True,0.216,0.093,-26.5,15.6,True,True,,,True,True,False,False,False,False,False,False,NORMAL,10.2,,False,False,False,False,False,False,NORMAL,10.2,
2270,151.687270,True,0.214,0.101,-25.3,16.5,True,True,,,True,True,False,False,False,False,False,False,NORMAL,10.2,,False,False,False,False,False,False,NORMAL,10.2,
2271,151.754093,True,0.16,0.116,-15.1,15.5,False,False,,,True,True,False,False,False,False,False,False,NORMAL,10.2,,False,False,False,False,False,False,NORMAL,10.2,
2272,151.820915,True,0.109,0.066,-3.0,12.0,True,True,,,True,True,False,False,False,False,False,False,NORMAL,10.5,,False,False,False,False,False,False,NORMAL,10.5,
2273,151.887738,True,0.16,0.054,3.8,8.1,False,False,,,True,True,False,False,False,False,False,False,NORMAL,10.8,,False,False,False,False,False,False,NORMAL,10.8,
2274,151.954561,True,0.191,0.05,3.5,8.1,False,False,,,True,True,False,False,False,False,False,False,NORMAL,10.8,,False,False,False,False,False,False,NORMAL,10.8,
2275,152.021383,True,0.211,0.023,4.0,5.9,True,True,,,True,True,False,False,False,False,False,False,NORMAL,10.8,,False,False,False,False,False,False,NORMAL,10.8,
2276,152.088206,True,0.224,0.012,3.9,6.2,False,False,,,True,True,False,False,False,False,False,False,NORMAL,10.8,,False,False,False,False,False,False,NORMAL,10.8,
2277,152.155028,True,0.225,0.023,2.3,5.7,False,False,,,True,True,False,False,False,False,False,False,NORMAL,10.8,,False,False,False,False,False,False,NORMAL,10.8,
2278,152.221851,True,0.142,0.023,-4.4,1.8,False,False,,,True,True,False,False,False,False,False,False,NORMAL,11.1,,False,False,False,False,False,False,NORMAL,11.1,
2279,152.288674,True,0.126,0.022,-4.9,1.0,False,False,,,True,True,False,False,False,False,False,False,NORMAL,11.4,,False,False,False,False,False,False,NORMAL,11.4,
2280,152.355496,True,0.288,0.025,-7.0,1.4,True,True,,,True,True,False,False,False,False,False,False,NORMAL,11.4,,False,False,False,False,False,False,NORMAL,11.4,
2281,152.422319,True,0.327,0.007,-7.5,-3.1,False,False,,,True,True,False,False,False,False,False,False,NORMAL,11.4,,False,False,False,False,False,False,NORMAL,11.4,
2282,152.489141,True,0.331,0.006,-6.9,-1.5,False,False,,,True,True,False,False,False,False,False,False,NORMAL,11.4,,False,False,False,False,False,False,NORMAL,11.4,
2283,152.555964,True,0.337,0.018,-6.1,-2.6,False,False,,,True,True,False,False,False,False,False,False,NORMAL,11.4,,False,False,False,False,False,False,NORMAL,11.4,
2284,152.622787,True,0.32,0.018,-6.6,-3.0,False,False,,,True,True,False,False,False,False,False,False,NORMAL,11.4,,False,False,False,False,False,False,NORMAL,11.4,
2285,152.689609,True,0.311,0.026,-6.0,-3.0,False,False,,,True,True,False,False,False,False,False,False,NORMAL,11.4,,False,False,False,False,False,False,NORMAL,11.4,
2286,152.756432,True,0.245,0.022,-3.6,-3.5,False,False,,,True,True,False,False,False,False,False,False,NORMAL,11.4,,False,False,False,False,False,False,NORMAL,11.4,
2287,152.823254,True,0.209,0.034,-0.5,-6.5,False,False,,,True,True,False,False,False,False,False,False,NORMAL,11.4,,False,False,False,False,False,False,NORMAL,11.4,
2288,152.890077,True,0.186,0.036,-1.2,-6.9,True,True,,,True,True,False,False,False,False,False,False,NORMAL,11.4,,False,False,False,False,False,False,NORMAL,11.4,
2289,152.956899,True,0.24,0.031,-1.1,-6.5,True,True,,,True,True,False,False,False,False,False,False,NORMAL,11.4,,False,False,False,False,False,False,NORMAL,11.4,
2290,153.023722,True,0.257,0.04,-0.0,-6.0,True,True,,,True,True,False,False,False,False,False,False,NORMAL,11.4,,False,False,False,False,False,False,NORMAL,11.4,
2291,153.090545,True,0.259,0.04,-0.5,-6.1,True,True,,,True,True,False,False,False,False,False,False,NORMAL,11.4,,False,False,False,False,False,False,NORMAL,11.4,
2292,153.157367,True,0.24,0.046,-0.4,-4.4,True,True,,,True,True,False,False,False,False,False,False,NORMAL,11.4,,False,False,False,False,False,False,NORMAL,11.4,
2293,153.224190,True,0.263,0.035,-0.7,-4.3,False,False,,,True,True,False,False,False,False,False,False,NORMAL,11.4,,False,False,False,False,False,False,NORMAL,11.4,
2294,153.291012,True,0.268,0.036,-1.2,-3.7,True,True,,,True,True,False,False,False,False,False,False,NORMAL,11.4,,False,False,False,False,False,False,NORMAL,11.4,
2295,153.357835,True,0.281,0.03,-1.4,-2.8,False,False,,,True,True,False,False,False,False,False,False,NORMAL,11.4,,False,False,False,False,False,False,NORMAL,11.4,
2296,153.424658,True,0.304,0.026,-1.0,-1.9,False,False,,,True,True,False,False,False,False,False,False,NORMAL,11.4,,False,False,False,False,False,False,NORMAL,11.4,
2297,153.491480,True,0.3,0.016,-1.1,-1.4,False,False,,,True,True,False,False,False,False,False,False,NORMAL,11.4,,False,False,False,False,False,False,NORMAL,11.4,
2298,153.558303,True,0.312,0.012,-1.5,-1.1,False,False,,,True,True,False,False,False,False,False,False,NORMAL,11.4,,False,False,False,False,False,False,NORMAL,11.4,
2299,153.625125,True,0.324,0.017,-0.7,-0.7,False,False,,,True,True,False,False,False,False,False,False,NORMAL,11.4,,False,False,False,False,False,False,NORMAL,11.4,
2300,153.691948,True,0.328,0.015,-0.3,-1.0,False,False,,,True,True,False,False,False,False,False,False,NORMAL,11.4,,False,False,False,False,False,False,NORMAL,11.4,
2301,153.758770,True,0.33,0.015,0.3,-0.7,False,False,,,True,True,False,False,False,False,False,False,NORMAL,11.4,,False,False,False,False,False,False,NORMAL,11.4,
2302,153.825593,True,0.333,0.013,0.5,-0.3,False,False,,,True,True,False,False,False,False,False,False,NORMAL,11.4,,False,False,False,False,False,False,NORMAL,11.4,
2303,153.892416,True,0.338,0.013,0.6,-0.2,False,False,,,True,True,False,False,False,False,False,False,NORMAL,11.4,,False,False,False,False,False,False,NORMAL,11.4,
2304,153.959238,True,0.342,0.013,0.4,-0.2,True,True,,,True,True,False,False,False,False,False,False,NORMAL,11.4,,False,False,False,False,False,False,NORMAL,11.4,
2305,154.026061,True,0.348,0.014,0.6,-0.4,True,True,,,True,True,False,False,False,False,False,False,NORMAL,11.4,,False,False,False,False,False,False,NORMAL,11.4,
2306,154.092883,True,0.346,0.015,0.7,-0.7,True,True,,,True,True,False,False,False,False,False,False,NORMAL,11.4,,False,False,False,False,False,False,NORMAL,11.4,
2307,154.159706,True,0.35,0.017,1.0,-0.3,True,True,,,True,True,False,False,False,False,False,False,NORMAL,11.4,,False,False,False,False,False,False,NORMAL,11.4,
2308,154.226529,True,0.353,0.015,1.1,-0.2,True,True,,,True,True,False,False,False,False,False,False,NORMAL,11.4,,False,False,False,False,False,False,NORMAL,11.4,
2309,154.293351,True,0.357,0.014,0.9,0.1,True,True,,,True,True,False,False,False,False,False,False,NORMAL,11.4,,False,False,False,False,False,False,NORMAL,11.4,
2310,154.360174,True,0.355,0.013,1.0,-0.4,True,True,,,True,True,False,False,False,False,False,False,NORMAL,11.4,,False,False,False,False,False,False,NORMAL,11.4,
2311,154.426996,True,0.356,0.011,0.9,-0.3,True,True,,,True,True,False,False,False,False,False,False,NORMAL,11.4,,False,False,False,False,False,False,NORMAL,11.4,
2312,154.493819,True,0.359,0.011,0.9,-0.2,True,True,,,True,True,False,False,False,False,False,False,NORMAL,11.4,,False,False,False,False,False,False,NORMAL,11.4,
2313,154.560641,True,0.357,0.016,1.1,-0.3,True,True,,,True,True,False,False,False,False,False,False,NORMAL,11.4,,False,False,False,False,False,False,NORMAL,11.4,
2314,154.627464,True,0.356,0.016,1.1,-0.6,True,True,,,True,True,False,False,False,False,False,False,NORMAL,11.4,,False,False,False,False,False,False,NORMAL,11.4,
2315,154.694287,True,0.357,0.015,1.1,-0.5,True,True,,,True,True,False,False,False,False,False,False,NORMAL,11.4,,False,False,False,False,False,False,NORMAL,11.4,
2316,154.761109,True,0.333,0.014,1.6,-1.4,True,True,,,True,True,False,False,False,False,False,False,NORMAL,11.4,,False,False,False,False,False,False,NORMAL,11.4,
2317,154.827932,True,0.317,0.025,1.8,-2.0,True,True,,,True,True,False,False,False,False,False,False,NORMAL,11.4,,False,False,False,False,False,False,NORMAL,11.4,
2318,154.894754,True,0.318,0.019,1.8,-2.1,True,True,,,True,True,False,False,False,False,False,False,NORMAL,11.4,,False,False,False,False,False,False,NORMAL,11.4,
2319,154.961577,True,0.318,0.017,1.9,-2.4,True,True,,,True,True,False,False,False,False,False,False,NORMAL,11.4,,False,False,False,False,False,False,NORMAL,11.4,
2320,155.028400,True,0.319,0.02,2.3,-3.0,False,False,,,True,True,False,False,False,False,False,False,NORMAL,11.4,,False,False,False,False,False,False,NORMAL,11.4,
2321,155.095222,True,0.331,0.033,2.4,-3.6,False,False,,,True,True,False,False,False,False,False,False,NORMAL,11.4,,False,False,False,False,False,False,NORMAL,11.4,
2322,155.162045,True,0.325,0.034,2.4,-3.8,False,False,,,True,True,False,False,False,False,False,False,NORMAL,11.4,,False,False,False,False,False,False,NORMAL,11.4,
2323,155.228867,True,0.329,0.031,1.8,-3.7,True,True,,,True,True,False,False,False,False,False,False,NORMAL,11.4,,False,False,False,False,False,False,NORMAL,11.4,
2324,155.295690,True,0.304,0.031,1.8,-3.2,False,False,,,True,True,False,False,False,False,False,False,NORMAL,11.4,,False,False,False,False,False,False,NORMAL,11.4,
2325,155.362513,True,0.304,0.032,2.0,-3.0,True,True,,,True,True,False,False,False,False,False,False,NORMAL,11.4,,False,False,False,False,False,False,NORMAL,11.4,
2326,155.429335,True,0.305,0.029,1.7,-3.9,True,True,,,True,True,False,False,False,False,False,False,NORMAL,11.4,,False,False,False,False,False,False,NORMAL,11.4,
2327,155.496158,True,0.311,0.027,1.7,-3.8,True,True,,,True,True,False,False,False,False,False,False,NORMAL,11.4,,False,False,False,False,False,False,NORMAL,11.4,
2328,155.562980,True,0.308,0.023,2.1,-3.3,True,True,,,True,True,False,False,False,False,False,False,NORMAL,11.4,,False,False,False,False,False,False,NORMAL,11.4,
2329,155.629803,True,0.315,0.018,2.6,-3.2,True,True,,,True,True,False,False,False,False,False,False,NORMAL,11.4,,False,False,False,False,False,False,NORMAL,11.4,
2330,155.696625,True,0.315,0.019,2.6,-3.4,True,True,,,True,True,False,False,False,False,False,False,NORMAL,11.4,,False,False,False,False,False,False,NORMAL,11.4,
2331,155.763448,True,0.318,0.019,2.5,-3.4,False,False,,,True,True,False,False,False,False,False,False,NORMAL,11.4,,False,False,False,False,False,False,NORMAL,11.4,
2332,155.830271,True,0.322,0.018,2.3,-3.7,False,False,,,True,True,False,False,False,False,False,False,NORMAL,11.4,,False,False,False,False,False,False,NORMAL,11.4,
2333,155.897093,True,0.317,0.016,1.9,-3.8,True,True,,,True,True,False,False,False,False,False,False,NORMAL,11.4,,False,False,False,False,False,False,NORMAL,11.4,
2334,155.963916,True,0.313,0.015,2.0,-3.9,False,False,,,True,True,False,False,False,False,False,False,NORMAL,11.4,,False,False,False,False,False,False,NORMAL,11.4,
2335,156.030738,True,0.32,0.013,2.0,-4.0,False,False,,,True,True,False,False,False,False,False,False,NORMAL,11.4,,False,False,False,False,False,False,NORMAL,11.4,
2336,156.097561,True,0.321,0.014,2.1,-3.7,False,False,,,True,True,False,False,False,False,False,False,NORMAL,11.4,,False,False,False,False,False,False,NORMAL,11.4,
2337,156.164384,True,0.317,0.034,1.4,-5.5,True,True,,,True,True,False,False,False,False,False,False,NORMAL,11.4,,False,False,False,False,False,False,NORMAL,11.4,
2338,156.231206,True,0.322,0.032,1.3,-5.4,False,False,,,True,True,False,False,False,False,False,False,NORMAL,11.4,,False,False,False,False,False,False,NORMAL,11.4,
2339,156.298029,True,0.321,0.041,1.5,-5.6,True,True,,,True,True,False,False,False,False,False,False,NORMAL,11.4,,False,False,False,False,False,False,NORMAL,11.4,
2340,156.364851,True,0.31,0.045,1.0,-5.2,True,True,,,True,True,False,False,False,False,False,False,NORMAL,11.4,,False,False,False,False,False,False,NORMAL,11.4,
2341,156.431674,True,0.282,0.041,0.3,-5.9,False,False,,,True,True,False,False,False,False,False,False,NORMAL,11.4,,False,False,False,False,False,False,NORMAL,11.4,
2342,156.498496,True,0.302,0.042,-0.2,-6.6,False,False,,,True,True,False,False,False,False,False,False,NORMAL,11.4,,False,False,False,False,False,False,NORMAL,11.4,
2343,156.565319,True,0.305,0.042,-0.1,-6.9,False,False,,,True,True,False,False,False,False,False,False,NORMAL,11.4,,False,False,False,False,False,False,NORMAL,11.4,
2344,156.632142,True,0.282,0.025,-0.8,-6.5,False,False,,,True,True,False,False,False,False,False,False,NORMAL,11.4,,False,False,False,False,False,False,NORMAL,11.4,
2345,156.698964,True,0.293,0.028,-0.7,-6.4,False,False,,,True,True,False,False,False,False,False,False,NORMAL,11.4,,False,False,False,False,False,False,NORMAL,11.4,
2346,156.765787,True,0.305,0.029,-0.3,-7.0,False,False,,,True,True,False,False,False,False,False,False,NORMAL,11.4,,False,False,False,False,False,False,NORMAL,11.4,
2347,156.832609,True,0.308,0.027,-0.3,-7.0,False,False,,,True,True,False,False,False,False,False,False,NORMAL,11.4,,False,False,False,False,False,False,NORMAL,11.4,
2348,156.899432,True,0.31,0.035,-0.3,-7.1,False,False,,,True,True,False,False,False,False,False,False,NORMAL,11.4,,False,False,False,False,False,False,NORMAL,11.4,
2349,156.966255,True,0.3,0.038,-0.3,-7.3,False,False,,,True,True,False,False,False,False,False,False,NORMAL,11.4,,False,False,False,False,False,False,NORMAL,11.4,
2350,157.033077,True,0.302,0.059,-0.3,-7.3,False,False,,,True,True,False,False,False,False,False,False,NORMAL,11.4,,False,False,False,False,False,False,NORMAL,11.4,
2351,157.099900,True,0.293,0.048,-0.3,-7.3,False,False,,,True,True,False,False,False,False,False,False,NORMAL,11.4,,False,False,False,False,False,False,NORMAL,11.4,
2352,157.166722,True,0.305,0.048,-0.3,-7.3,False,False,,,True,True,False,False,False,False,False,False,NORMAL,11.4,,False,False,False,False,False,False,NORMAL,11.4,
2353,157.233545,True,0.277,0.043,-0.9,-6.8,False,False,,,True,True,False,False,False,False,False,False,NORMAL,11.4,,False,False,False,False,False,False,NORMAL,11.4,
2354,157.300368,True,0.269,0.052,-1.7,-6.3,False,False,,,True,True,False,False,False,False,False,False,NORMAL,11.4,,False,False,False,False,False,False,NORMAL,11.4,
2355,157.367190,True,0.226,0.062,-1.7,-6.4,False,False,,,True,True,False,False,False,False,False,False,NORMAL,11.4,,False,False,False,False,False,False,NORMAL,11.4,
2356,157.434013,True,0.198,0.059,-1.6,-6.4,True,True,,,True,True,False,False,False,False,False,False,NORMAL,11.4,,False,False,False,False,False,False,NORMAL,11.4,
2357,157.500835,True,0.2,0.064,-1.2,-6.8,True,True,,,True,True,False,False,False,False,False,False,NORMAL,11.4,,False,False,False,False,False,False,NORMAL,11.4,
2358,157.567658,True,0.302,0.065,-1.1,-6.9,True,True,,,True,True,False,False,False,False,False,False,NORMAL,11.3,,False,False,False,False,False,False,NORMAL,11.3,
2359,157.634480,True,0.246,0.062,-1.4,-6.7,True,True,,,True,True,False,False,False,False,False,False,NORMAL,11.3,,False,False,False,False,False,False,NORMAL,11.3,
2360,157.701303,True,0.21,0.046,-1.6,-6.2,True,True,,,True,True,False,False,False,False,False,False,NORMAL,11.3,,False,False,False,False,False,False,NORMAL,11.3,
2361,157.768126,True,0.244,0.032,-0.9,-6.3,False,False,,,True,True,False,False,False,False,False,False,NORMAL,11.3,,False,False,False,False,False,False,NORMAL,11.3,
2362,157.834948,True,0.238,0.051,-0.8,-3.4,False,False,,,True,True,False,False,False,False,False,False,NORMAL,11.3,,False,False,False,False,False,False,NORMAL,11.3,
2363,157.901771,True,0.241,0.056,-0.9,-3.1,True,True,,,True,True,False,False,False,False,False,False,NORMAL,11.3,,False,False,False,False,False,False,NORMAL,11.3,
2364,157.968593,True,0.159,0.21,-3.7,0.4,True,True,,,True,True,False,False,False,False,False,False,NORMAL,11.6,,False,False,False,False,False,False,NORMAL,11.6,
2365,158.035416,True,0.198,0.06,-4.3,4.6,False,False,,,True,True,False,False,False,False,False,False,NORMAL,11.5,,False,False,False,False,False,False,NORMAL,11.5,
2366,158.102239,True,0.191,0.023,-5.4,9.3,False,False,,,True,True,False,False,False,False,False,False,NORMAL,11.5,,False,False,False,False,False,False,NORMAL,11.5,
2367,158.169061,True,0.161,0.024,-6.0,9.6,True,True,,,True,True,False,False,False,False,False,False,NORMAL,11.8,,False,False,False,False,False,False,NORMAL,11.8,
2368,158.235884,True,0.18,0.014,-6.1,10.2,False,False,,,True,True,False,False,False,False,False,False,NORMAL,11.8,,False,False,False,False,False,False,NORMAL,11.8,
2369,158.302706,True,0.229,0.025,-7.5,11.3,False,False,,,True,True,False,False,False,False,False,False,NORMAL,11.8,,False,False,False,False,False,False,NORMAL,11.8,
2370,158.369529,True,0.223,0.032,-7.6,11.2,False,False,,,True,True,False,False,False,False,False,False,NORMAL,11.7,,False,False,False,False,False,False,NORMAL,11.7,
2371,158.436351,True,0.098,0.013,-10.7,10.0,False,False,,,True,True,False,False,False,False,False,False,NORMAL,12.0,,False,False,False,False,False,False,NORMAL,12.0,
2372,158.503174,True,0.119,0.014,-12.1,14.0,False,False,,,True,True,False,False,False,False,False,False,NORMAL,12.3,,False,False,False,False,False,False,NORMAL,12.3,
2373,158.569997,True,0.155,0.015,-12.4,14.3,False,False,,,True,True,False,False,False,False,False,False,NORMAL,12.6,,False,False,False,False,False,False,NORMAL,12.6,
2374,158.636819,True,0.18,0.013,-12.0,14.1,False,False,,,True,True,False,False,False,False,False,False,NORMAL,12.6,,False,False,False,False,False,False,NORMAL,12.6,
2375,158.703642,True,0.17,0.012,-12.3,14.0,False,False,,,True,True,False,False,False,False,False,False,NORMAL,12.9,,False,False,False,False,False,False,NORMAL,12.9,
2376,158.770464,True,0.1,0.008,-13.1,12.9,False,False,,,True,True,False,False,False,False,False,False,NORMAL,13.1,,False,False,False,False,False,False,NORMAL,13.1,
2377,158.837287,True,0.079,0.009,-12.2,12.5,False,False,,,True,True,False,False,False,False,False,False,NORMAL,13.4,,False,False,False,False,False,False,NORMAL,13.4,
2378,158.904110,True,0.101,0.012,-11.3,11.9,False,False,,,True,True,False,False,False,False,False,False,NORMAL,13.7,,False,False,False,False,False,False,NORMAL,13.7,
2379,158.970932,True,0.096,0.01,-11.7,12.7,False,False,,,True,True,False,False,False,False,False,False,NORMAL,14.0,,False,False,False,False,False,False,NORMAL,14.0,
2380,159.037755,True,0.094,0.011,-13.6,11.6,False,False,,,True,True,False,False,False,False,False,False,NORMAL,14.2,,False,False,False,False,False,False,NORMAL,14.2,
2381,159.104577,True,0.087,0.01,-13.6,12.3,False,False,,,True,True,False,False,False,False,False,False,NORMAL,15.6,,False,False,False,False,False,False,NORMAL,15.6,
2382,159.171400,True,0.155,0.007,-14.7,7.8,False,False,,,True,True,False,False,False,False,False,False,NORMAL,18.2,,False,False,False,False,False,False,NORMAL,18.2,
2383,159.238223,True,0.205,0.022,-16.4,0.7,False,False,,,True,True,False,False,False,False,False,False,NORMAL,17.8,,False,False,False,False,False,False,NORMAL,17.8,
2384,159.305045,True,0.19,0.013,-16.8,0.2,False,False,,,True,True,False,False,False,False,False,False,NORMAL,17.5,,False,False,False,False,False,False,NORMAL,17.5,
2385,159.371868,True,0.175,0.051,-16.2,-0.3,False,False,,,True,True,False,False,False,False,False,False,NORMAL,17.1,,False,False,False,False,False,False,NORMAL,17.1,
2386,159.438690,True,0.249,0.028,-13.8,-3.1,False,False,,,True,True,False,False,False,False,False,False,NORMAL,16.8,,False,False,False,False,False,False,NORMAL,16.8,
2387,159.505513,True,0.177,0.075,-13.0,-4.2,False,False,,,True,True,False,False,False,False,False,False,NORMAL,16.5,,False,False,False,False,False,False,NORMAL,16.5,
2388,159.572335,True,0.171,0.112,-13.5,-3.9,False,False,,,True,True,False,False,False,False,False,False,NORMAL,16.1,,False,False,False,False,False,False,NORMAL,16.1,
2389,159.639158,True,0.248,0.119,-12.3,-4.0,False,False,,,True,True,False,False,False,False,False,False,NORMAL,15.8,,False,False,False,False,False,False,NORMAL,15.8,
2390,159.705981,True,0.248,0.072,-5.4,-8.4,False,False,,,True,True,False,False,False,False,False,False,NORMAL,15.5,,False,False,False,False,False,False,NORMAL,15.5,
2391,159.772803,True,0.234,0.093,-4.4,-9.0,False,False,,,True,True,False,False,False,False,False,False,NORMAL,15.2,,False,False,False,False,False,False,NORMAL,15.2,
2392,159.839626,True,0.272,0.154,-2.0,-9.0,False,False,,,True,True,False,False,False,False,False,False,NORMAL,14.9,,False,False,False,False,False,False,NORMAL,14.9,
2393,159.906448,True,0.295,0.218,1.1,-9.9,False,False,,,True,True,False,False,False,False,False,False,NORMAL,14.6,,False,False,False,False,False,False,NORMAL,14.6,
2394,159.973271,True,0.327,0.224,1.4,-10.6,False,False,,,True,True,False,False,False,False,False,False,NORMAL,14.6,,False,False,False,False,False,False,NORMAL,14.6,
2395,160.040094,True,0.296,0.225,3.0,-9.7,True,True,,,True,True,False,False,False,False,False,False,NORMAL,14.6,,False,False,False,False,False,False,NORMAL,14.6,
2396,160.106916,True,0.309,0.208,5.4,-9.1,True,True,,,True,True,False,False,False,False,False,False,NORMAL,14.6,,False,False,False,False,False,False,NORMAL,14.6,
2397,160.173739,True,0.332,0.203,5.2,-9.3,True,True,,,True,True,False,False,False,False,False,False,NORMAL,14.6,,False,False,False,False,False,False,NORMAL,14.6,
2398,160.240561,True,0.34,0.225,4.4,-10.7,True,True,,,True,True,False,False,False,False,False,False,NORMAL,14.6,,False,False,False,False,False,False,NORMAL,14.6,
2399,160.307384,True,0.337,0.241,3.7,-11.5,True,True,,,True,True,False,False,False,False,False,False,NORMAL,14.6,,False,False,False,False,False,False,NORMAL,14.6,
2400,160.374206,True,0.353,0.229,3.5,-11.1,False,False,,,True,True,False,False,False,False,False,False,NORMAL,14.6,,False,False,False,False,False,False,NORMAL,14.6,
2401,160.441029,True,0.355,0.221,2.2,-11.0,True,True,,,True,True,False,False,False,False,False,False,NORMAL,14.6,,False,False,False,False,False,False,NORMAL,14.6,
2402,160.507852,True,0.353,0.21,1.5,-11.3,True,True,,,True,True,False,False,False,False,False,False,NORMAL,14.6,,False,False,False,False,False,False,NORMAL,14.6,
2403,160.574674,True,0.351,0.179,1.6,-11.1,True,True,,,True,True,False,False,False,False,False,False,NORMAL,14.6,,False,False,False,False,False,False,NORMAL,14.6,
2404,160.641497,True,0.355,0.164,1.5,-10.7,True,True,,,True,True,False,False,False,False,False,False,NORMAL,14.6,,False,False,False,False,False,False,NORMAL,14.6,
2405,160.708319,True,0.358,0.155,1.3,-10.6,True,True,,,True,True,False,False,False,False,False,False,NORMAL,14.6,,False,False,False,False,False,False,NORMAL,14.6,
2406,160.775142,True,0.341,0.152,1.3,-9.9,True,True,,,True,True,False,False,False,False,False,False,NORMAL,14.6,,False,False,False,False,False,False,NORMAL,14.6,
2407,160.841965,True,0.333,0.136,0.6,-8.7,False,False,,,True,True,False,False,False,False,False,False,NORMAL,14.6,,False,False,False,False,False,False,NORMAL,14.6,
2408,160.908787,True,0.334,0.125,0.6,-8.2,False,False,,,True,True,False,False,False,False,False,False,NORMAL,14.6,,False,False,False,False,False,False,NORMAL,14.6,
2409,160.975610,True,0.321,0.182,-0.7,-10.4,False,False,,,True,True,False,False,False,False,False,False,NORMAL,14.6,,False,False,False,False,False,False,NORMAL,14.6,
2410,161.042432,True,0.311,0.208,-1.4,-10.2,False,False,,,True,True,False,False,False,False,False,False,NORMAL,14.6,,False,False,False,False,False,False,NORMAL,14.6,
2411,161.109255,True,0.304,0.185,-2.4,-9.5,False,False,,,True,True,False,False,False,False,False,False,NORMAL,14.6,,False,False,False,False,False,False,NORMAL,14.6,
2412,161.176078,True,0.294,0.174,-2.1,-9.1,False,False,,,True,True,False,False,False,False,False,False,NORMAL,14.6,,False,False,False,False,False,False,NORMAL,14.6,
2413,161.242900,True,0.287,0.163,-2.3,-9.2,False,False,,,True,True,False,False,False,False,False,False,NORMAL,14.6,,False,False,False,False,False,False,NORMAL,14.6,
2414,161.309723,True,0.262,0.163,-2.8,-5.9,False,False,,,True,True,False,False,False,False,False,False,NORMAL,14.5,,False,False,False,False,False,False,NORMAL,14.5,
2415,161.376545,True,0.247,0.16,-3.0,-5.7,False,False,,,True,True,False,False,False,False,False,False,NORMAL,14.5,,False,False,False,False,False,False,NORMAL,14.5,
2416,161.443368,True,0.247,0.165,-3.1,-5.5,False,False,,,True,True,False,False,False,False,False,False,NORMAL,14.5,,False,False,False,False,False,False,NORMAL,14.5,
2417,161.510190,True,0.232,0.164,-3.6,-5.9,False,False,,,True,True,False,False,False,False,False,False,NORMAL,14.5,,False,False,False,False,False,False,NORMAL,14.5,
2418,161.577013,True,0.243,0.167,-3.6,-6.0,False,False,,,True,True,False,False,False,False,False,False,NORMAL,14.5,,False,False,False,False,False,False,NORMAL,14.5,
2419,161.643836,True,0.247,0.111,-3.6,-5.8,False,False,,,True,True,False,False,False,False,False,False,NORMAL,14.5,,False,False,False,False,False,False,NORMAL,14.5,
2420,161.710658,True,0.244,0.122,-3.1,-5.9,False,False,,,True,True,False,False,False,False,False,False,NORMAL,14.5,,False,False,False,False,False,False,NORMAL,14.5,
2421,161.777481,True,0.24,0.148,-3.1,-5.3,False,False,,,True,True,False,False,False,False,False,False,NORMAL,14.5,,False,False,False,False,False,False,NORMAL,14.5,
2422,161.844303,True,0.243,0.132,-3.3,-6.2,False,False,,,True,True,False,False,False,False,False,False,NORMAL,14.2,,False,False,False,False,False,False,NORMAL,14.2,
2423,161.911126,True,0.238,0.126,-3.3,-6.1,True,True,,,True,True,False,False,False,False,False,False,NORMAL,13.9,,False,False,False,False,False,False,NORMAL,13.9,
2424,161.977949,True,0.239,0.135,-3.4,-5.1,True,True,,,True,True,False,False,False,False,False,False,NORMAL,13.7,,False,False,False,False,False,False,NORMAL,13.7,
2425,162.044771,True,0.24,0.14,-3.1,-4.8,False,False,,,True,True,False,False,False,False,False,False,NORMAL,13.4,,False,False,False,False,False,False,NORMAL,13.4,
2426,162.111594,True,0.229,0.155,-3.0,-4.8,True,True,,,True,True,False,False,False,False,False,False,NORMAL,13.1,,False,False,False,False,False,False,NORMAL,13.1,
2427,162.178416,True,0.217,0.19,-3.5,-4.4,False,False,,,True,True,False,False,False,False,False,False,NORMAL,12.9,,False,False,False,False,False,False,NORMAL,12.9,
2428,162.245239,True,0.227,0.185,-3.1,-4.5,False,False,,,True,True,False,False,False,False,False,False,NORMAL,12.6,,False,False,False,False,False,False,NORMAL,12.6,
2429,162.312061,True,0.225,0.193,-2.9,-4.5,True,True,,,True,True,False,False,False,False,False,False,NORMAL,12.4,,False,False,False,False,False,False,NORMAL,12.4,
2430,162.378884,True,0.219,0.182,-2.6,-4.1,True,True,,,True,True,False,False,False,False,False,False,NORMAL,12.1,,False,False,False,False,False,False,NORMAL,12.1,
2431,162.445707,True,0.23,0.183,-4.0,-3.5,False,False,,,True,True,False,False,False,False,False,False,NORMAL,11.9,,False,False,False,False,False,False,NORMAL,11.9,
2432,162.512529,True,0.228,0.191,-5.2,-4.0,False,False,,,True,True,False,False,False,False,False,False,NORMAL,11.9,,False,False,False,False,False,False,NORMAL,11.9,
2433,162.579352,True,0.22,0.194,-5.1,-4.1,False,False,,,True,True,False,False,False,False,False,False,NORMAL,11.9,,False,False,False,False,False,False,NORMAL,11.9,
2434,162.646174,True,0.226,0.198,-6.0,-3.8,False,False,,,True,True,False,False,False,False,False,False,NORMAL,11.7,,False,False,False,False,False,False,NORMAL,11.7,
2435,162.712997,True,0.267,0.201,-6.1,-4.7,False,False,,,True,True,False,False,False,False,False,False,NORMAL,11.4,,False,False,False,False,False,False,NORMAL,11.4,
2436,162.779820,True,0.276,0.201,-6.1,-5.1,False,False,,,True,True,False,False,False,False,False,False,NORMAL,11.3,,False,False,False,False,False,False,NORMAL,11.3,
2437,162.846642,True,0.284,0.197,-6.0,-5.1,False,False,,,True,True,False,False,False,False,False,False,NORMAL,11.1,,False,False,False,False,False,False,NORMAL,11.1,
2438,162.913465,True,0.293,0.197,-6.1,-5.4,False,False,,,True,True,False,False,False,False,False,False,NORMAL,10.9,,False,False,False,False,False,False,NORMAL,10.9,
2439,162.980287,True,0.299,0.198,-6.1,-5.4,False,False,,,True,True,False,False,False,False,False,False,NORMAL,10.7,,False,False,False,False,False,False,NORMAL,10.7,
2440,163.047110,True,0.304,0.197,-6.3,-5.4,False,False,,,True,True,False,False,False,False,False,False,NORMAL,10.4,,False,False,False,False,False,False,NORMAL,10.4,
2441,163.113933,True,0.302,0.194,-6.5,-5.2,False,False,,,True,True,False,False,False,False,False,False,NORMAL,10.2,,False,False,False,False,False,False,NORMAL,10.2,
2442,163.180755,True,0.295,0.195,-6.5,-5.3,False,False,,,True,True,False,False,False,False,False,False,NORMAL,10.2,,False,False,False,False,False,False,NORMAL,10.2,
2443,163.247578,True,0.284,0.197,-6.9,-5.2,False,False,,,True,True,False,False,False,False,False,False,NORMAL,10.2,,False,False,False,False,False,False,NORMAL,10.2,
2444,163.314400,True,0.19,0.197,-7.4,-5.5,False,False,,,True,True,False,False,False,False,False,False,NORMAL,10.2,,False,False,False,False,False,False,NORMAL,10.2,
2445,163.381223,True,0.193,0.195,-7.6,-5.6,False,False,,,True,True,False,False,False,False,False,False,NORMAL,10.2,,False,False,False,False,False,False,NORMAL,10.2,
2446,163.448045,True,0.221,0.195,-8.1,-6.1,False,False,,,True,True,False,False,False,False,False,False,NORMAL,10.2,,False,False,False,False,False,False,NORMAL,10.2,
2447,163.514868,True,0.219,0.192,-8.0,-6.3,False,False,,,True,True,False,False,False,False,False,False,NORMAL,10.0,,False,False,False,False,False,False,NORMAL,10.0,
2448,163.581691,True,0.294,0.185,-8.3,-6.3,False,False,,,True,True,False,False,False,False,False,False,NORMAL,9.9,,False,False,False,False,False,False,NORMAL,9.9,
2449,163.648513,True,0.284,0.183,-8.4,-6.4,False,False,,,True,True,False,False,False,False,False,False,NORMAL,9.7,,False,False,False,False,False,False,NORMAL,9.7,
2450,163.715336,True,0.277,0.18,-8.4,-5.8,False,False,,,True,True,False,False,False,False,False,False,NORMAL,9.5,,False,False,False,False,False,False,NORMAL,9.5,
2451,163.782158,True,0.261,0.189,-8.4,-5.8,False,False,,,True,True,False,False,False,False,False,False,NORMAL,9.3,,False,False,False,False,False,False,NORMAL,9.3,
2452,163.848981,True,0.273,0.184,-8.5,-5.7,False,False,,,True,True,False,False,False,False,False,False,NORMAL,9.1,,False,False,False,False,False,False,NORMAL,9.1,
2453,163.915804,True,0.28,0.185,-8.5,-5.8,False,False,,,True,True,False,False,False,False,False,False,NORMAL,8.9,,False,False,False,False,False,False,NORMAL,8.9,
2454,163.982626,True,0.285,0.18,-8.6,-6.2,False,False,,,True,True,False,False,False,False,False,False,NORMAL,8.8,,False,False,False,False,False,False,NORMAL,8.8,
2455,164.049449,True,0.292,0.185,-9.1,-7.3,False,False,,,True,True,False,False,False,False,False,False,NORMAL,8.6,,False,False,False,False,False,False,NORMAL,8.6,
2456,164.116271,True,0.311,0.184,-9.5,-7.3,False,False,,,True,True,False,False,False,False,False,False,NORMAL,8.4,,False,False,False,False,False,False,NORMAL,8.4,
2457,164.183094,True,0.306,0.18,-9.9,-6.8,False,False,,,True,True,False,False,False,False,False,False,NORMAL,8.4,,False,False,False,False,False,False,NORMAL,8.4,
2458,164.249916,True,0.325,0.184,-9.1,-5.6,False,False,,,True,True,False,False,False,False,False,False,NORMAL,8.4,,False,False,False,False,False,False,NORMAL,8.4,
2459,164.316739,True,0.329,0.189,-8.0,-4.8,False,False,,,True,True,False,False,False,False,False,False,NORMAL,8.4,,False,False,False,False,False,False,NORMAL,8.4,
2460,164.383562,True,0.329,0.19,-8.0,-4.6,False,False,,,True,True,False,False,False,False,False,False,NORMAL,8.4,,False,False,False,False,False,False,NORMAL,8.4,
2461,164.450384,True,0.339,0.191,-7.2,-4.5,False,False,,,True,True,False,False,False,False,False,False,NORMAL,8.4,,False,False,False,False,False,False,NORMAL,8.4,
2462,164.517207,True,0.333,0.191,-6.9,-4.8,False,False,,,True,True,False,False,False,False,False,False,NORMAL,8.4,,False,False,False,False,False,False,NORMAL,8.4,
2463,164.584029,True,0.333,0.19,-6.6,-4.7,False,False,,,True,True,False,False,False,False,False,False,NORMAL,8.4,,False,False,False,False,False,False,NORMAL,8.4,
2464,164.650852,True,0.333,0.192,-6.4,-4.8,False,False,,,True,True,False,False,False,False,False,False,NORMAL,8.4,,False,False,False,False,False,False,NORMAL,8.4,
2465,164.717675,True,0.33,0.191,-6.2,-4.7,False,False,,,True,True,False,False,False,False,False,False,NORMAL,8.4,,False,False,False,False,False,False,NORMAL,8.4,
2466,164.784497,True,0.327,0.189,-6.2,-4.6,False,False,,,True,True,False,False,False,False,False,False,NORMAL,8.4,,False,False,False,False,False,False,NORMAL,8.4,
2467,164.851320,True,0.339,0.19,-6.1,-4.8,False,False,,,True,True,False,False,False,False,False,False,NORMAL,8.4,,False,False,False,False,False,False,NORMAL,8.4,
2468,164.918142,True,0.346,0.188,-5.5,-4.9,False,False,,,True,True,False,False,False,False,False,False,NORMAL,8.4,,False,False,False,False,False,False,NORMAL,8.4,
2469,164.984965,True,0.355,0.192,-5.2,-4.6,False,False,,,True,True,False,False,False,False,False,False,NORMAL,8.4,,False,False,False,False,False,False,NORMAL,8.4,
2470,165.051788,True,0.351,0.184,-4.9,-5.1,True,True,,,True,True,False,False,False,False,False,False,NORMAL,8.4,,False,False,False,False,False,False,NORMAL,8.4,
2471,165.118610,True,0.354,0.18,-4.5,-5.3,True,True,,,True,True,False,False,False,False,False,False,NORMAL,8.4,,False,False,False,False,False,False,NORMAL,8.4,
2472,165.185433,True,0.36,0.176,-3.6,-5.3,True,True,,,True,True,False,False,False,False,False,False,NORMAL,8.4,,False,False,False,False,False,False,NORMAL,8.4,
2473,165.252255,True,0.373,0.169,-2.5,-5.0,True,True,,,True,True,False,False,False,False,False,False,NORMAL,8.4,,False,False,False,False,False,False,NORMAL,8.4,
2474,165.319078,True,0.374,0.17,-2.5,-5.5,False,False,,,True,True,False,False,False,False,False,False,NORMAL,8.4,,False,False,False,False,False,False,NORMAL,8.4,
2475,165.385900,True,0.376,0.17,-2.4,-5.6,False,False,,,True,True,False,False,False,False,False,False,NORMAL,8.4,,False,False,False,False,False,False,NORMAL,8.4,
2476,165.452723,True,0.365,0.173,-1.8,-5.8,False,False,,,True,True,False,False,False,False,False,False,NORMAL,8.4,,False,False,False,False,False,False,NORMAL,8.4,
2477,165.519546,True,0.353,0.173,-1.6,-5.9,False,False,,,True,True,False,False,False,False,False,False,NORMAL,8.4,,False,False,False,False,False,False,NORMAL,8.4,
2478,165.586368,True,0.342,0.181,-1.5,-5.9,False,False,,,True,True,False,False,False,False,False,False,NORMAL,8.4,,False,False,False,False,False,False,NORMAL,8.4,
2479,165.653191,True,0.361,0.175,-1.9,-6.3,True,True,,,True,True,False,False,False,False,False,False,NORMAL,8.4,,False,False,False,False,False,False,NORMAL,8.4,
2480,165.720013,True,0.348,0.174,-1.6,-6.8,True,True,,,True,True,False,False,False,False,False,False,NORMAL,8.4,,False,False,False,False,False,False,NORMAL,8.4,
2481,165.786836,True,0.346,0.176,-1.6,-6.9,True,True,,,True,True,False,False,False,False,False,False,NORMAL,8.4,,False,False,False,False,False,False,NORMAL,8.4,
2482,165.853659,True,0.35,0.196,-1.0,-6.6,True,True,,,True,True,False,False,False,False,False,False,NORMAL,8.4,,False,False,False,False,False,False,NORMAL,8.4,
2483,165.920481,True,0.311,0.126,0.4,-6.0,False,False,,,True,True,False,False,False,False,False,False,NORMAL,8.4,,False,False,False,False,False,False,NORMAL,8.4,
2484,165.987304,True,0.313,0.128,0.8,-6.0,True,True,,,True,True,False,False,False,False,False,False,NORMAL,8.4,,False,False,False,False,False,False,NORMAL,8.4,
2485,166.054126,True,0.305,0.135,0.2,-6.2,True,True,,,True,True,False,False,False,False,False,False,NORMAL,8.4,,False,False,False,False,False,False,NORMAL,8.4,
2486,166.120949,True,0.297,0.159,0.1,-6.6,True,True,,,True,True,False,False,False,False,False,False,NORMAL,8.4,,False,False,False,False,False,False,NORMAL,8.4,
2487,166.187771,True,0.297,0.174,-0.2,-6.8,True,True,,,True,True,False,False,False,False,False,False,NORMAL,8.4,,False,False,False,False,False,False,NORMAL,8.4,
2488,166.254594,True,0.299,0.192,-0.2,-7.4,True,True,,,True,True,False,False,False,False,False,False,NORMAL,8.4,,False,False,False,False,False,False,NORMAL,8.4,
2489,166.321417,True,0.297,0.228,-1.7,-7.1,False,False,,,True,True,False,False,False,False,False,False,NORMAL,8.4,,False,False,False,False,False,False,NORMAL,8.4,
2490,166.388239,True,0.299,0.231,-2.1,-6.5,False,False,,,True,True,False,False,False,False,False,False,NORMAL,8.4,,False,False,False,False,False,False,NORMAL,8.4,
2491,166.455062,True,0.306,0.226,-2.0,-5.1,False,False,,,True,True,False,False,False,False,False,False,NORMAL,8.4,,False,False,False,False,False,False,NORMAL,8.4,
2492,166.521884,True,0.319,0.221,-1.5,-4.4,False,False,,,True,True,False,False,False,False,False,False,NORMAL,8.4,,False,False,False,False,False,False,NORMAL,8.4,
2493,166.588707,True,0.321,0.218,-1.6,-4.5,True,True,,,True,True,False,False,False,False,False,False,NORMAL,8.4,,False,False,False,False,False,False,NORMAL,8.4,
2494,166.655530,True,0.305,0.212,-1.7,-4.1,False,False,,,True,True,False,False,False,False,False,False,NORMAL,8.4,,False,False,False,False,False,False,NORMAL,8.4,
2495,166.722352,True,0.306,0.212,-1.6,-3.7,False,False,,,True,True,False,False,False,False,False,False,NORMAL,8.4,,False,False,False,False,False,False,NORMAL,8.4,
2496,166.789175,True,0.295,0.21,-1.4,-3.7,True,True,,,True,True,False,False,False,False,False,False,NORMAL,8.4,,False,False,False,False,False,False,NORMAL,8.4,
2497,166.855997,True,0.282,0.205,-1.3,-4.6,False,False,,,True,True,False,False,False,False,False,False,NORMAL,8.4,,False,False,False,False,False,False,NORMAL,8.4,
2498,166.922820,True,0.279,0.205,-1.6,-5.2,True,True,,,True,True,False,False,False,False,False,False,NORMAL,8.4,,False,False,False,False,False,False,NORMAL,8.4,
2499,166.989642,True,0.242,0.182,-4.8,-6.1,False,False,,,True,True,False,False,False,False,False,False,NORMAL,8.4,,False,False,False,False,False,False,NORMAL,8.4,
2500,167.056465,True,0.172,0.18,-4.9,-3.7,False,False,,,True,True,False,False,False,False,False,False,NORMAL,8.4,,False,False,False,False,False,False,NORMAL,8.4,
2501,167.123288,True,0.183,0.122,-3.1,1.9,False,False,,,True,True,False,False,False,False,False,False,NORMAL,8.4,,False,False,False,False,False,False,NORMAL,8.4,
2502,167.190110,True,0.163,0.09,-2.7,2.5,False,False,,,True,True,False,False,False,False,False,False,NORMAL,8.7,,False,False,False,False,False,False,NORMAL,8.7,
2503,167.256933,True,0.174,0.126,-1.5,2.9,False,False,,,True,True,False,False,False,False,False,False,NORMAL,8.6,,False,False,False,False,False,False,NORMAL,8.6,
2504,167.323755,True,0.175,0.194,0.4,3.3,False,False,,,True,True,False,False,False,False,False,False,NORMAL,8.6,,False,False,False,False,False,False,NORMAL,8.6,
2505,167.390578,True,0.156,0.167,0.7,3.4,False,False,,,True,True,False,False,False,False,False,False,NORMAL,8.9,,False,False,False,False,False,False,NORMAL,8.9,
2506,167.457401,True,0.188,0.163,6.5,4.3,False,False,,,True,True,False,False,False,False,False,False,NORMAL,8.9,,False,False,False,False,False,False,NORMAL,8.9,
2507,167.524223,True,0.149,0.104,17.4,1.9,False,False,,,True,True,False,False,False,False,False,False,NORMAL,9.2,,False,False,False,False,False,False,NORMAL,9.2,
2508,167.591046,True,0.112,0.136,18.0,2.7,False,False,,,True,True,False,False,False,False,False,False,NORMAL,9.5,,False,False,False,False,False,False,NORMAL,9.5,
2509,167.657868,True,0.102,0.089,22.2,3.1,False,False,,,True,True,False,False,False,False,False,False,NORMAL,9.8,,False,False,False,False,False,False,NORMAL,9.8,
2510,167.724691,True,0.23,0.097,22.6,3.5,False,False,,,True,True,False,False,False,False,False,False,NORMAL,9.8,,False,False,False,False,False,False,NORMAL,9.8,
2511,167.791514,True,0.229,0.112,23.2,3.4,False,False,,,True,True,False,False,False,False,False,False,NORMAL,9.8,,False,False,False,False,False,False,NORMAL,9.8,
2512,167.858336,True,0.207,0.152,21.6,3.0,False,False,,,True,True,False,False,False,False,False,False,NORMAL,9.8,,False,False,False,False,False,False,NORMAL,9.8,
2513,167.925159,True,0.217,0.213,20.0,1.5,False,False,,,True,True,False,False,False,False,False,False,NORMAL,9.8,,False,False,False,False,False,False,NORMAL,9.8,
2514,167.991981,True,0.211,0.234,19.7,1.3,False,False,,,True,True,False,False,False,False,False,False,NORMAL,9.8,,False,False,False,False,False,False,NORMAL,9.8,
2515,168.058804,True,0.202,0.279,17.9,-0.0,False,False,,,True,True,False,False,False,False,False,False,NORMAL,9.8,,False,False,False,False,False,False,NORMAL,9.8,
2516,168.125626,True,0.196,0.299,16.0,-0.5,False,False,,,True,True,False,False,False,False,False,False,NORMAL,9.8,,False,False,False,False,False,False,NORMAL,9.8,
2517,168.192449,True,0.193,0.315,15.7,-0.9,False,False,,,True,True,False,False,False,False,False,False,NORMAL,9.8,,False,False,False,False,False,False,NORMAL,9.8,
2518,168.259272,True,0.215,0.289,11.1,-0.0,False,False,,,True,True,False,False,False,False,False,False,NORMAL,9.8,,False,False,False,False,False,False,NORMAL,9.8,
2519,168.326094,True,0.223,0.281,10.2,-0.2,False,False,,,True,True,False,False,False,False,False,False,NORMAL,9.8,,False,False,False,False,False,False,NORMAL,9.8,
2520,168.392917,True,0.23,0.226,4.0,-1.4,False,False,,,True,True,False,False,False,False,False,False,NORMAL,9.8,,False,False,False,False,False,False,NORMAL,9.8,
2521,168.459739,True,0.262,0.184,-1.5,-3.6,False,False,,,True,True,False,False,False,False,False,False,NORMAL,9.8,,False,False,False,False,False,False,NORMAL,9.8,
2522,168.526562,True,0.243,0.185,-1.7,-3.2,False,False,,,True,True,False,False,False,False,False,False,NORMAL,9.8,,False,False,False,False,False,False,NORMAL,9.8,
2523,168.593385,True,0.201,0.21,-2.9,-1.7,False,False,,,True,True,False,False,False,False,False,False,NORMAL,9.8,,False,False,False,False,False,False,NORMAL,9.8,
2524,168.660207,True,0.216,0.218,-4.9,-3.6,False,False,,,True,True,False,False,False,False,False,False,NORMAL,9.8,,False,False,False,False,False,False,NORMAL,9.8,
2525,168.727030,True,0.248,0.214,-7.1,-4.2,False,False,,,True,True,False,False,False,False,False,False,NORMAL,9.8,,False,False,False,False,False,False,NORMAL,9.8,
2526,168.793852,True,0.274,0.218,-7.8,-3.4,False,False,,,True,True,False,False,False,False,False,False,NORMAL,9.8,,False,False,False,False,False,False,NORMAL,9.8,
2527,168.860675,True,0.301,0.222,-7.7,-3.3,False,False,,,True,True,False,False,False,False,False,False,NORMAL,9.8,,False,False,False,False,False,False,NORMAL,9.8,
2528,168.927497,True,0.349,0.213,-8.9,-3.4,False,False,,,True,True,False,False,False,False,False,False,NORMAL,9.8,,False,False,False,False,False,False,NORMAL,9.8,
2529,168.994320,True,0.361,0.212,-8.7,-3.5,False,False,,,True,True,False,False,False,False,False,False,NORMAL,9.8,,False,False,False,False,False,False,NORMAL,9.8,
2530,169.061143,True,0.372,0.194,-10.3,-3.2,False,False,,,True,True,False,False,False,False,False,False,NORMAL,9.8,,False,False,False,False,False,False,NORMAL,9.8,
2531,169.127965,True,0.383,0.201,-11.4,-3.8,False,False,,,True,True,False,False,False,False,False,False,NORMAL,9.8,,False,False,False,False,False,False,NORMAL,9.8,
2532,169.194788,True,0.381,0.203,-11.7,-3.5,False,False,,,True,True,False,False,False,False,False,False,NORMAL,9.8,,False,False,False,False,False,False,NORMAL,9.8,
2533,169.261610,True,0.384,0.204,-12.2,-3.8,False,False,,,True,True,False,False,False,False,False,False,NORMAL,9.8,,False,False,False,False,False,False,NORMAL,9.8,
2534,169.328433,True,0.391,0.208,-13.1,-2.3,False,False,,,True,True,False,False,False,False,False,False,NORMAL,9.8,,False,False,False,False,False,False,NORMAL,9.8,
2535,169.395256,True,0.393,0.211,-13.1,-2.4,False,False,,,True,True,False,False,False,False,False,False,NORMAL,9.8,,False,False,False,False,False,False,NORMAL,9.8,
2536,169.462078,True,0.38,0.219,-11.7,-0.8,False,False,,,True,True,False,False,False,False,False,False,NORMAL,9.8,,False,False,False,False,False,False,NORMAL,9.8,
2537,169.528901,True,0.383,0.133,-11.6,-0.9,False,False,,,True,True,False,False,False,False,False,False,NORMAL,9.8,,False,False,False,False,False,False,NORMAL,9.8,
2538,169.595723,True,0.403,0.156,-11.2,-1.1,True,True,,,True,True,False,False,False,False,False,False,NORMAL,9.8,,False,False,False,False,False,False,NORMAL,9.8,
2539,169.662546,True,0.402,0.245,-10.9,-0.9,False,False,,,True,True,False,False,False,False,False,False,NORMAL,9.8,,False,False,False,False,False,False,NORMAL,9.8,
2540,169.729369,True,0.406,0.075,-10.3,-0.5,False,False,,,True,True,False,False,False,False,False,False,NORMAL,9.8,,False,False,False,False,False,False,NORMAL,9.8,
2541,169.796191,True,0.405,0.044,-10.1,-0.7,False,False,,,True,True,False,False,False,False,False,False,NORMAL,9.8,,False,False,False,False,False,False,NORMAL,9.8,
2542,169.863014,True,0.401,0.027,-9.4,-1.1,False,False,,,True,True,False,False,False,False,False,False,NORMAL,9.7,,False,False,False,False,False,False,NORMAL,9.7,
2543,169.929836,True,0.395,0.022,-8.8,-1.3,True,True,,,True,True,False,False,False,False,False,False,NORMAL,9.7,,False,False,False,False,False,False,NORMAL,9.7,
2544,169.996659,True,0.392,0.017,-7.8,-1.3,False,False,,,True,True,False,False,False,False,False,False,NORMAL,9.7,,False,False,False,False,False,False,NORMAL,9.7,
2545,170.063481,True,0.386,0.008,-6.6,-2.5,False,False,,,True,True,False,False,False,False,False,False,NORMAL,9.7,,False,False,False,False,False,False,NORMAL,9.7,
2546,170.130304,True,0.388,0.009,-6.7,-2.8,False,False,,,True,True,False,False,False,False,False,False,NORMAL,9.7,,False,False,False,False,False,False,NORMAL,9.7,
2547,170.197127,True,0.385,0.006,-7.1,-2.5,False,False,,,True,True,False,False,False,False,False,False,NORMAL,9.7,,False,False,False,False,False,False,NORMAL,9.7,
2548,170.263949,True,0.387,0.058,-7.6,-3.4,False,False,,,True,True,False,False,False,False,False,False,NORMAL,9.7,,False,False,False,False,False,False,NORMAL,9.7,
2549,170.330772,True,0.374,0.095,-7.4,-3.4,False,False,,,True,True,False,False,False,False,False,False,NORMAL,9.7,,False,False,False,False,False,False,NORMAL,9.7,
2550,170.397594,True,0.373,0.101,-7.0,-3.2,False,False,,,True,True,False,False,False,False,False,False,NORMAL,9.7,,False,False,False,False,False,False,NORMAL,9.7,
2551,170.464417,True,0.374,0.107,-6.2,-3.7,False,False,,,True,True,False,False,False,False,False,False,NORMAL,9.7,,False,False,False,False,False,False,NORMAL,9.7,
2552,170.531240,True,0.364,0.11,-5.3,-3.3,False,False,,,True,True,False,False,False,False,False,False,NORMAL,9.7,,False,False,False,False,False,False,NORMAL,9.7,
2553,170.598062,True,0.359,0.114,-5.1,-3.2,False,False,,,True,True,False,False,False,False,False,False,NORMAL,9.7,,False,False,False,False,False,False,NORMAL,9.7,
2554,170.664885,True,0.359,0.123,-5.0,-3.3,False,False,,,True,True,False,False,False,False,False,False,NORMAL,9.7,,False,False,False,False,False,False,NORMAL,9.7,
2555,170.731707,True,0.357,0.123,-4.9,-3.1,False,False,,,True,True,False,False,False,False,False,False,NORMAL,9.7,,False,False,False,False,False,False,NORMAL,9.7,
2556,170.798530,True,0.359,0.126,-4.8,-3.2,False,False,,,True,True,False,False,False,False,False,False,NORMAL,9.7,,False,False,False,False,False,False,NORMAL,9.7,
2557,170.865352,True,0.362,0.126,-4.8,-3.1,False,False,,,True,True,False,False,False,False,False,False,NORMAL,9.7,,False,False,False,False,False,False,NORMAL,9.7,
2558,170.932175,True,0.367,0.123,-5.2,-3.0,False,False,,,True,True,False,False,False,False,False,False,NORMAL,9.7,,False,False,False,False,False,False,NORMAL,9.7,
2559,170.998998,True,0.368,0.12,-5.6,-3.0,False,False,,,True,True,False,False,False,False,False,False,NORMAL,9.7,,False,False,False,False,False,False,NORMAL,9.7,
2560,171.065820,True,0.377,0.114,-5.9,-2.6,False,False,,,True,True,False,False,False,False,False,False,NORMAL,9.7,,False,False,False,False,False,False,NORMAL,9.7,
2561,171.132643,True,0.379,0.119,-6.2,-2.5,False,False,,,True,True,False,False,False,False,False,False,NORMAL,9.7,,False,False,False,False,False,False,NORMAL,9.7,
2562,171.199465,True,0.379,0.116,-6.5,-2.7,False,False,,,True,True,False,False,False,False,False,False,NORMAL,9.7,,False,False,False,False,False,False,NORMAL,9.7,
2563,171.266288,True,0.379,0.117,-6.3,-2.8,False,False,,,True,True,False,False,False,False,False,False,NORMAL,9.7,,False,False,False,False,False,False,NORMAL,9.7,
2564,171.333111,True,0.373,0.125,-5.5,-2.5,False,False,,,True,True,False,False,False,False,False,False,NORMAL,9.7,,False,False,False,False,False,False,NORMAL,9.7,
2565,171.399933,True,0.371,0.126,-5.6,-2.8,False,False,,,True,True,False,False,False,False,False,False,NORMAL,9.7,,False,False,False,False,False,False,NORMAL,9.7,
2566,171.466756,True,0.37,0.127,-5.4,-2.9,False,False,,,True,True,False,False,False,False,False,False,NORMAL,9.7,,False,False,False,False,False,False,NORMAL,9.7,
2567,171.533578,True,0.375,0.131,-6.9,-3.2,False,False,,,True,True,False,False,False,False,False,False,NORMAL,9.7,,False,False,False,False,False,False,NORMAL,9.7,
2568,171.600401,True,0.363,0.133,-7.3,-2.8,False,False,,,True,True,False,False,False,False,False,False,NORMAL,9.7,,False,False,False,False,False,False,NORMAL,9.7,
2569,171.667224,True,0.352,0.134,-5.7,-4.1,False,False,,,True,True,False,False,False,False,False,False,NORMAL,9.7,,False,False,False,False,False,False,NORMAL,9.7,
2570,171.734046,True,0.364,0.147,-6.0,-3.6,False,False,,,True,True,False,False,False,False,False,False,NORMAL,9.7,,False,False,False,False,False,False,NORMAL,9.7,
2571,171.800869,True,0.359,0.149,-6.1,-3.9,False,False,,,True,True,False,False,False,False,False,False,NORMAL,9.7,,False,False,False,False,False,False,NORMAL,9.7,
2572,171.867691,True,0.361,0.146,-5.8,-4.3,False,False,,,True,True,False,False,False,False,False,False,NORMAL,9.7,,False,False,False,False,False,False,NORMAL,9.7,
2573,171.934514,True,0.363,0.141,-5.1,-4.0,False,False,,,True,True,False,False,False,False,False,False,NORMAL,9.7,,False,False,False,False,False,False,NORMAL,9.7,
2574,172.001336,True,0.375,0.143,-5.0,-3.8,False,False,,,True,True,False,False,False,False,False,False,NORMAL,9.7,,False,False,False,False,False,False,NORMAL,9.7,
2575,172.068159,True,0.374,0.143,-6.0,-3.0,False,False,,,True,True,False,False,False,False,False,False,NORMAL,9.7,,False,False,False,False,False,False,NORMAL,9.7,
2576,172.134982,True,0.372,0.145,-6.9,-3.2,False,False,,,True,True,False,False,False,False,False,False,NORMAL,9.7,,False,False,False,False,False,False,NORMAL,9.7,
2577,172.201804,True,0.371,0.141,-7.3,-3.1,False,False,,,True,True,False,False,False,False,False,False,NORMAL,9.7,,False,False,False,False,False,False,NORMAL,9.7,
2578,172.268627,True,0.372,0.126,-7.0,-2.9,False,False,,,True,True,False,False,False,False,False,False,NORMAL,9.7,,False,False,False,False,False,False,NORMAL,9.7,
2579,172.335449,True,0.375,0.145,-5.7,-2.4,False,False,,,True,True,False,False,False,False,False,False,NORMAL,9.7,,False,False,False,False,False,False,NORMAL,9.7,
2580,172.402272,True,0.37,0.155,-5.3,-2.3,False,False,,,True,True,False,False,False,False,False,False,NORMAL,9.7,,False,False,False,False,False,False,NORMAL,9.7,
2581,172.469095,True,0.355,0.153,-4.8,-2.7,False,False,,,True,True,False,False,False,False,False,False,NORMAL,9.7,,False,False,False,False,False,False,NORMAL,9.7,
2582,172.535917,True,0.371,0.152,-4.7,-2.9,False,False,,,True,True,False,False,False,False,False,False,NORMAL,9.7,,False,False,False,False,False,False,NORMAL,9.7,
2583,172.602740,True,0.374,0.152,-4.7,-3.0,False,False,,,True,True,False,False,False,False,False,False,NORMAL,9.7,,False,False,False,False,False,False,NORMAL,9.7,
2584,172.669562,True,0.373,0.15,-4.6,-3.0,False,False,,,True,True,False,False,False,False,False,False,NORMAL,9.7,,False,False,False,False,False,False,NORMAL,9.7,
2585,172.736385,True,0.34,0.16,-4.8,-2.5,False,False,,,True,True,False,False,False,False,False,False,NORMAL,9.7,,False,False,False,False,False,False,NORMAL,9.7,
2586,172.803207,True,0.278,0.16,-5.4,-3.0,False,False,,,True,True,False,False,False,False,False,False,NORMAL,9.7,,False,False,False,False,False,False,NORMAL,9.7,
2587,172.870030,True,0.29,0.167,-5.5,-3.7,False,False,,,True,True,False,False,False,False,False,False,NORMAL,9.7,,False,False,False,False,False,False,NORMAL,9.7,
2588,172.936853,True,0.208,0.184,-4.8,-2.8,False,False,,,True,True,False,False,False,False,False,False,NORMAL,9.7,,False,False,False,False,False,False,NORMAL,9.7,
2589,173.003675,True,0.212,0.183,-4.9,-2.6,False,False,,,True,True,False,False,False,False,False,False,NORMAL,9.7,,False,False,False,False,False,False,NORMAL,9.7,
2590,173.070498,True,0.174,0.183,-4.2,-2.3,False,False,,,True,True,False,False,False,False,False,False,NORMAL,9.7,,False,False,False,False,False,False,NORMAL,9.7,
2591,173.137320,True,0.217,0.208,-4.1,-3.3,False,False,,,True,True,False,False,False,False,False,False,NORMAL,9.7,,False,False,False,False,False,False,NORMAL,9.7,
2592,173.204143,True,0.205,0.188,-3.8,-3.4,False,False,,,True,True,False,False,False,False,False,False,NORMAL,9.7,,False,False,False,False,False,False,NORMAL,9.7,
2593,173.270966,True,0.162,0.22,-3.9,-3.5,False,False,,,True,True,False,False,False,False,False,False,NORMAL,10.0,,False,False,False,False,False,False,NORMAL,10.0,
2594,173.337788,True,0.21,0.207,-4.9,-2.3,False,False,,,True,True,False,False,False,False,False,False,NORMAL,10.0,,False,False,False,False,False,False,NORMAL,10.0,
2595,173.404611,True,0.192,0.177,-4.5,-1.6,False,False,,,True,True,False,False,False,False,False,False,NORMAL,10.0,,False,False,False,False,False,False,NORMAL,10.0,
2596,173.471433,True,0.226,0.168,-6.0,0.0,False,False,,,True,True,False,False,False,False,False,False,NORMAL,10.0,,False,False,False,False,False,False,NORMAL,10.0,
2597,173.538256,True,0.216,0.176,-11.0,3.0,False,False,,,True,True,False,False,False,False,False,False,NORMAL,10.0,,False,False,False,False,False,False,NORMAL,10.0,
2598,173.605079,True,0.205,0.164,-11.0,2.8,False,False,,,True,True,False,False,False,False,False,False,NORMAL,10.0,,False,False,False,False,False,False,NORMAL,10.0,
2599,173.671901,True,0.172,0.167,-15.9,9.7,False,False,,,True,True,False,False,False,False,False,False,NORMAL,10.0,,False,False,False,False,False,False,NORMAL,10.0,
2600,173.738724,True,0.214,0.029,-18.5,14.1,True,True,,,True,True,False,False,False,False,False,False,NORMAL,10.0,,False,False,False,False,False,False,NORMAL,10.0,
2601,173.805546,True,0.126,0.058,-17.3,14.9,True,True,,,True,True,False,False,False,False,False,False,NORMAL,10.0,,False,False,False,False,False,False,NORMAL,10.0,
2602,173.872369,True,0.063,0.008,-20.6,17.3,True,True,,,True,True,False,False,False,False,False,False,NORMAL,10.0,,False,False,False,False,False,False,NORMAL,10.0,
2603,173.939191,True,0.08,0.014,-21.7,18.2,True,True,,,True,True,False,False,False,False,False,False,NORMAL,10.0,,False,False,False,False,False,False,NORMAL,10.0,
2604,174.006014,True,0.137,0.026,-23.3,19.3,True,True,,,True,True,False,False,False,False,False,False,NORMAL,10.0,,False,False,False,False,False,False,NORMAL,10.0,
2605,174.072837,True,0.094,0.016,-22.1,18.7,True,True,,,True,True,False,False,False,False,False,False,NORMAL,10.0,,False,False,False,False,False,False,NORMAL,10.0,
2606,174.139659,True,0.096,0.02,-23.0,20.1,True,True,,,True,True,False,False,False,False,False,False,NORMAL,10.0,,False,False,False,False,False,False,NORMAL,10.0,
2607,174.206482,True,0.108,0.021,-23.0,20.6,True,True,,,True,True,False,False,False,False,False,False,NORMAL,10.0,,False,False,False,False,False,False,NORMAL,10.0,
2608,174.273304,True,0.094,0.017,-22.4,19.9,True,True,,,True,True,False,False,False,False,False,False,NORMAL,10.0,,False,False,False,False,False,False,NORMAL,10.0,
2609,174.340127,True,0.09,0.017,-20.7,21.1,True,True,,,True,True,False,False,False,False,False,False,NORMAL,10.0,,False,False,False,False,False,False,NORMAL,10.0,
2610,174.406950,True,0.122,0.015,-21.8,21.6,True,True,,,True,True,False,False,False,False,False,False,NORMAL,10.0,,False,False,False,False,False,False,NORMAL,10.0,
2611,174.473772,True,0.106,0.018,-20.2,21.2,True,True,,,True,True,False,False,False,False,False,False,NORMAL,10.0,,False,False,False,False,False,False,NORMAL,10.0,
2612,174.540595,True,0.107,0.015,-19.3,19.6,True,True,,,True,True,False,False,False,False,False,False,NORMAL,10.0,,False,False,False,False,False,False,NORMAL,10.0,
2613,174.607417,True,0.106,0.014,-20.3,19.2,True,True,,,True,True,False,False,False,False,False,False,NORMAL,10.0,,False,False,False,False,False,False,NORMAL,10.0,
2614,174.674240,True,0.113,0.012,-19.1,17.8,True,True,,,True,True,False,False,False,False,False,False,NORMAL,10.0,,False,False,False,False,False,False,NORMAL,10.0,
2615,174.741062,True,0.117,0.009,-17.2,12.7,False,False,,,True,True,False,False,False,False,False,False,NORMAL,10.3,,False,False,False,False,False,False,NORMAL,10.3,
2616,174.807885,True,0.082,0.007,-16.4,13.2,False,False,,,True,True,False,False,False,False,False,False,NORMAL,10.6,,False,False,False,False,False,False,NORMAL,10.6,
2617,174.874708,True,0.095,0.053,-15.6,11.3,True,True,,,True,True,False,False,False,False,False,False,NORMAL,10.9,,False,False,False,False,False,False,NORMAL,10.9,
2618,174.941530,True,0.213,0.018,-13.8,7.4,False,False,,,True,True,False,False,False,False,False,False,NORMAL,10.9,,False,False,False,False,False,False,NORMAL,10.9,
2619,175.008353,True,0.201,0.036,-14.5,7.3,False,False,,,True,True,False,False,False,False,False,False,NORMAL,10.9,,False,False,False,False,False,False,NORMAL,10.9,
2620,175.075175,True,0.254,0.038,-13.2,3.1,False,False,,,True,True,False,False,False,False,False,False,NORMAL,10.9,,False,False,False,False,False,False,NORMAL,10.9,
2621,175.141998,True,0.334,0.061,-13.8,4.3,False,False,,,True,True,False,False,False,False,False,False,NORMAL,10.9,,False,False,False,False,False,False,NORMAL,10.9,
2622,175.208821,True,0.356,0.045,-13.7,4.4,False,False,,,True,True,False,False,False,False,False,False,NORMAL,10.9,,False,False,False,False,False,False,NORMAL,10.9,
2623,175.275643,True,0.331,0.056,-13.3,3.4,False,False,,,True,True,False,False,False,False,False,False,NORMAL,10.9,,False,False,False,False,False,False,NORMAL,10.9,
2624,175.342466,True,0.351,0.042,-13.1,2.6,False,False,,,True,True,False,False,False,False,False,False,NORMAL,10.9,,False,False,False,False,False,False,NORMAL,10.9,
2625,175.409288,True,0.347,0.033,-13.0,2.9,False,False,,,True,True,False,False,False,False,False,False,NORMAL,10.9,,False,False,False,False,False,False,NORMAL,10.9,
2626,175.476111,True,0.323,0.029,-12.0,1.1,False,False,,,True,True,False,False,False,False,False,False,NORMAL,10.9,,False,False,False,False,False,False,NORMAL,10.9,
2627,175.542934,True,0.298,0.013,-10.7,-1.5,False,False,,,True,True,False,False,False,False,False,False,NORMAL,10.8,,False,False,False,False,False,False,NORMAL,10.8,
2628,175.609756,True,0.295,0.029,-11.1,-1.3,False,False,,,True,True,False,False,False,False,False,False,NORMAL,10.8,,False,False,False,False,False,False,NORMAL,10.8,
2629,175.676579,True,0.24,0.019,-10.2,-5.1,False,False,,,True,True,False,False,False,False,False,False,NORMAL,10.8,,False,False,False,False,False,False,NORMAL,10.8,
2630,175.743401,True,0.267,0.03,-9.3,-5.8,False,False,,,True,True,False,False,False,False,False,False,NORMAL,10.8,,False,False,False,False,False,False,NORMAL,10.8,
2631,175.810224,True,0.261,0.033,-9.2,-5.6,False,False,,,True,True,False,False,False,False,False,False,NORMAL,10.8,,False,False,False,False,False,False,NORMAL,10.8,
2632,175.877046,True,0.262,0.041,-10.0,-4.6,False,False,,,True,True,False,False,False,False,False,False,NORMAL,10.8,,False,False,False,False,False,False,NORMAL,10.8,
2633,175.943869,True,0.33,0.051,-10.7,-4.2,False,False,,,True,True,False,False,False,False,False,False,NORMAL,10.8,,False,False,False,False,False,False,NORMAL,10.8,
2634,176.010692,True,0.371,0.045,-11.1,-3.8,False,False,,,True,True,False,False,False,False,False,False,NORMAL,10.8,,False,False,False,False,False,False,NORMAL,10.8,
2635,176.077514,True,0.342,0.035,-12.1,-4.3,False,False,,,True,True,False,False,False,False,False,False,NORMAL,10.8,,False,False,False,False,False,False,NORMAL,10.8,
2636,176.144337,True,0.353,0.04,-13.2,-3.0,False,False,,,True,True,False,False,False,False,False,False,NORMAL,10.8,,False,False,False,False,False,False,NORMAL,10.8,
2637,176.211159,True,0.379,0.041,-13.5,-2.4,False,False,,,True,True,False,False,False,False,False,False,NORMAL,10.8,,False,False,False,False,False,False,NORMAL,10.8,
2638,176.277982,True,0.368,0.041,-13.7,-3.0,False,False,,,True,True,False,False,False,False,False,False,NORMAL,10.8,,False,False,False,False,False,False,NORMAL,10.8,
2639,176.344805,True,0.362,0.048,-13.7,-3.1,False,False,,,True,True,False,False,False,False,False,False,NORMAL,10.8,,False,False,False,False,False,False,NORMAL,10.8,
2640,176.411627,True,0.356,0.042,-13.5,-3.6,False,False,,,True,True,False,False,False,False,False,False,NORMAL,10.8,,False,False,False,False,False,False,NORMAL,10.8,
2641,176.478450,True,0.357,0.039,-13.4,-3.7,False,False,,,True,True,False,False,False,False,False,False,NORMAL,10.8,,False,False,False,False,False,False,NORMAL,10.8,
2642,176.545272,True,0.363,0.035,-12.8,-3.7,False,False,,,True,True,False,False,False,False,False,False,NORMAL,10.8,,False,False,False,False,False,False,NORMAL,10.8,
2643,176.612095,True,0.362,0.028,-12.4,-4.2,False,False,,,True,True,False,False,False,False,False,False,NORMAL,10.8,,False,False,False,False,False,False,NORMAL,10.8,
2644,176.678917,True,0.371,0.03,-11.7,-4.3,False,False,,,True,True,False,False,False,False,False,False,NORMAL,10.8,,False,False,False,False,False,False,NORMAL,10.8,
2645,176.745740,True,0.367,0.03,-11.0,-4.8,False,False,,,True,True,False,False,False,False,False,False,NORMAL,10.8,,False,False,False,False,False,False,NORMAL,10.8,
2646,176.812563,True,0.369,0.03,-10.5,-5.2,False,False,,,True,True,False,False,False,False,False,False,NORMAL,10.8,,False,False,False,False,False,False,NORMAL,10.8,
2647,176.879385,True,0.369,0.03,-10.7,-5.1,False,False,,,True,True,False,False,False,False,False,False,NORMAL,10.8,,False,False,False,False,False,False,NORMAL,10.8,
2648,176.946208,True,0.367,0.03,-10.6,-5.1,False,False,,,True,True,False,False,False,False,False,False,NORMAL,10.8,,False,False,False,False,False,False,NORMAL,10.8,
2649,177.013030,True,0.371,0.029,-10.7,-4.9,False,False,,,True,True,False,False,False,False,False,False,NORMAL,10.8,,False,False,False,False,False,False,NORMAL,10.8,
2650,177.079853,True,0.37,0.026,-9.8,-4.6,False,False,,,True,True,False,False,False,False,False,False,NORMAL,10.8,,False,False,False,False,False,False,NORMAL,10.8,
2651,177.146676,True,0.364,0.039,-9.1,-4.2,False,False,,,True,True,False,False,False,False,False,False,NORMAL,10.8,,False,False,False,False,False,False,NORMAL,10.8,
2652,177.213498,True,0.363,0.033,-8.9,-4.1,False,False,,,True,True,False,False,False,False,False,False,NORMAL,10.8,,False,False,False,False,False,False,NORMAL,10.8,
2653,177.280321,True,0.359,0.036,-8.4,-3.8,False,False,,,True,True,False,False,False,False,False,False,NORMAL,10.8,,False,False,False,False,False,False,NORMAL,10.8,
2654,177.347143,True,0.355,0.035,-8.3,-3.6,False,False,,,True,True,False,False,False,False,False,False,NORMAL,10.8,,False,False,False,False,False,False,NORMAL,10.8,
2655,177.413966,True,0.352,0.036,-8.4,-3.5,False,False,,,True,True,False,False,False,False,False,False,NORMAL,10.8,,False,False,False,False,False,False,NORMAL,10.8,
2656,177.480789,True,0.352,0.034,-8.8,-3.2,False,False,,,True,True,False,False,False,False,False,False,NORMAL,10.8,,False,False,False,False,False,False,NORMAL,10.8,
2657,177.547611,True,0.335,0.032,-8.7,-3.0,False,False,,,True,True,False,False,False,False,False,False,NORMAL,10.8,,False,False,False,False,False,False,NORMAL,10.8,
2658,177.614434,True,0.335,0.032,-8.7,-2.9,False,False,,,True,True,False,False,False,False,False,False,NORMAL,10.8,,False,False,False,False,False,False,NORMAL,10.8,
2659,177.681256,True,0.322,0.032,-8.5,-2.8,False,False,,,True,True,False,False,False,False,False,False,NORMAL,10.8,,False,False,False,False,False,False,NORMAL,10.8,
2660,177.748079,True,0.315,0.032,-8.5,-2.7,False,False,,,True,True,False,False,False,False,False,False,NORMAL,10.8,,False,False,False,False,False,False,NORMAL,10.8,
2661,177.814901,True,0.312,0.034,-8.6,-2.7,False,False,,,True,True,False,False,False,False,False,False,NORMAL,10.8,,False,False,False,False,False,False,NORMAL,10.8,
2662,177.881724,True,0.319,0.039,-9.1,-3.1,False,False,,,True,True,False,False,False,False,False,False,NORMAL,10.8,,False,False,False,False,False,False,NORMAL,10.8,
2663,177.948547,True,0.339,0.041,-9.7,-4.1,False,False,,,True,True,False,False,False,False,False,False,NORMAL,10.8,,False,False,False,False,False,False,NORMAL,10.8,
2664,178.015369,True,0.345,0.043,-9.6,-4.0,False,False,,,True,True,False,False,False,False,False,False,NORMAL,10.8,,False,False,False,False,False,False,NORMAL,10.8,
2665,178.082192,True,0.343,0.046,-9.7,-4.1,False,False,,,True,True,False,False,False,False,False,False,NORMAL,10.8,,False,False,False,False,False,False,NORMAL,10.8,
2666,178.149014,True,0.341,0.048,-9.6,-4.2,False,False,,,True,True,False,False,False,False,False,False,NORMAL,10.8,,False,False,False,False,False,False,NORMAL,10.8,
2667,178.215837,True,0.343,0.051,-9.4,-4.4,False,False,,,True,True,False,False,False,False,False,False,NORMAL,10.8,,False,False,False,False,False,False,NORMAL,10.8,
2668,178.282660,True,0.347,0.051,-9.4,-4.4,False,False,,,True,True,False,False,False,False,False,False,NORMAL,10.8,,False,False,False,False,False,False,NORMAL,10.8,
2669,178.349482,True,0.346,0.053,-9.4,-4.5,False,False,,,True,True,False,False,False,False,False,False,NORMAL,10.8,,False,False,False,False,False,False,NORMAL,10.8,
2670,178.416305,True,0.349,0.054,-9.5,-4.5,False,False,,,True,True,False,False,False,False,False,False,NORMAL,10.8,,False,False,False,False,False,False,NORMAL,10.8,
2671,178.483127,True,0.341,0.052,-9.6,-4.4,False,False,,,True,True,False,False,False,False,False,False,NORMAL,10.8,,False,False,False,False,False,False,NORMAL,10.8,
2672,178.549950,True,0.29,0.05,-9.8,-4.4,False,False,,,True,True,False,False,False,False,False,False,NORMAL,10.8,,False,False,False,False,False,False,NORMAL,10.8,
2673,178.616772,True,0.273,0.049,-10.4,-4.2,False,False,,,True,True,False,False,False,False,False,False,NORMAL,10.8,,False,False,False,False,False,False,NORMAL,10.8,
2674,178.683595,True,0.276,0.048,-10.7,-4.6,False,False,,,True,True,False,False,False,False,False,False,NORMAL,10.8,,False,False,False,False,False,False,NORMAL,10.8,
2675,178.750418,True,0.309,0.047,-11.4,-6.2,False,False,,,True,True,False,False,False,False,False,False,NORMAL,10.8,,False,False,False,False,False,False,NORMAL,10.8,
2676,178.817240,True,0.303,0.038,-11.6,-6.3,False,False,,,True,True,False,False,False,False,False,False,NORMAL,10.8,,False,False,False,False,False,False,NORMAL,10.8,
2677,178.884063,True,0.342,0.036,-11.9,-4.5,False,False,,,True,True,False,False,False,False,False,False,NORMAL,10.8,,False,False,False,False,False,False,NORMAL,10.8,
2678,178.950885,True,0.353,0.038,-11.2,-3.5,False,False,,,True,True,False,False,False,False,False,False,NORMAL,10.8,,False,False,False,False,False,False,NORMAL,10.8,
2679,179.017708,True,0.356,0.044,-10.6,-3.3,False,False,,,True,True,False,False,False,False,False,False,NORMAL,10.8,,False,False,False,False,False,False,NORMAL,10.8,
2680,179.084531,True,0.361,0.045,-10.8,-3.1,False,False,,,True,True,False,False,False,False,False,False,NORMAL,10.8,,False,False,False,False,False,False,NORMAL,10.8,
2681,179.151353,True,0.378,0.038,-11.2,-1.7,False,False,,,True,True,False,False,False,False,False,False,NORMAL,10.8,,False,False,False,False,False,False,NORMAL,10.8,
2682,179.218176,True,0.37,0.048,-11.3,-1.5,False,False,,,True,True,False,False,False,False,False,False,NORMAL,10.8,,False,False,False,False,False,False,NORMAL,10.8,
2683,179.284998,True,0.243,0.015,-10.1,-0.0,False,False,,,True,True,False,False,False,False,False,False,NORMAL,10.8,,False,False,False,False,False,False,NORMAL,10.8,
2684,179.351821,True,0.203,0.012,-5.9,3.7,False,False,,,True,True,False,False,False,False,False,False,NORMAL,10.8,,False,False,False,False,False,False,NORMAL,10.8,
2685,179.418644,True,0.154,0.014,-5.9,3.0,False,False,,,True,True,False,False,False,False,False,False,NORMAL,11.1,,False,False,False,False,False,False,NORMAL,11.1,
2686,179.485466,True,0.156,0.032,-3.8,5.5,False,False,,,True,True,False,False,False,False,False,False,NORMAL,11.4,,False,False,False,False,False,False,NORMAL,11.4,
2687,179.552289,True,0.153,0.013,-3.0,8.0,False,False,,,True,True,False,False,False,False,False,False,NORMAL,11.7,,False,False,False,False,False,False,NORMAL,11.7,
2688,179.619111,True,0.167,0.021,-2.3,8.0,False,False,,,True,True,False,False,False,False,False,False,NORMAL,12.0,,False,False,False,False,False,False,NORMAL,12.0,
2689,179.685934,True,0.123,0.013,-1.1,8.5,False,False,,,True,True,False,False,False,False,False,False,NORMAL,12.3,,False,False,False,False,False,False,NORMAL,12.3,
2690,179.752756,True,0.148,0.011,-0.9,8.8,False,False,,,True,True,False,False,False,False,False,False,NORMAL,13.0,,False,False,False,False,False,False,NORMAL,13.0,
2691,179.819579,True,0.146,0.02,-1.2,9.2,False,False,,,True,True,False,False,False,False,False,False,NORMAL,15.6,,False,False,False,False,False,False,NORMAL,15.6,
2692,179.886402,True,0.17,0.019,-2.0,7.9,False,False,,,True,True,False,False,False,False,False,False,NORMAL,18.2,,False,False,False,False,False,False,NORMAL,18.2,
2693,179.953224,True,0.214,0.03,-4.5,6.0,False,False,,,True,True,False,False,False,False,False,False,NORMAL,17.8,,False,False,False,False,False,False,NORMAL,17.8,
2694,180.020047,True,0.193,0.016,-5.6,6.1,False,False,,,True,True,False,False,False,False,False,False,NORMAL,17.5,,False,False,False,False,False,False,NORMAL,17.5,
2695,180.086869,True,0.283,0.053,-7.3,1.8,False,False,,,True,True,False,False,False,False,False,False,NORMAL,17.1,,False,False,False,False,False,False,NORMAL,17.1,
2696,180.153692,True,0.219,0.015,-7.8,0.5,False,False,,,True,True,False,False,False,False,False,False,NORMAL,16.8,,False,False,False,False,False,False,NORMAL,16.8,
2697,180.220515,True,0.242,0.012,-7.7,0.4,False,False,,,True,True,False,False,False,False,False,False,NORMAL,16.5,,False,False,False,False,False,False,NORMAL,16.5,
2698,180.287337,True,0.289,0.027,-7.7,0.5,False,False,,,True,True,False,False,False,False,False,False,NORMAL,16.1,,False,False,False,False,False,False,NORMAL,16.1,
2699,180.354160,True,0.277,0.047,-7.8,1.3,False,False,,,True,True,False,False,False,False,False,False,NORMAL,15.8,,False,False,False,False,False,False,NORMAL,15.8,
2700,180.420982,True,0.265,0.053,-7.8,1.5,False,False,,,True,True,False,False,False,False,False,False,NORMAL,15.5,,False,False,False,False,False,False,NORMAL,15.5,
2701,180.487805,True,0.287,0.04,-5.1,0.3,False,False,,,True,True,False,False,False,False,False,False,NORMAL,15.2,,False,False,False,False,False,False,NORMAL,15.2,
2702,180.554627,True,0.351,0.021,-4.2,-1.4,False,False,,,True,True,False,False,False,False,False,False,NORMAL,14.9,,False,False,False,False,False,False,NORMAL,14.9,
2703,180.621450,True,0.356,0.014,-4.9,-1.4,False,False,,,True,True,False,False,False,False,False,False,NORMAL,14.6,,False,False,False,False,False,False,NORMAL,14.6,
2704,180.688273,True,0.36,0.015,-4.0,-0.9,False,False,,,True,True,False,False,False,False,False,False,NORMAL,14.3,,False,False,False,False,False,False,NORMAL,14.3,
2705,180.755095,True,0.339,0.019,-4.3,-0.9,False,False,,,True,True,False,False,False,False,False,False,NORMAL,14.0,,False,False,False,False,False,False,NORMAL,14.0,
2706,180.821918,True,0.329,0.019,-4.8,-1.1,False,False,,,True,True,False,False,False,False,False,False,NORMAL,13.7,,False,False,False,False,False,False,NORMAL,13.7,
2707,180.888740,True,0.325,0.023,-5.9,-1.6,False,False,,,True,True,False,False,False,False,False,False,NORMAL,13.5,,False,False,False,False,False,False,NORMAL,13.5,
2708,180.955563,True,0.331,0.025,-6.3,-1.4,False,False,,,True,True,False,False,False,False,False,False,NORMAL,13.2,,False,False,False,False,False,False,NORMAL,13.2,
2709,181.022386,True,0.334,0.027,-6.2,-1.4,False,False,,,True,True,False,False,False,False,False,False,NORMAL,13.1,,False,False,False,False,False,False,NORMAL,13.1,
2710,181.089208,True,0.332,0.026,-6.1,-1.3,False,False,,,True,True,False,False,False,False,False,False,NORMAL,13.1,,False,False,False,False,False,False,NORMAL,13.1,
2711,181.156031,True,0.33,0.028,-6.4,-1.4,False,False,,,True,True,False,False,False,False,False,False,NORMAL,13.1,,False,False,False,False,False,False,NORMAL,13.1,
2712,181.222853,True,0.328,0.027,-6.4,-1.4,False,False,,,True,True,False,False,False,False,False,False,NORMAL,13.1,,False,False,False,False,False,False,NORMAL,13.1,
2713,181.289676,True,0.327,0.028,-6.0,-1.0,False,False,,,True,True,False,False,False,False,False,False,NORMAL,13.1,,False,False,False,False,False,False,NORMAL,13.1,
2714,181.356498,True,0.327,0.028,-5.4,-0.9,False,False,,,True,True,False,False,False,False,False,False,NORMAL,13.1,,False,False,False,False,False,False,NORMAL,13.1,
2715,181.423321,True,0.323,0.026,-5.5,-1.5,False,False,,,True,True,False,False,False,False,False,False,NORMAL,13.1,,False,False,False,False,False,False,NORMAL,13.1,
2716,181.490144,True,0.322,0.024,-5.5,-1.4,False,False,,,True,True,False,False,False,False,False,False,NORMAL,13.1,,False,False,False,False,False,False,NORMAL,13.1,
2717,181.556966,True,0.321,0.025,-5.0,-1.5,False,False,,,True,True,False,False,False,False,False,False,NORMAL,13.1,,False,False,False,False,False,False,NORMAL,13.1,
2718,181.623789,True,0.321,0.018,-4.5,-1.2,False,False,,,True,True,False,False,False,False,False,False,NORMAL,13.1,,False,False,False,False,False,False,NORMAL,13.1,
2719,181.690611,True,0.32,0.019,-2.6,-1.8,False,False,,,True,True,False,False,False,False,False,False,NORMAL,13.1,,False,False,False,False,False,False,NORMAL,13.1,
2720,181.757434,True,0.284,0.01,4.1,-1.0,False,False,,,True,True,False,False,False,False,False,False,NORMAL,13.1,,False,False,False,False,False,False,NORMAL,13.1,
2721,181.824257,True,0.297,0.011,6.1,-3.7,False,False,,,True,True,False,False,False,False,False,False,NORMAL,13.1,,False,False,False,False,False,False,NORMAL,13.1,
2722,181.891079,True,0.262,0.009,7.9,-2.7,False,False,,,True,True,False,False,False,False,False,False,NORMAL,13.1,,False,False,False,False,False,False,NORMAL,13.1,
2723,181.957902,True,0.264,0.006,7.3,-2.1,False,False,,,True,True,False,False,False,False,False,False,NORMAL,13.1,,False,False,False,False,False,False,NORMAL,13.1,
2724,182.024724,True,0.273,0.006,7.5,-2.2,True,True,,,True,True,False,False,False,False,False,False,NORMAL,13.1,,False,False,False,False,False,False,NORMAL,13.1,
2725,182.091547,True,0.287,0.006,8.2,-2.1,False,False,,,True,True,False,False,False,False,False,False,NORMAL,13.1,,False,False,False,False,False,False,NORMAL,13.1,
2726,182.158370,True,0.335,0.009,9.7,-0.7,False,False,,,True,True,False,False,False,False,False,False,NORMAL,13.1,,False,False,False,False,False,False,NORMAL,13.1,
2727,182.225192,True,0.343,0.009,10.0,-1.3,False,False,,,True,True,False,False,False,False,False,False,NORMAL,13.1,,False,False,False,False,False,False,NORMAL,13.1,
2728,182.292015,True,0.31,0.009,8.6,-1.0,False,False,,,True,True,False,False,False,False,False,False,NORMAL,13.1,,False,False,False,False,False,False,NORMAL,13.1,
2729,182.358837,True,0.303,0.02,6.2,-0.5,False,False,,,True,True,False,False,False,False,False,False,NORMAL,13.1,,False,False,False,False,False,False,NORMAL,13.1,
2730,182.425660,True,0.31,0.021,5.6,-0.5,False,False,,,True,True,False,False,False,False,False,False,NORMAL,13.1,,False,False,False,False,False,False,NORMAL,13.1,
2731,182.492482,True,0.336,0.021,3.6,-2.0,False,False,,,True,True,False,False,False,False,False,False,NORMAL,13.1,,False,False,False,False,False,False,NORMAL,13.1,
2732,182.559305,True,0.327,0.032,1.7,-1.6,False,False,,,True,True,False,False,False,False,False,False,NORMAL,13.1,,False,False,False,False,False,False,NORMAL,13.1,
2733,182.626128,True,0.327,0.03,1.7,-1.5,False,False,,,True,True,False,False,False,False,False,False,NORMAL,13.1,,False,False,False,False,False,False,NORMAL,13.1,
2734,182.692950,True,0.346,0.033,1.3,-1.6,False,False,,,True,True,False,False,False,False,False,False,NORMAL,13.1,,False,False,False,False,False,False,NORMAL,13.1,
2735,182.759773,True,0.349,0.033,0.6,-1.3,False,False,,,True,True,False,False,False,False,False,False,NORMAL,13.1,,False,False,False,False,False,False,NORMAL,13.1,
2736,182.826595,True,0.349,0.032,0.5,-1.5,False,False,,,True,True,False,False,False,False,False,False,NORMAL,13.1,,False,False,False,False,False,False,NORMAL,13.1,
2737,182.893418,True,0.339,0.047,0.3,-1.3,False,False,,,True,True,False,False,False,False,False,False,NORMAL,13.1,,False,False,False,False,False,False,NORMAL,13.1,
2738,182.960241,True,0.342,0.052,-0.1,-1.4,False,False,,,True,True,False,False,False,False,False,False,NORMAL,13.1,,False,False,False,False,False,False,NORMAL,13.1,
2739,183.027063,True,0.348,0.053,0.4,-1.6,False,False,,,True,True,False,False,False,False,False,False,NORMAL,13.1,,False,False,False,False,False,False,NORMAL,13.1,
2740,183.093886,True,0.347,0.053,0.2,-1.8,False,False,,,True,True,False,False,False,False,False,False,NORMAL,13.1,,False,False,False,False,False,False,NORMAL,13.1,
2741,183.160708,True,0.346,0.052,-0.0,-2.0,False,False,,,True,True,False,False,False,False,False,False,NORMAL,13.1,,False,False,False,False,False,False,NORMAL,13.1,
2742,183.227531,True,0.346,0.052,-0.4,-2.2,False,False,,,True,True,False,False,False,False,False,False,NORMAL,13.1,,False,False,False,False,False,False,NORMAL,13.1,
2743,183.294353,True,0.334,0.043,-0.4,-2.5,False,False,,,True,True,False,False,False,False,False,False,NORMAL,13.1,,False,False,False,False,False,False,NORMAL,13.1,
2744,183.361176,True,0.311,0.028,0.5,-1.5,False,False,,,True,True,False,False,False,False,False,False,NORMAL,13.1,,False,False,False,False,False,False,NORMAL,13.1,
2745,183.427999,True,0.312,0.04,-0.3,-2.0,False,False,,,True,True,False,False,False,False,False,False,NORMAL,13.1,,False,False,False,False,False,False,NORMAL,13.1,
2746,183.494821,True,0.306,0.041,-0.3,-2.2,False,False,,,True,True,False,False,False,False,False,False,NORMAL,13.1,,False,False,False,False,False,False,NORMAL,13.1,
2747,183.561644,True,0.302,0.042,-0.4,-2.7,False,False,,,True,True,False,False,False,False,False,False,NORMAL,13.1,,False,False,False,False,False,False,NORMAL,13.1,
2748,183.628466,True,0.303,0.036,-0.7,-2.6,False,False,,,True,True,False,False,False,False,False,False,NORMAL,13.1,,False,False,False,False,False,False,NORMAL,13.1,
2749,183.695289,True,0.297,0.029,-1.0,-3.2,False,False,,,True,True,False,False,False,False,False,False,NORMAL,13.1,,False,False,False,False,False,False,NORMAL,13.1,
2750,183.762112,True,0.321,0.026,-1.5,-3.7,False,False,,,True,True,False,False,False,False,False,False,NORMAL,12.8,,False,False,False,False,False,False,NORMAL,12.8,
2751,183.828934,True,0.332,0.027,-1.5,-3.6,False,False,,,True,True,False,False,False,False,False,False,NORMAL,12.6,,False,False,False,False,False,False,NORMAL,12.6,
2752,183.895757,True,0.334,0.025,-1.6,-3.5,False,False,,,True,True,False,False,False,False,False,False,NORMAL,12.3,,False,False,False,False,False,False,NORMAL,12.3,
2753,183.962579,True,0.333,0.021,-1.6,-3.6,False,False,,,True,True,False,False,False,False,False,False,NORMAL,12.1,,False,False,False,False,False,False,NORMAL,12.1,
2754,184.029402,True,0.335,0.02,-1.6,-3.6,False,False,,,True,True,False,False,False,False,False,False,NORMAL,11.9,,False,False,False,False,False,False,NORMAL,11.9,
2755,184.096225,True,0.338,0.021,-1.5,-3.6,False,False,,,True,True,False,False,False,False,False,False,NORMAL,11.6,,False,False,False,False,False,False,NORMAL,11.6,
2756,184.163047,True,0.337,0.026,-1.6,-3.8,False,False,,,True,True,False,False,False,False,False,False,NORMAL,11.4,,False,False,False,False,False,False,NORMAL,11.4,
2757,184.229870,True,0.336,0.026,-1.6,-3.7,False,False,,,True,True,False,False,False,False,False,False,NORMAL,11.2,,False,False,False,False,False,False,NORMAL,11.2,
2758,184.296692,True,0.336,0.028,-1.7,-3.6,False,False,,,True,True,False,False,False,False,False,False,NORMAL,10.9,,False,False,False,False,False,False,NORMAL,10.9,
2759,184.363515,True,0.336,0.032,-1.8,-3.6,False,False,,,True,True,False,False,False,False,False,False,NORMAL,10.7,,False,False,False,False,False,False,NORMAL,10.7,
2760,184.430337,True,0.335,0.033,-1.8,-3.3,False,False,,,True,True,False,False,False,False,False,False,NORMAL,10.5,,False,False,False,False,False,False,NORMAL,10.5,
2761,184.497160,True,0.335,0.041,-1.8,-3.3,False,False,,,True,True,False,False,False,False,False,False,NORMAL,10.3,,False,False,False,False,False,False,NORMAL,10.3,
2762,184.563983,True,0.334,0.045,-1.6,-3.2,False,False,,,True,True,False,False,False,False,False,False,NORMAL,10.3,,False,False,False,False,False,False,NORMAL,10.3,
2763,184.630805,True,0.333,0.048,-1.6,-3.1,False,False,,,True,True,False,False,False,False,False,False,NORMAL,10.3,,False,False,False,False,False,False,NORMAL,10.3,
2764,184.697628,True,0.332,0.05,-1.6,-3.1,False,False,,,True,True,False,False,False,False,False,False,NORMAL,10.3,,False,False,False,False,False,False,NORMAL,10.3,
2765,184.764450,True,0.333,0.052,-1.6,-3.1,False,False,,,True,True,False,False,False,False,False,False,NORMAL,10.3,,False,False,False,False,False,False,NORMAL,10.3,
2766,184.831273,True,0.332,0.053,-1.6,-3.2,False,False,,,True,True,False,False,False,False,False,False,NORMAL,10.3,,False,False,False,False,False,False,NORMAL,10.3,
2767,184.898096,True,0.333,0.053,-1.5,-3.1,False,False,,,True,True,False,False,False,False,False,False,NORMAL,10.3,,False,False,False,False,False,False,NORMAL,10.3,
2768,184.964918,True,0.329,0.051,-1.4,-3.1,False,False,,,True,True,False,False,False,False,False,False,NORMAL,10.3,,False,False,False,False,False,False,NORMAL,10.3,
2769,185.031741,True,0.329,0.052,-1.3,-3.1,False,False,,,True,True,False,False,False,False,False,False,NORMAL,10.3,,False,False,False,False,False,False,NORMAL,10.3,
2770,185.098563,True,0.328,0.046,-1.5,-3.2,False,False,,,True,True,False,False,False,False,False,False,NORMAL,10.3,,False,False,False,False,False,False,NORMAL,10.3,
2771,185.165386,True,0.326,0.039,-1.9,-3.1,False,False,,,True,True,False,False,False,False,False,False,NORMAL,10.3,,False,False,False,False,False,False,NORMAL,10.3,
2772,185.232208,True,0.323,0.038,-1.6,-2.7,False,False,,,True,True,False,False,False,False,False,False,NORMAL,10.3,,False,False,False,False,False,False,NORMAL,10.3,
2773,185.299031,True,0.324,0.055,-1.5,-2.5,False,False,,,True,True,False,False,False,False,False,False,NORMAL,10.3,,False,False,False,False,False,False,NORMAL,10.3,
2774,185.365854,True,0.332,0.049,-1.3,-2.6,False,False,,,True,True,False,False,False,False,False,False,NORMAL,10.3,,False,False,False,False,False,False,NORMAL,10.3,
2775,185.432676,True,0.334,0.044,-1.2,-2.6,False,False,,,True,True,False,False,False,False,False,False,NORMAL,10.3,,False,False,False,False,False,False,NORMAL,10.3,
2776,185.499499,True,0.341,0.039,-1.1,-2.5,False,False,,,True,True,False,False,False,False,False,False,NORMAL,10.3,,False,False,False,False,False,False,NORMAL,10.3,
2777,185.566321,True,0.34,0.033,-1.1,-2.3,False,False,,,True,True,False,False,False,False,False,False,NORMAL,10.3,,False,False,False,False,False,False,NORMAL,10.3,
2778,185.633144,True,0.339,0.032,-1.1,-2.2,True,True,,,True,True,False,False,False,False,False,False,NORMAL,10.3,,False,False,False,False,False,False,NORMAL,10.3,
2779,185.699967,True,0.341,0.045,-1.2,-2.0,True,True,,,True,True,False,False,False,False,False,False,NORMAL,10.3,,False,False,False,False,False,False,NORMAL,10.3,
2780,185.766789,True,0.302,0.212,-4.9,0.2,True,True,,,True,True,False,False,False,False,False,False,NORMAL,10.3,,False,False,False,False,False,False,NORMAL,10.3,
2781,185.833612,True,0.206,0.173,-9.6,6.2,True,True,,,True,True,False,False,False,False,False,False,NORMAL,10.3,,False,False,False,False,False,False,NORMAL,10.3,
2782,185.900434,True,0.187,0.143,-10.3,7.1,True,True,,,True,True,False,False,False,False,False,False,NORMAL,10.3,,False,False,False,False,False,False,NORMAL,10.3,
2783,185.967257,True,0.199,0.137,-10.8,4.7,True,True,,,True,True,False,False,False,False,False,False,NORMAL,10.3,,False,False,False,False,False,False,NORMAL,10.3,
2784,186.034080,True,0.177,0.145,-10.5,4.2,True,True,,,True,True,False,False,False,False,False,False,NORMAL,10.3,,False,False,False,False,False,False,NORMAL,10.3,
2785,186.100902,True,0.208,0.233,-12.2,0.3,True,True,,,True,True,False,False,False,False,False,False,NORMAL,10.3,,False,False,False,False,False,False,NORMAL,10.3,
2786,186.167725,True,0.287,0.224,-12.6,-0.6,True,True,,,True,True,False,False,False,False,False,False,NORMAL,10.3,,False,False,False,False,False,False,NORMAL,10.3,
2787,186.234547,True,0.31,0.242,-11.8,-1.6,True,True,,,True,True,False,False,False,False,False,False,NORMAL,10.3,,False,False,False,False,False,False,NORMAL,10.3,
2788,186.301370,True,0.285,0.376,-11.0,-3.8,True,True,,,True,True,False,False,False,False,False,False,NORMAL,10.3,,False,False,False,False,False,False,NORMAL,10.3,
2789,186.368192,True,0.278,0.376,-10.3,-5.8,True,True,,,True,True,False,False,False,False,False,False,NORMAL,10.3,,False,False,False,False,False,False,NORMAL,10.3,
2790,186.435015,False,0.0,0.0,0.0,0.0,True,True,,,True,True,False,False,False,False,False,False,NORMAL,10.3,,False,False,False,False,False,False,NORMAL,10.3,
2791,186.501838,True,0.186,0.133,-5.1,4.9,True,True,,,True,True,False,False,False,False,False,False,NORMAL,10.3,,False,False,False,False,False,False,NORMAL,10.3,
2792,186.568660,True,0.161,0.213,-6.1,-0.2,True,True,,,True,True,False,False,False,False,False,False,NORMAL,10.6,,False,False,False,False,False,False,NORMAL,10.6,
2793,186.635483,True,0.196,0.258,-7.3,-2.5,True,True,,,True,True,False,False,False,False,False,False,NORMAL,10.6,,False,False,False,False,False,False,NORMAL,10.6,
2794,186.702305,True,0.299,0.13,-5.3,17.9,True,True,,,True,True,False,False,False,False,False,False,NORMAL,10.6,,False,False,False,False,False,False,NORMAL,10.6,
2795,186.769128,False,0.0,0.0,0.0,0.0,True,True,,,True,True,False,False,False,False,False,False,NORMAL,10.6,,False,False,False,False,False,False,NORMAL,10.6,
2796,186.835951,True,0.257,0.28,-7.0,3.0,True,True,,,True,True,False,False,False,False,False,False,NORMAL,10.6,,False,False,False,False,False,False,NORMAL,10.6,
2797,186.902773,False,0.0,0.0,0.0,0.0,True,True,,,True,True,False,False,False,False,False,False,NORMAL,10.6,,False,False,False,False,False,False,NORMAL,10.6,
2798,186.969596,False,0.0,0.0,0.0,0.0,True,True,,,True,True,False,False,False,False,False,False,NORMAL,10.6,,False,False,False,False,False,False,NORMAL,10.6,
2799,187.036418,False,0.0,0.0,0.0,0.0,False,False,,,True,True,False,False,False,False,False,False,NORMAL,10.6,,False,False,False,False,False,False,NORMAL,10.6,
2800,187.103241,False,0.0,0.0,0.0,0.0,False,False,,,True,True,False,False,False,False,False,False,NORMAL,10.6,,False,False,False,False,False,False,NORMAL,10.6,
2801,187.170063,False,0.0,0.0,0.0,0.0,False,False,,,True,True,False,False,False,False,False,False,NORMAL,10.6,,False,False,False,False,False,False,NORMAL,10.6,
2802,187.236886,False,0.0,0.0,0.0,0.0,False,False,,,True,True,False,False,False,False,False,False,NORMAL,10.7,,False,False,False,False,False,False,NORMAL,10.7,
2803,187.303709,False,0.0,0.0,0.0,0.0,False,False,,,True,True,False,False,False,False,False,False,NORMAL,10.7,,False,False,False,False,False,False,NORMAL,10.7,
2804,187.370531,False,0.0,0.0,0.0,0.0,False,False,,,True,True,False,False,False,False,False,False,NORMAL,10.7,,False,False,False,False,False,False,NORMAL,10.7,
2805,187.437354,False,0.0,0.0,0.0,0.0,False,False,,,True,True,False,False,False,False,False,False,NORMAL,10.7,,False,False,False,False,False,False,NORMAL,10.7,
2806,187.504176,False,0.0,0.0,0.0,0.0,True,True,,,True,True,False,False,False,False,False,False,NORMAL,10.7,,False,False,False,False,False,False,NORMAL,10.7,
2807,187.570999,False,0.0,0.0,0.0,0.0,True,True,,,True,True,False,False,False,False,False,False,NORMAL,10.7,,False,False,False,False,False,False,NORMAL,10.7,
2808,187.637822,False,0.0,0.0,0.0,0.0,True,True,,,True,True,False,False,False,False,False,False,NORMAL,10.8,,False,False,False,False,False,False,NORMAL,10.8,
2809,187.704644,False,0.0,0.0,0.0,0.0,True,True,,,True,True,False,False,False,False,False,False,NORMAL,10.8,,False,False,False,False,False,False,NORMAL,10.8,
2810,187.771467,False,0.0,0.0,0.0,0.0,True,True,,,True,True,False,False,False,False,False,False,NORMAL,10.8,,False,False,False,False,False,False,NORMAL,10.8,
2811,187.838289,False,0.0,0.0,0.0,0.0,True,True,,,True,True,False,False,False,False,False,False,NORMAL,10.8,,False,False,False,False,False,False,NORMAL,10.8,
2812,187.905112,False,0.0,0.0,0.0,0.0,True,True,,,True,True,False,False,False,False,False,False,NORMAL,10.8,,False,False,False,False,False,False,NORMAL,10.8,
2813,187.971935,False,0.0,0.0,0.0,0.0,True,True,,,True,True,False,False,False,False,False,False,NORMAL,10.8,,False,False,False,False,False,False,NORMAL,10.8,
2814,188.038757,False,0.0,0.0,0.0,0.0,False,False,,,True,True,False,False,False,False,False,False,NORMAL,10.8,,False,False,False,False,False,False,NORMAL,10.8,
2815,188.105580,False,0.0,0.0,0.0,0.0,False,False,,,True,True,False,False,False,False,False,False,NORMAL,10.8,,False,False,False,False,False,False,NORMAL,10.8,
2816,188.172402,False,0.0,0.0,0.0,0.0,False,False,,,True,True,False,False,False,False,False,False,NORMAL,10.8,,False,False,False,False,False,False,NORMAL,10.8,
2817,188.239225,False,0.0,0.0,0.0,0.0,False,False,,,True,True,False,False,False,False,False,False,NORMAL,10.8,,False,False,False,False,False,False,NORMAL,10.8,
2818,188.306047,False,0.0,0.0,0.0,0.0,False,False,,,True,True,False,False,False,False,False,False,NORMAL,10.8,,False,False,False,False,False,False,NORMAL,10.8,
2819,188.372870,False,0.0,0.0,0.0,0.0,False,False,,,True,True,False,False,False,False,False,False,NORMAL,10.8,,False,False,False,False,False,False,NORMAL,10.8,
2820,188.439693,False,0.0,0.0,0.0,0.0,False,False,,,True,True,False,False,False,False,False,False,NORMAL,10.8,,False,False,False,False,False,False,NORMAL,10.8,
2821,188.506515,False,0.0,0.0,0.0,0.0,False,False,,,True,True,False,False,False,False,False,False,NORMAL,10.8,,False,False,False,False,False,False,NORMAL,10.8,
2822,188.573338,False,0.0,0.0,0.0,0.0,True,True,,,True,True,False,False,False,False,False,False,NORMAL,10.8,,False,False,False,False,False,False,NORMAL,10.8,
2823,188.640160,True,0.1,0.209,-11.3,21.0,True,True,,,True,True,False,False,False,False,False,False,NORMAL,10.8,,False,False,False,False,False,False,NORMAL,10.8,
2824,188.706983,True,0.203,0.224,-12.1,22.9,True,True,,,True,True,False,False,False,False,False,False,NORMAL,10.7,,False,False,False,False,False,False,NORMAL,10.7,
2825,188.773806,True,0.201,0.222,-14.2,16.2,True,True,,,True,True,False,False,False,False,False,False,NORMAL,10.7,,False,False,False,False,False,False,NORMAL,10.7,
2826,188.840628,True,0.195,0.196,-14.2,17.2,True,True,,,True,True,False,False,False,False,False,False,NORMAL,10.7,,False,False,False,False,False,False,NORMAL,10.7,
2827,188.907451,True,0.17,0.194,-14.5,9.9,True,True,,,True,True,False,False,False,False,False,False,NORMAL,10.7,,False,False,False,False,False,False,NORMAL,10.7,
2828,188.974273,True,0.175,0.195,-14.2,10.2,True,True,,,True,True,False,False,False,False,False,False,NORMAL,10.7,,False,False,False,False,False,False,NORMAL,10.7,
2829,189.041096,True,0.208,0.191,-14.0,10.8,True,True,,,True,True,False,False,False,False,False,False,NORMAL,10.7,,False,False,False,False,False,False,NORMAL,10.7,
2830,189.107918,True,0.176,0.173,-13.1,8.3,True,True,,,True,True,False,False,False,False,False,False,NORMAL,10.6,,False,False,False,False,False,False,NORMAL,10.6,
2831,189.174741,False,0.0,0.0,0.0,0.0,True,True,,,True,True,False,False,False,False,False,False,NORMAL,10.7,,False,False,False,False,False,False,NORMAL,10.7,
2832,189.241564,True,0.233,0.185,-9.6,1.0,True,True,,,True,True,False,False,False,False,False,False,NORMAL,10.7,,False,False,False,False,False,False,NORMAL,10.7,
2833,189.308386,True,0.284,0.134,-12.7,-2.4,True,True,,,True,True,False,False,False,False,False,False,NORMAL,10.7,,False,False,False,False,False,False,NORMAL,10.7,
2834,189.375209,True,0.181,0.125,-12.0,-5.4,False,False,,,True,True,False,False,False,False,False,False,NORMAL,10.6,,False,False,False,False,False,False,NORMAL,10.6,
2835,189.442031,False,0.0,0.0,0.0,0.0,False,False,,,True,True,False,False,False,False,False,False,NORMAL,10.7,,False,False,False,False,False,False,NORMAL,10.7,
2836,189.508854,False,0.0,0.0,0.0,0.0,False,False,,,True,True,False,False,False,False,False,False,NORMAL,10.7,,False,False,False,False,False,False,NORMAL,10.7,
2837,189.575677,False,0.0,0.0,0.0,0.0,False,False,,,True,True,False,False,False,False,False,False,NORMAL,10.7,,False,False,False,False,False,False,NORMAL,10.7,
2838,189.642499,False,0.0,0.0,0.0,0.0,False,False,,,True,True,False,False,False,False,False,False,NORMAL,10.7,,False,False,False,False,False,False,NORMAL,10.7,
2839,189.709322,True,0.172,0.009,-10.5,-1.5,False,False,,,True,True,False,False,False,False,False,False,NORMAL,10.7,,False,False,False,False,False,False,NORMAL,10.7,
2840,189.776144,True,0.184,0.007,-13.1,0.6,False,False,,,True,True,False,False,False,False,False,False,NORMAL,10.7,,False,False,False,False,False,False,NORMAL,10.7,
2841,189.842967,True,0.24,0.009,-14.5,0.6,False,False,,,True,True,False,False,False,False,False,False,NORMAL,10.6,,False,False,False,False,False,False,NORMAL,10.6,
2842,189.909790,True,0.234,0.007,-15.6,1.4,False,False,,,True,True,False,False,False,False,False,False,NORMAL,10.6,,False,False,False,False,False,False,NORMAL,10.6,
2843,189.976612,True,0.231,0.009,-15.0,0.9,False,False,,,True,True,False,False,False,False,False,False,NORMAL,10.6,,False,False,False,False,False,False,NORMAL,10.6,
2844,190.043435,True,0.239,0.006,-12.8,1.8,False,False,,,True,True,False,False,False,False,False,False,NORMAL,10.6,,False,False,False,False,False,False,NORMAL,10.6,
2845,190.110257,True,0.258,0.013,-13.3,1.6,False,False,,,True,True,False,False,False,False,False,False,NORMAL,10.6,,False,False,False,False,False,False,NORMAL,10.6,
2846,190.177080,True,0.254,0.012,-9.9,-2.2,False,False,,,True,True,False,False,False,False,False,False,NORMAL,10.6,,False,False,False,False,False,False,NORMAL,10.6,
2847,190.243902,True,0.264,0.003,-11.6,-2.1,False,False,,,True,True,False,False,False,False,False,False,NORMAL,10.6,,False,False,False,False,False,False,NORMAL,10.6,
2848,190.310725,True,0.172,0.008,-9.6,-6.4,True,True,,,True,True,False,False,False,False,False,False,NORMAL,10.5,,False,False,False,False,False,False,NORMAL,10.5,
2849,190.377548,True,0.317,0.017,-11.9,-9.8,False,False,,,True,True,False,False,False,False,False,False,NORMAL,10.5,,False,False,False,False,False,False,NORMAL,10.5,
2850,190.444370,True,0.302,0.016,-12.0,-9.6,False,False,,,True,True,False,False,False,False,False,False,NORMAL,10.5,,False,False,False,False,False,False,NORMAL,10.5,
2851,190.511193,True,0.285,0.021,-12.0,-7.7,False,False,,,True,True,False,False,False,False,False,False,NORMAL,10.5,,False,False,False,False,False,False,NORMAL,10.5,
2852,190.578015,True,0.254,0.017,-12.5,-7.6,False,False,,,True,True,False,False,False,False,False,False,NORMAL,10.5,,False,False,False,False,False,False,NORMAL,10.5,
2853,190.644838,True,0.252,0.016,-12.1,-7.4,False,False,,,True,True,False,False,False,False,False,False,NORMAL,10.5,,False,False,False,False,False,False,NORMAL,10.5,
2854,190.711661,True,0.326,0.013,-10.4,-7.3,False,False,,,True,True,False,False,False,False,False,False,NORMAL,10.5,,False,False,False,False,False,False,NORMAL,10.5,
2855,190.778483,True,0.296,0.025,-11.6,-3.6,False,False,,,True,True,False,False,False,False,False,False,NORMAL,10.4,,False,False,False,False,False,False,NORMAL,10.4,
2856,190.845306,True,0.275,0.017,-11.6,-4.0,False,False,,,True,True,False,False,False,False,False,False,NORMAL,10.4,,False,False,False,False,False,False,NORMAL,10.4,
2857,190.912128,True,0.245,0.031,-13.0,-5.4,False,False,,,True,True,False,False,False,False,False,False,NORMAL,10.4,,False,False,False,False,False,False,NORMAL,10.4,
2858,190.978951,True,0.186,0.025,-12.4,-5.2,False,False,,,True,True,False,False,False,False,False,False,NORMAL,10.4,,False,False,False,False,False,False,NORMAL,10.4,
2859,191.045773,True,0.267,0.032,-15.0,-4.6,False,False,,,True,True,False,False,False,False,False,False,NORMAL,10.4,,False,False,False,False,False,False,NORMAL,10.4,
2860,191.112596,True,0.273,0.115,-14.9,-7.8,True,True,,,True,True,False,False,False,False,False,False,NORMAL,10.4,,False,False,False,False,False,False,NORMAL,10.4,
2861,191.179419,True,0.248,0.098,-15.1,-8.8,True,True,,,True,True,False,False,False,False,False,False,NORMAL,10.4,,False,False,False,False,False,False,NORMAL,10.4,
2862,191.246241,True,0.29,0.08,-15.0,-10.4,True,True,,,True,True,False,False,False,False,False,False,NORMAL,10.3,,False,False,False,False,False,False,NORMAL,10.3,
2863,191.313064,True,0.313,0.093,-15.1,-8.6,False,False,,,True,True,False,False,False,False,False,False,NORMAL,10.3,,False,False,False,False,False,False,NORMAL,10.3,
2864,191.379886,True,0.327,0.083,-16.0,-7.7,False,False,,,True,True,False,False,False,False,False,False,NORMAL,10.3,,False,False,False,False,False,False,NORMAL,10.3,
2865,191.446709,True,0.288,0.083,-15.5,-8.1,False,False,,,True,True,False,False,False,False,False,False,NORMAL,10.3,,False,False,False,False,False,False,NORMAL,10.3,
2866,191.513532,True,0.213,0.054,-14.9,-7.8,False,False,,,True,True,False,False,False,False,False,False,NORMAL,10.3,,False,False,False,False,False,False,NORMAL,10.3,
2867,191.580354,True,0.283,0.063,-12.9,-7.9,False,False,,,True,True,False,False,False,False,False,False,NORMAL,10.3,,False,False,False,False,False,False,NORMAL,10.3,
2868,191.647177,True,0.277,0.067,-14.0,-9.3,False,False,,,True,True,False,False,False,False,False,False,NORMAL,10.3,,False,False,False,False,False,False,NORMAL,10.3,
2869,191.713999,True,0.323,0.015,-14.0,-9.4,False,False,,,True,True,False,False,False,False,False,False,NORMAL,10.2,,False,False,False,False,False,False,NORMAL,10.2,
2870,191.780822,True,0.331,0.005,-13.6,-9.4,False,False,,,True,True,False,False,False,False,False,False,NORMAL,10.2,,False,False,False,False,False,False,NORMAL,10.2,
2871,191.847645,True,0.325,0.007,-14.7,-9.9,False,False,,,True,True,False,False,False,False,False,False,NORMAL,10.2,,False,False,False,False,False,False,NORMAL,10.2,
2872,191.914467,True,0.329,0.003,-15.0,-11.2,False,False,,,True,True,False,False,False,False,False,False,NORMAL,10.2,,False,False,False,False,False,False,NORMAL,10.2,
2873,191.981290,True,0.24,0.005,-13.3,-8.6,False,False,,,True,True,False,False,False,False,False,False,NORMAL,10.2,,False,False,False,False,False,False,NORMAL,10.2,
2874,192.048112,True,0.215,0.006,-14.9,-9.8,False,False,,,True,True,False,False,False,False,False,False,NORMAL,10.2,,False,False,False,False,False,False,NORMAL,10.2,
2875,192.114935,True,0.205,0.006,-15.5,-9.6,False,False,,,True,True,False,False,False,False,False,False,NORMAL,10.2,,False,False,False,False,False,False,NORMAL,10.2,
2876,192.181757,True,0.28,0.002,-13.7,-8.1,False,False,,,True,True,False,False,False,False,False,False,NORMAL,10.2,,False,False,False,False,False,False,NORMAL,10.2,
2877,192.248580,True,0.306,0.003,-13.6,-7.8,False,False,,,True,True,False,False,False,False,False,False,NORMAL,10.2,,False,False,False,False,False,False,NORMAL,10.2,
2878,192.315403,True,0.331,0.002,-12.6,-7.3,False,False,,,True,True,False,False,False,False,False,False,NORMAL,10.2,,False,False,False,False,False,False,NORMAL,10.2,
2879,192.382225,True,0.332,0.01,-12.0,-6.4,False,False,,,True,True,False,False,False,False,False,False,NORMAL,10.2,,False,False,False,False,False,False,NORMAL,10.2,
2880,192.449048,True,0.332,0.006,-14.5,-3.8,False,False,,,True,True,False,False,False,False,False,False,NORMAL,10.2,,False,False,False,False,False,False,NORMAL,10.2,
2881,192.515870,True,0.289,0.011,-15.6,-9.3,False,False,,,True,True,False,False,False,False,False,False,NORMAL,10.2,,False,False,False,False,False,False,NORMAL,10.2,
2882,192.582693,True,0.294,0.016,-15.1,-8.5,False,False,,,True,True,False,False,False,False,False,False,NORMAL,10.2,,False,False,False,False,False,False,NORMAL,10.2,
2883,192.649516,True,0.313,0.082,-12.5,-7.3,False,False,,,True,True,False,False,False,False,False,False,NORMAL,10.2,,False,False,False,False,False,False,NORMAL,10.2,
2884,192.716338,True,0.321,0.098,-11.8,-7.5,False,False,,,True,True,False,False,False,False,False,False,NORMAL,10.2,,False,False,False,False,False,False,NORMAL,10.2,
2885,192.783161,True,0.309,0.091,-12.0,-7.1,False,False,,,True,True,False,False,False,False,False,False,NORMAL,10.2,,False,False,False,False,False,False,NORMAL,10.2,
2886,192.849983,True,0.315,0.1,-12.0,-7.4,False,False,,,True,True,False,False,False,False,False,False,NORMAL,10.2,,False,False,False,False,False,False,NORMAL,10.2,
2887,192.916806,True,0.302,0.063,-12.5,-7.5,False,False,,,True,True,False,False,False,False,False,False,NORMAL,10.2,,False,False,False,False,False,False,NORMAL,10.2,
2888,192.983628,True,0.356,0.057,-13.0,-4.1,False,False,,,True,True,False,False,False,False,False,False,NORMAL,10.2,,False,False,False,False,False,False,NORMAL,10.2,
2889,193.050451,True,0.352,0.014,-12.8,-4.6,False,False,,,True,True,False,False,False,False,False,False,NORMAL,10.2,,False,False,False,False,False,False,NORMAL,10.2,
2890,193.117274,True,0.364,0.009,-12.1,-4.3,False,False,,,True,True,False,False,False,False,False,False,NORMAL,10.2,,False,False,False,False,False,False,NORMAL,10.2,
2891,193.184096,True,0.35,0.007,-12.9,-2.9,False,False,,,True,True,False,False,False,False,False,False,NORMAL,10.2,,False,False,False,False,False,False,NORMAL,10.2,
2892,193.250919,True,0.354,0.006,-13.0,-2.2,False,False,,,True,True,False,False,False,False,False,False,NORMAL,10.2,,False,False,False,False,False,False,NORMAL,10.2,
2893,193.317741,True,0.355,0.011,-11.9,-1.6,False,False,,,True,True,False,False,False,False,False,False,NORMAL,10.2,,False,False,False,False,False,False,NORMAL,10.2,
2894,193.384564,True,0.343,0.006,-10.0,-2.0,False,False,,,True,True,False,False,False,False,False,False,NORMAL,10.2,,False,False,False,False,False,False,NORMAL,10.2,
2895,193.451387,True,0.349,0.004,-10.2,-4.1,False,False,,,True,True,False,False,False,False,False,False,NORMAL,10.2,,False,False,False,False,False,False,NORMAL,10.2,
2896,193.518209,True,0.355,0.004,-11.1,-4.3,False,False,,,True,True,False,False,False,False,False,False,NORMAL,10.2,,False,False,False,False,False,False,NORMAL,10.2,
2897,193.585032,True,0.372,0.006,-12.1,-5.8,False,False,,,True,True,False,False,False,False,False,False,NORMAL,10.2,,False,False,False,False,False,False,NORMAL,10.2,
2898,193.651854,True,0.383,0.007,-12.6,-5.2,False,False,,,True,True,False,False,False,False,False,False,NORMAL,10.2,,False,False,False,False,False,False,NORMAL,10.2,
2899,193.718677,True,0.383,0.01,-12.2,-4.5,False,False,,,True,True,False,False,False,False,False,False,NORMAL,10.2,,False,False,False,False,False,False,NORMAL,10.2,
2900,193.785499,True,0.385,0.01,-13.2,-8.3,False,False,,,True,True,False,False,False,False,False,False,NORMAL,10.2,,False,False,False,False,False,False,NORMAL,10.2,
2901,193.852322,True,0.398,0.013,-13.9,-8.7,False,False,,,True,True,False,False,False,False,False,False,NORMAL,10.2,,False,False,False,False,False,False,NORMAL,10.2,
2902,193.919145,True,0.394,0.035,-14.1,-10.7,False,False,,,True,True,False,False,False,False,False,False,NORMAL,10.2,,False,False,False,False,False,False,NORMAL,10.2,
2903,193.985967,True,0.396,0.037,-14.6,-10.8,False,False,,,True,True,False,False,False,False,False,False,NORMAL,10.2,,False,False,False,False,False,False,NORMAL,10.2,
2904,194.052790,True,0.399,0.094,-15.8,-11.1,False,False,,,True,True,False,False,False,False,False,False,NORMAL,10.2,,False,False,False,False,False,False,NORMAL,10.2,
2905,194.119612,True,0.399,0.247,-15.9,-11.1,False,False,,,True,True,False,False,False,False,False,False,NORMAL,10.2,,False,False,False,False,False,False,NORMAL,10.2,
2906,194.186435,True,0.402,0.244,-15.9,-11.2,False,False,,,True,True,False,False,False,False,False,False,NORMAL,10.2,,False,False,False,False,False,False,NORMAL,10.2,
2907,194.253258,True,0.411,0.234,-15.8,-11.2,False,False,,,True,True,False,False,False,False,False,False,NORMAL,10.2,,False,False,False,False,False,False,NORMAL,10.2,
2908,194.320080,True,0.408,0.209,-15.8,-11.2,False,False,,,True,True,False,False,False,False,False,False,NORMAL,10.2,,False,False,False,False,False,False,NORMAL,10.2,
2909,194.386903,True,0.388,0.115,-15.9,-11.1,False,False,,,True,True,False,False,False,False,False,False,NORMAL,10.2,,False,False,False,False,False,False,NORMAL,10.2,
2910,194.453725,True,0.387,0.096,-15.5,-10.9,False,False,,,True,True,False,False,False,False,False,False,NORMAL,10.2,,False,False,False,False,False,False,NORMAL,10.2,
2911,194.520548,True,0.386,0.066,-15.4,-11.1,False,False,,,True,True,False,False,False,False,False,False,NORMAL,10.2,,False,False,False,False,False,False,NORMAL,10.2,
2912,194.587371,True,0.381,0.04,-15.1,-10.9,False,False,,,True,True,False,False,False,False,False,False,NORMAL,10.2,,False,False,False,False,False,False,NORMAL,10.2,
2913,194.654193,True,0.362,0.027,-14.2,-10.0,False,False,,,True,True,False,False,False,False,False,False,NORMAL,10.2,,False,False,False,False,False,False,NORMAL,10.2,
2914,194.721016,True,0.306,0.009,-12.5,-8.8,False,False,,,True,True,False,False,False,False,False,False,NORMAL,10.2,,False,False,False,False,False,False,NORMAL,10.2,
2915,194.787838,True,0.322,0.008,-10.9,-7.3,False,False,,,True,True,False,False,False,False,False,False,NORMAL,10.2,,False,False,False,False,False,False,NORMAL,10.2,
2916,194.854661,True,0.336,0.007,-10.7,-6.3,False,False,,,True,True,False,False,False,False,False,False,NORMAL,10.2,,False,False,False,False,False,False,NORMAL,10.2,
2917,194.921483,True,0.364,0.004,-12.5,-7.3,False,False,,,True,True,False,False,False,False,False,False,NORMAL,10.2,,False,False,False,False,False,False,NORMAL,10.2,
2918,194.988306,True,0.367,0.008,-13.5,-8.3,False,False,,,True,True,False,False,False,False,False,False,NORMAL,10.2,,False,False,False,False,False,False,NORMAL,10.2,
2919,195.055129,True,0.36,0.008,-14.5,-8.3,False,False,,,True,True,False,False,False,False,False,False,NORMAL,10.2,,False,False,False,False,False,False,NORMAL,10.2,
2920,195.121951,True,0.329,0.007,-14.1,-6.3,False,False,,,True,True,False,False,False,False,False,False,NORMAL,10.2,,False,False,False,False,False,False,NORMAL,10.2,
2921,195.188774,True,0.33,0.007,-14.4,-6.1,False,False,,,True,True,False,False,False,False,False,False,NORMAL,10.2,,False,False,False,False,False,False,NORMAL,10.2,
2922,195.255596,True,0.33,0.007,-14.9,-6.0,False,False,,,True,True,False,False,False,False,False,False,NORMAL,10.2,,False,False,False,False,False,False,NORMAL,10.2,
2923,195.322419,True,0.337,0.007,-16.5,-4.5,False,False,,,True,True,False,False,False,False,False,False,NORMAL,10.2,,False,False,False,False,False,False,NORMAL,10.2,
2924,195.389242,True,0.327,0.034,-14.5,-6.1,False,False,,,True,True,False,False,False,False,False,False,NORMAL,10.2,,False,False,False,False,False,False,NORMAL,10.2,
2925,195.456064,True,0.364,0.075,-13.2,-5.0,False,False,,,True,True,False,False,False,False,False,False,NORMAL,10.2,,False,False,False,False,False,False,NORMAL,10.2,
2926,195.522887,True,0.364,0.019,-12.9,-5.1,False,False,,,True,True,False,False,False,False,False,False,NORMAL,10.2,,False,False,False,False,False,False,NORMAL,10.2,
2927,195.589709,True,0.365,0.006,-13.0,-4.6,False,False,,,True,True,False,False,False,False,False,False,NORMAL,10.2,,False,False,False,False,False,False,NORMAL,10.2,
2928,195.656532,True,0.357,0.007,-13.2,-3.3,False,False,,,True,True,False,False,False,False,False,False,NORMAL,10.2,,False,False,False,False,False,False,NORMAL,10.2,
2929,195.723354,True,0.355,0.006,-12.8,-2.6,False,False,,,True,True,False,False,False,False,False,False,NORMAL,10.2,,False,False,False,False,False,False,NORMAL,10.2,
2930,195.790177,True,0.347,0.006,-12.1,-2.7,False,False,,,True,True,False,False,False,False,False,False,NORMAL,10.2,,False,False,False,False,False,False,NORMAL,10.2,
2931,195.857000,True,0.347,0.006,-12.1,-3.0,False,False,,,True,True,False,False,False,False,False,False,NORMAL,10.2,,False,False,False,False,False,False,NORMAL,10.2,
2932,195.923822,True,0.349,0.005,-12.4,-2.7,False,False,,,True,True,False,False,False,False,False,False,NORMAL,10.2,,False,False,False,False,False,False,NORMAL,10.2,
2933,195.990645,True,0.353,0.01,-13.7,-2.0,False,False,,,True,True,False,False,False,False,False,False,NORMAL,10.2,,False,False,False,False,False,False,NORMAL,10.2,
2934,196.057467,True,0.362,0.017,-14.5,-2.1,False,False,,,True,True,False,False,False,False,False,False,NORMAL,10.2,,False,False,False,False,False,False,NORMAL,10.2,
2935,196.124290,True,0.367,0.015,-14.8,-2.6,False,False,,,True,True,False,False,False,False,False,False,NORMAL,10.2,,False,False,False,False,False,False,NORMAL,10.2,
2936,196.191113,True,0.365,0.011,-14.3,-3.7,False,False,,,True,True,False,False,False,False,False,False,NORMAL,10.2,,False,False,False,False,False,False,NORMAL,10.2,
2937,196.257935,True,0.361,0.008,-14.0,-3.9,False,False,,,True,True,False,False,False,False,False,False,NORMAL,10.2,,False,False,False,False,False,False,NORMAL,10.2,
2938,196.324758,True,0.343,0.015,-13.9,-4.0,False,False,,,True,True,False,False,False,False,False,False,NORMAL,10.1,,False,False,False,False,False,False,NORMAL,10.1,
2939,196.391580,True,0.34,0.006,-13.5,-4.8,False,False,,,True,True,False,False,False,False,False,False,NORMAL,10.1,,False,False,False,False,False,False,NORMAL,10.1,
2940,196.458403,True,0.334,0.006,-12.5,-4.0,False,False,,,True,True,False,False,False,False,False,False,NORMAL,10.1,,False,False,False,False,False,False,NORMAL,10.1,
2941,196.525226,True,0.326,0.009,-12.3,-5.8,False,False,,,True,True,False,False,False,False,False,False,NORMAL,10.1,,False,False,False,False,False,False,NORMAL,10.1,
2942,196.592048,True,0.34,0.012,-12.6,-6.2,False,False,,,True,True,False,False,False,False,False,False,NORMAL,10.1,,False,False,False,False,False,False,NORMAL,10.1,
2943,196.658871,True,0.343,0.013,-13.8,-4.6,False,False,,,True,True,False,False,False,False,False,False,NORMAL,10.1,,False,False,False,False,False,False,NORMAL,10.1,
2944,196.725693,True,0.34,0.013,-13.7,-5.8,False,False,,,True,True,False,False,False,False,False,False,NORMAL,10.1,,False,False,False,False,False,False,NORMAL,10.1,
2945,196.792516,True,0.345,0.02,-14.7,-5.3,False,False,,,True,True,False,False,False,False,False,False,NORMAL,10.1,,False,False,False,False,False,False,NORMAL,10.1,
2946,196.859338,True,0.334,0.092,-11.5,1.8,False,False,,,True,True,False,False,False,False,False,False,NORMAL,10.1,,False,False,False,False,False,False,NORMAL,10.1,
2947,196.926161,True,0.326,0.087,-12.1,2.2,False,False,,,True,True,False,False,False,False,False,False,NORMAL,10.1,,False,False,False,False,False,False,NORMAL,10.1,
2948,196.992984,True,0.321,0.022,-12.7,2.2,False,False,,,True,True,False,False,False,False,False,False,NORMAL,10.1,,False,False,False,False,False,False,NORMAL,10.1,
2949,197.059806,True,0.324,0.009,-11.3,-0.7,False,False,,,True,True,False,False,False,False,False,False,NORMAL,10.1,,False,False,False,False,False,False,NORMAL,10.1,
2950,197.126629,True,0.332,0.009,-10.8,-1.9,False,False,,,True,True,False,False,False,False,False,False,NORMAL,10.1,,False,False,False,False,False,False,NORMAL,10.1,
2951,197.193451,True,0.344,0.009,-10.0,-2.5,False,False,,,True,True,False,False,False,False,False,False,NORMAL,10.1,,False,False,False,False,False,False,NORMAL,10.1,
2952,197.260274,True,0.344,0.01,-10.3,-3.5,False,False,,,True,True,False,False,False,False,False,False,NORMAL,10.1,,False,False,False,False,False,False,NORMAL,10.1,
2953,197.327097,True,0.349,0.013,-10.3,-3.9,False,False,,,True,True,False,False,False,False,False,False,NORMAL,10.1,,False,False,False,False,False,False,NORMAL,10.1,
2954,197.393919,True,0.344,0.019,-10.4,-3.8,False,False,,,True,True,False,False,False,False,False,False,NORMAL,10.1,,False,False,False,False,False,False,NORMAL,10.1,
2955,197.460742,True,0.348,0.019,-10.7,-4.0,False,False,,,True,True,False,False,False,False,False,False,NORMAL,10.1,,False,False,False,False,False,False,NORMAL,10.1,
2956,197.527564,True,0.341,0.022,-10.7,-4.0,False,False,,,True,True,False,False,False,False,False,False,NORMAL,10.1,,False,False,False,False,False,False,NORMAL,10.1,
2957,197.594387,True,0.338,0.044,-8.4,-4.1,False,False,,,True,True,False,False,False,False,False,False,NORMAL,10.1,,False,False,False,False,False,False,NORMAL,10.1,
2958,197.661209,True,0.344,0.035,-8.7,-4.0,False,False,,,True,True,False,False,False,False,False,False,NORMAL,10.1,,False,False,False,False,False,False,NORMAL,10.1,
2959,197.728032,True,0.346,0.04,-8.6,-4.2,False,False,,,True,True,False,False,False,False,False,False,NORMAL,10.1,,False,False,False,False,False,False,NORMAL,10.1,
2960,197.794855,True,0.346,0.036,-10.0,-4.3,False,False,,,True,True,False,False,False,False,False,False,NORMAL,10.1,,False,False,False,False,False,False,NORMAL,10.1,
2961,197.861677,True,0.351,0.025,-10.1,-3.9,False,False,,,True,True,False,False,False,False,False,False,NORMAL,10.1,,False,False,False,False,False,False,NORMAL,10.1,
2962,197.928500,True,0.346,0.03,-10.4,-4.3,False,False,,,True,True,False,False,False,False,False,False,NORMAL,10.1,,False,False,False,False,False,False,NORMAL,10.1,
2963,197.995322,True,0.368,0.014,-10.4,-3.0,False,False,,,True,True,False,False,False,False,False,False,NORMAL,10.1,,False,False,False,False,False,False,NORMAL,10.1,
2964,198.062145,True,0.373,0.007,-10.3,-2.4,False,False,,,True,True,False,False,False,False,False,False,NORMAL,10.1,,False,False,False,False,False,False,NORMAL,10.1,
2965,198.128968,True,0.37,0.006,-10.6,-1.3,False,False,,,True,True,False,False,False,False,False,False,NORMAL,10.1,,False,False,False,False,False,False,NORMAL,10.1,
2966,198.195790,True,0.347,0.01,-10.0,-2.1,False,False,,,True,True,False,False,False,False,False,False,NORMAL,10.1,,False,False,False,False,False,False,NORMAL,10.1,
2967,198.262613,True,0.344,0.009,-9.6,-3.7,False,False,,,True,True,False,False,False,False,False,False,NORMAL,10.1,,False,False,False,False,False,False,NORMAL,10.1,
2968,198.329435,True,0.342,0.008,-9.6,-3.9,False,False,,,True,True,False,False,False,False,False,False,NORMAL,10.1,,False,False,False,False,False,False,NORMAL,10.1,
2969,198.396258,True,0.334,0.01,-9.8,-5.5,False,False,,,True,True,False,False,False,False,False,False,NORMAL,10.1,,False,False,False,False,False,False,NORMAL,10.1,
2970,198.463081,True,0.352,0.011,-10.3,-6.0,False,False,,,True,True,False,False,False,False,False,False,NORMAL,10.1,,False,False,False,False,False,False,NORMAL,10.1,
2971,198.529903,True,0.375,0.008,-9.5,-6.3,False,False,,,True,True,False,False,False,False,False,False,NORMAL,10.1,,False,False,False,False,False,False,NORMAL,10.1,
2972,198.596726,True,0.388,0.008,-9.2,-5.8,False,False,,,True,True,False,False,False,False,False,False,NORMAL,10.1,,False,False,False,False,False,False,NORMAL,10.1,
2973,198.663548,True,0.378,0.009,-10.5,-3.3,False,False,,,True,True,False,False,False,False,False,False,NORMAL,10.1,,False,False,False,False,False,False,NORMAL,10.1,
2974,198.730371,True,0.336,0.012,-13.2,-5.9,False,False,,,True,True,False,False,False,False,False,False,NORMAL,10.1,,False,False,False,False,False,False,NORMAL,10.1,
2975,198.797193,True,0.345,0.012,-14.0,-6.3,False,False,,,True,True,False,False,False,False,False,False,NORMAL,10.0,,False,False,False,False,False,False,NORMAL,10.0,
2976,198.864016,False,0.0,0.0,0.0,0.0,False,False,,,True,True,False,False,False,False,False,False,NORMAL,10.0,,False,False,False,False,False,False,NORMAL,10.0,
2977,198.930839,True,0.263,0.013,-12.4,-4.2,False,False,,,True,True,False,False,False,False,False,False,NORMAL,10.0,,False,False,False,False,False,False,NORMAL,10.0,
2978,198.997661,True,0.296,0.01,-9.8,-2.4,False,False,,,True,True,False,False,False,False,False,False,NORMAL,10.0,,False,False,False,False,False,False,NORMAL,10.0,
2979,199.064484,True,0.277,0.014,-10.8,-3.2,False,False,,,True,True,False,False,False,False,False,False,NORMAL,10.0,,False,False,False,False,False,False,NORMAL,10.0,
2980,199.131306,True,0.278,0.008,-11.0,-0.4,False,False,,,True,True,False,False,False,False,False,False,NORMAL,10.0,,False,False,False,False,False,False,NORMAL,10.0,
2981,199.198129,True,0.311,0.008,-8.8,1.1,False,False,,,True,True,False,False,False,False,False,False,NORMAL,10.0,,False,False,False,False,False,False,NORMAL,10.0,
2982,199.264952,True,0.283,0.008,-10.5,-2.3,False,False,,,True,True,False,False,False,False,False,False,NORMAL,10.0,,False,False,False,False,False,False,NORMAL,10.0,
2983,199.331774,True,0.301,0.008,-12.2,-6.8,False,False,,,True,True,False,False,False,False,False,False,NORMAL,9.9,,False,False,False,False,False,False,NORMAL,9.9,
2984,199.398597,True,0.341,0.012,-9.8,-5.6,False,False,,,True,True,False,False,False,False,False,False,NORMAL,9.9,,False,False,False,False,False,False,NORMAL,9.9,
2985,199.465419,True,0.341,0.011,-9.4,-4.8,False,False,,,True,True,False,False,False,False,False,False,NORMAL,9.9,,False,False,False,False,False,False,NORMAL,9.9,
2986,199.532242,True,0.307,0.004,-9.8,-6.2,False,False,,,True,True,False,False,False,False,False,False,NORMAL,9.9,,False,False,False,False,False,False,NORMAL,9.9,
2987,199.599064,True,0.332,0.017,-9.9,-6.4,False,False,,,True,True,False,False,False,False,False,False,NORMAL,9.9,,False,False,False,False,False,False,NORMAL,9.9,
2988,199.665887,True,0.375,0.013,-8.3,-5.8,False,False,,,True,True,False,False,False,False,False,False,NORMAL,9.9,,False,False,False,False,False,False,NORMAL,9.9,
2989,199.732710,True,0.365,0.012,-8.6,-3.2,False,False,,,True,True,False,False,False,False,False,False,NORMAL,9.9,,False,False,False,False,False,False,NORMAL,9.9,
2990,199.799532,True,0.365,0.012,-8.1,-2.9,False,False,,,True,True,False,False,False,False,False,False,NORMAL,9.9,,False,False,False,False,False,False,NORMAL,9.9,
2991,199.866355,True,0.327,0.015,-10.9,-2.8,False,False,,,True,True,False,False,False,False,False,False,NORMAL,9.8,,False,False,False,False,False,False,NORMAL,9.8,
2992,199.933177,True,0.322,0.008,-10.9,-2.7,False,False,,,True,True,False,False,False,False,False,False,NORMAL,9.8,,False,False,False,False,False,False,NORMAL,9.8,
2993,200.000000,True,0.323,0.009,-10.6,-5.2,False,False,,,True,True,False,False,False,False,False,False,NORMAL,9.8,,False,False,False,False,False,False,NORMAL,9.8,
2994,200.066823,True,0.321,0.012,-10.6,-5.4,False,False,,,True,True,False,False,False,False,False,False,NORMAL,9.8,,False,False,False,False,False,False,NORMAL,9.8,
2995,200.133645,True,0.322,0.012,-12.9,-3.9,False,False,,,True,True,False,False,False,False,False,False,NORMAL,9.8,,False,False,False,False,False,False,NORMAL,9.8,
2996,200.200468,True,0.319,0.011,-13.9,-4.2,False,False,,,True,True,False,False,False,False,False,False,NORMAL,9.8,,False,False,False,False,False,False,NORMAL,9.8,
2997,200.267290,True,0.308,0.017,-15.2,-2.2,False,False,,,True,True,False,False,False,False,False,False,NORMAL,9.8,,False,False,False,False,False,False,NORMAL,9.8,
2998,200.334113,True,0.303,0.015,-15.8,-1.1,False,False,,,True,True,False,False,False,False,False,False,NORMAL,9.7,,False,False,False,False,False,False,NORMAL,9.7,
2999,200.400936,True,0.307,0.01,-15.2,-2.0,False,False,,,True,True,False,False,False,False,False,False,NORMAL,9.7,,False,False,False,False,False,False,NORMAL,9.7,
3000,200.467758,True,0.313,0.018,-13.4,-1.6,False,False,,,True,True,False,False,False,False,False,False,NORMAL,9.7,,False,False,False,False,False,False,NORMAL,9.7,
3001,200.534581,True,0.265,0.013,-13.2,-1.2,False,False,,,True,True,False,False,False,False,False,False,NORMAL,9.7,,False,False,False,False,False,False,NORMAL,9.7,
3002,200.601403,True,0.346,0.012,-13.2,1.0,False,False,,,True,True,False,False,False,False,False,False,NORMAL,9.7,,False,False,False,False,False,False,NORMAL,9.7,
3003,200.668226,True,0.322,0.017,-14.4,-0.6,False,False,,,True,True,False,False,False,False,False,False,NORMAL,9.7,,False,False,False,False,False,False,NORMAL,9.7,
3004,200.735048,True,0.349,0.007,-10.4,1.5,False,False,,,True,True,False,False,False,False,False,False,NORMAL,9.7,,False,False,False,False,False,False,NORMAL,9.7,
3005,200.801871,True,0.353,0.008,-4.7,-1.0,False,False,,,True,True,False,False,False,False,False,False,NORMAL,9.7,,False,False,False,False,False,False,NORMAL,9.7,
3006,200.868694,True,0.358,0.011,-4.3,-0.0,False,False,,,True,True,False,False,False,False,False,False,NORMAL,9.6,,False,False,False,False,False,False,NORMAL,9.6,
3007,200.935516,True,0.324,0.01,-2.9,-2.8,False,False,,,True,True,False,False,False,False,False,False,NORMAL,9.6,,False,False,False,False,False,False,NORMAL,9.6,
3008,201.002339,True,0.272,0.012,-3.8,-4.7,False,False,,,True,True,False,False,False,False,False,False,NORMAL,9.6,,False,False,False,False,False,False,NORMAL,9.6,
3009,201.069161,True,0.249,0.015,-3.7,-6.1,False,False,,,True,True,False,False,False,False,False,False,NORMAL,9.6,,False,False,False,False,False,False,NORMAL,9.6,
3010,201.135984,True,0.231,0.01,-1.7,-8.5,False,False,,,True,True,False,False,False,False,False,False,NORMAL,9.6,,False,False,False,False,False,False,NORMAL,9.6,
3011,201.202807,True,0.254,0.011,-1.0,-6.8,False,False,,,True,True,False,False,False,False,False,False,NORMAL,9.6,,False,False,False,False,False,False,NORMAL,9.6,
3012,201.269629,True,0.275,0.012,0.3,-5.1,False,False,,,True,True,False,False,False,False,False,False,NORMAL,9.6,,False,False,False,False,False,False,NORMAL,9.6,
3013,201.336452,True,0.272,0.012,0.5,-4.9,False,False,,,True,True,False,False,False,False,False,False,NORMAL,9.6,,False,False,False,False,False,False,NORMAL,9.6,
3014,201.403274,True,0.27,0.01,0.0,-4.3,False,False,,,True,True,False,False,False,False,False,False,NORMAL,9.6,,False,False,False,False,False,False,NORMAL,9.6,
3015,201.470097,True,0.231,0.019,-1.3,-5.0,False,False,,,True,True,False,False,False,False,False,False,NORMAL,9.6,,False,False,False,False,False,False,NORMAL,9.6,
3016,201.536919,True,0.25,0.011,-0.3,-3.8,False,False,,,True,True,False,False,False,False,False,False,NORMAL,9.6,,False,False,False,False,False,False,NORMAL,9.6,
3017,201.603742,True,0.272,0.016,-1.5,-4.2,False,False,,,True,True,False,False,False,False,False,False,NORMAL,9.6,,False,False,False,False,False,False,NORMAL,9.6,
3018,201.670565,True,0.261,0.008,-0.3,-3.4,False,False,,,True,True,False,False,False,False,False,False,NORMAL,9.6,,False,False,False,False,False,False,NORMAL,9.6,
3019,201.737387,True,0.264,0.01,-1.2,-5.0,False,False,,,True,True,False,False,False,False,False,False,NORMAL,9.6,,False,False,False,False,False,False,NORMAL,9.6,
3020,201.804210,True,0.259,0.01,-1.0,-5.2,False,False,,,True,True,False,False,False,False,False,False,NORMAL,9.6,,False,False,False,False,False,False,NORMAL,9.6,
3021,201.871032,True,0.281,0.007,-0.7,-4.5,False,False,,,True,True,False,False,False,False,False,False,NORMAL,9.6,,False,False,False,False,False,False,NORMAL,9.6,
3022,201.937855,True,0.258,0.016,0.3,-6.5,False,False,,,True,True,False,False,False,False,False,False,NORMAL,9.6,,False,False,False,False,False,False,NORMAL,9.6,
3023,202.004678,True,0.275,0.008,-0.5,-6.3,False,False,,,True,True,False,False,False,False,False,False,NORMAL,9.6,,False,False,False,False,False,False,NORMAL,9.6,
3024,202.071500,True,0.288,0.02,-1.6,-5.2,False,False,,,True,True,False,False,False,False,False,False,NORMAL,9.6,,False,False,False,False,False,False,NORMAL,9.6,
3025,202.138323,True,0.3,0.006,-2.0,-5.6,False,False,,,True,True,False,False,False,False,False,False,NORMAL,9.6,,False,False,False,False,False,False,NORMAL,9.6,
3026,202.205145,True,0.306,0.004,-3.9,-8.0,False,False,,,True,True,False,False,False,False,False,False,NORMAL,9.6,,False,False,False,False,False,False,NORMAL,9.6,
3027,202.271968,True,0.303,0.008,-4.8,-8.0,False,False,,,True,True,False,False,False,False,False,False,NORMAL,9.6,,False,False,False,False,False,False,NORMAL,9.6,
3028,202.338791,True,0.31,0.01,-7.2,-13.5,False,False,,,True,True,False,False,False,False,False,False,NORMAL,9.6,,False,False,False,False,False,False,NORMAL,9.6,
3029,202.405613,True,0.314,0.004,-7.5,-10.4,False,False,,,True,True,False,False,False,False,False,False,NORMAL,9.6,,False,False,False,False,False,False,NORMAL,9.6,
3030,202.472436,True,0.29,0.006,-6.3,-10.3,False,False,,,True,True,False,False,False,False,False,False,NORMAL,9.6,,False,False,False,False,False,False,NORMAL,9.6,
3031,202.539258,True,0.316,0.007,-6.4,-8.3,False,False,,,True,True,False,False,False,False,False,False,NORMAL,9.6,,False,False,False,False,False,False,NORMAL,9.6,
3032,202.606081,True,0.313,0.006,-6.8,-9.8,False,False,,,True,True,False,False,False,False,False,False,NORMAL,9.6,,False,False,False,False,False,False,NORMAL,9.6,
3033,202.672903,True,0.309,0.005,-7.0,-10.1,False,False,,,True,True,False,False,False,False,False,False,NORMAL,9.6,,False,False,False,False,False,False,NORMAL,9.6,
3034,202.739726,True,0.304,0.005,-8.1,-9.5,False,False,,,True,True,False,False,False,False,False,False,NORMAL,9.5,,False,False,False,False,False,False,NORMAL,9.5,
3035,202.806549,True,0.307,0.008,-8.2,-8.0,False,False,,,True,True,False,False,False,False,False,False,NORMAL,9.5,,False,False,False,False,False,False,NORMAL,9.5,
3036,202.873371,True,0.305,0.005,-7.7,-5.9,False,False,,,True,True,False,False,False,False,False,False,NORMAL,9.5,,False,False,False,False,False,False,NORMAL,9.5,
3037,202.940194,True,0.31,0.006,-8.3,-5.4,False,False,,,True,True,False,False,False,False,False,False,NORMAL,9.5,,False,False,False,False,False,False,NORMAL,9.5,
3038,203.007016,True,0.33,0.006,-7.8,-5.7,False,False,,,True,True,False,False,False,False,False,False,NORMAL,9.5,,False,False,False,False,False,False,NORMAL,9.5,
3039,203.073839,True,0.333,0.004,-7.8,-5.2,False,False,,,True,True,False,False,False,False,False,False,NORMAL,9.5,,False,False,False,False,False,False,NORMAL,9.5,
3040,203.140662,True,0.333,0.01,-8.1,-5.3,False,False,,,True,True,False,False,False,False,False,False,NORMAL,9.5,,False,False,False,False,False,False,NORMAL,9.5,
3041,203.207484,True,0.332,0.009,-8.3,-5.7,False,False,,,True,True,False,False,False,False,False,False,NORMAL,9.5,,False,False,False,False,False,False,NORMAL,9.5,
3042,203.274307,True,0.348,0.009,-8.3,-5.7,False,False,,,True,True,False,False,False,False,False,False,NORMAL,9.5,,False,False,False,False,False,False,NORMAL,9.5,
3043,203.341129,True,0.328,0.023,-9.9,-7.8,False,False,,,True,True,False,False,False,False,False,False,NORMAL,9.5,,False,False,False,False,False,False,NORMAL,9.5,
3044,203.407952,True,0.322,0.019,-10.2,-6.6,False,False,,,True,True,False,False,False,False,False,False,NORMAL,9.5,,False,False,False,False,False,False,NORMAL,9.5,
3045,203.474774,True,0.341,0.018,-11.0,-5.6,False,False,,,True,True,False,False,False,False,False,False,NORMAL,9.5,,False,False,False,False,False,False,NORMAL,9.5,
3046,203.541597,True,0.341,0.014,-10.9,-5.8,False,False,,,True,True,False,False,False,False,False,False,NORMAL,9.5,,False,False,False,False,False,False,NORMAL,9.5,
3047,203.608420,True,0.332,0.011,-10.9,-5.9,False,False,,,True,True,False,False,False,False,False,False,NORMAL,9.5,,False,False,False,False,False,False,NORMAL,9.5,
3048,203.675242,True,0.33,0.011,-11.6,-5.0,False,False,,,True,True,False,False,False,False,False,False,NORMAL,9.5,,False,False,False,False,False,False,NORMAL,9.5,
3049,203.742065,True,0.334,0.01,-11.9,-5.4,False,False,,,True,True,False,False,False,False,False,False,NORMAL,9.5,,False,False,False,False,False,False,NORMAL,9.5,
3050,203.808887,True,0.346,0.014,-11.9,-4.3,False,False,,,True,True,False,False,False,False,False,False,NORMAL,9.4,,False,False,False,False,False,False,NORMAL,9.4,
3051,203.875710,True,0.35,0.008,-12.0,-4.6,False,False,,,True,True,False,False,False,False,False,False,NORMAL,9.4,,False,False,False,False,False,False,NORMAL,9.4,
3052,203.942533,True,0.355,0.012,-12.6,-5.6,False,False,,,True,True,False,False,False,False,False,False,NORMAL,9.4,,False,False,False,False,False,False,NORMAL,9.4,
3053,204.009355,True,0.361,0.006,-12.7,-6.0,False,False,,,True,True,False,False,False,False,False,False,NORMAL,9.4,,False,False,False,False,False,False,NORMAL,9.4,
3054,204.076178,True,0.362,0.006,-12.5,-6.0,False,False,,,True,True,False,False,False,False,False,False,NORMAL,9.4,,False,False,False,False,False,False,NORMAL,9.4,
3055,204.143000,True,0.361,0.003,-13.7,-5.1,False,False,,,True,True,False,False,False,False,False,False,NORMAL,9.4,,False,False,False,False,False,False,NORMAL,9.4,
3056,204.209823,True,0.342,0.012,-12.8,0.7,False,False,,,True,True,False,False,False,False,False,False,NORMAL,9.4,,False,False,False,False,False,False,NORMAL,9.4,
3057,204.276646,True,0.343,0.023,-11.2,2.5,False,False,,,True,True,False,False,False,False,False,False,NORMAL,9.4,,False,False,False,False,False,False,NORMAL,9.4,
3058,204.343468,True,0.339,0.022,-9.2,3.2,False,False,,,True,True,False,False,False,False,False,False,NORMAL,9.3,,False,False,False,False,False,False,NORMAL,9.3,
3059,204.410291,True,0.345,0.026,-10.1,2.4,False,False,,,True,True,False,False,False,False,False,False,NORMAL,9.3,,False,False,False,False,False,False,NORMAL,9.3,
3060,204.477113,True,0.342,0.034,-10.0,3.8,False,False,,,True,True,False,False,False,False,False,False,NORMAL,9.3,,False,False,False,False,False,False,NORMAL,9.3,
3061,204.543936,True,0.334,0.039,-9.3,3.5,False,False,,,True,True,False,False,False,False,False,False,NORMAL,9.3,,False,False,False,False,False,False,NORMAL,9.3,
3062,204.610758,True,0.318,0.06,-8.4,4.7,False,False,,,True,True,False,False,False,False,False,False,NORMAL,9.3,,False,False,False,False,False,False,NORMAL,9.3,
3063,204.677581,True,0.309,0.059,-8.8,4.0,False,False,,,True,True,False,False,False,False,False,False,NORMAL,9.3,,False,False,False,False,False,False,NORMAL,9.3,
3064,204.744404,True,0.276,0.032,-6.4,2.5,False,False,,,True,True,False,False,False,False,False,False,NORMAL,9.3,,False,False,False,False,False,False,NORMAL,9.3,
3065,204.811226,True,0.294,0.036,-6.0,0.2,False,False,,,True,True,False,False,False,False,False,False,NORMAL,9.3,,False,False,False,False,False,False,NORMAL,9.3,
3066,204.878049,True,0.276,0.02,-5.4,-0.5,False,False,,,True,True,False,False,False,False,False,False,NORMAL,9.2,,False,False,False,False,False,False,NORMAL,9.2,
3067,204.944871,True,0.289,0.026,-6.9,-1.6,False,False,,,True,True,False,False,False,False,False,False,NORMAL,9.2,,False,False,False,False,False,False,NORMAL,9.2,
3068,205.011694,True,0.287,0.03,-8.2,-2.3,False,False,,,True,True,False,False,False,False,False,False,NORMAL,9.2,,False,False,False,False,False,False,NORMAL,9.2,
3069,205.078517,True,0.292,0.025,-7.5,-1.9,False,False,,,True,True,False,False,False,False,False,False,NORMAL,9.2,,False,False,False,False,False,False,NORMAL,9.2,
3070,205.145339,True,0.293,0.036,-6.8,-2.0,False,False,,,True,True,False,False,False,False,False,False,NORMAL,9.2,,False,False,False,False,False,False,NORMAL,9.2,
3071,205.212162,True,0.298,0.022,-7.7,-1.9,False,False,,,True,True,False,False,False,False,False,False,NORMAL,9.2,,False,False,False,False,False,False,NORMAL,9.2,
3072,205.278984,True,0.293,0.018,-7.2,0.2,False,False,,,True,True,False,False,False,False,False,False,NORMAL,9.2,,False,False,False,False,False,False,NORMAL,9.2,
3073,205.345807,True,0.294,0.016,-7.4,1.6,False,False,,,True,True,False,False,False,False,False,False,NORMAL,9.2,,False,False,False,False,False,False,NORMAL,9.2,
3074,205.412629,True,0.313,0.026,-5.3,5.2,False,False,,,True,True,False,False,False,False,False,False,NORMAL,9.2,,False,False,False,False,False,False,NORMAL,9.2,
3075,205.479452,True,0.304,0.035,-5.4,4.5,False,False,,,True,True,False,False,False,False,False,False,NORMAL,9.1,,False,False,False,False,False,False,NORMAL,9.1,
3076,205.546275,True,0.305,0.03,-6.0,3.8,False,False,,,True,True,False,False,False,False,False,False,NORMAL,9.1,,False,False,False,False,False,False,NORMAL,9.1,
3077,205.613097,True,0.34,0.026,-5.5,2.5,False,False,,,True,True,False,False,False,False,False,False,NORMAL,9.1,,False,False,False,False,False,False,NORMAL,9.1,
3078,205.679920,True,0.347,0.016,-4.8,1.4,False,False,,,True,True,False,False,False,False,False,False,NORMAL,9.1,,False,False,False,False,False,False,NORMAL,9.1,
3079,205.746742,True,0.36,0.007,-7.2,-1.3,False,False,,,True,True,False,False,False,False,False,False,NORMAL,9.1,,False,False,False,False,False,False,NORMAL,9.1,
3080,205.813565,True,0.384,0.006,-8.6,-2.8,False,False,,,True,True,False,False,False,False,False,False,NORMAL,9.1,,False,False,False,False,False,False,NORMAL,9.1,
3081,205.880388,True,0.391,0.005,-7.9,-3.9,False,False,,,True,True,False,False,False,False,False,False,NORMAL,9.1,,False,False,False,False,False,False,NORMAL,9.1,
3082,205.947210,True,0.384,0.006,-7.9,-4.5,False,False,,,True,True,False,False,False,False,False,False,NORMAL,9.1,,False,False,False,False,False,False,NORMAL,9.1,
3083,206.014033,True,0.386,0.005,-7.6,-4.4,False,False,,,True,True,False,False,False,False,False,False,NORMAL,9.1,,False,False,False,False,False,False,NORMAL,9.1,
3084,206.080855,True,0.385,0.005,-8.1,-5.0,False,False,,,True,True,False,False,False,False,False,False,NORMAL,9.1,,False,False,False,False,False,False,NORMAL,9.1,
3085,206.147678,True,0.4,0.005,-8.2,-4.6,False,False,,,True,True,False,False,False,False,False,False,NORMAL,9.1,,False,False,False,False,False,False,NORMAL,9.1,
3086,206.214501,True,0.404,0.003,-7.4,-4.1,False,False,,,True,True,False,False,False,False,False,False,NORMAL,9.0,,False,False,False,False,False,False,NORMAL,9.0,
3087,206.281323,True,0.404,0.003,-6.9,-3.8,False,False,,,True,True,False,False,False,False,False,False,NORMAL,9.0,,False,False,False,False,False,False,NORMAL,9.0,
3088,206.348146,True,0.402,0.008,-6.9,-4.2,False,False,,,True,True,False,False,False,False,False,False,NORMAL,9.0,,False,False,False,False,False,False,NORMAL,9.0,
3089,206.414968,True,0.391,0.005,-7.5,-3.6,False,False,,,True,True,False,False,False,False,False,False,NORMAL,9.0,,False,False,False,False,False,False,NORMAL,9.0,
3090,206.481791,True,0.382,0.006,-7.6,-3.1,False,False,,,True,True,False,False,False,False,False,False,NORMAL,9.0,,False,False,False,False,False,False,NORMAL,9.0,
3091,206.548613,True,0.38,0.003,-7.4,-3.4,False,False,,,True,True,False,False,False,False,False,False,NORMAL,9.0,,False,False,False,False,False,False,NORMAL,9.0,
3092,206.615436,True,0.374,0.003,-7.0,-3.4,False,False,,,True,True,False,False,False,False,False,False,NORMAL,9.0,,False,False,False,False,False,False,NORMAL,9.0,
3093,206.682259,True,0.372,0.005,-6.3,-3.7,False,False,,,True,True,False,False,False,False,False,False,NORMAL,9.0,,False,False,False,False,False,False,NORMAL,9.0,
3094,206.749081,True,0.378,0.02,-5.7,-2.8,False,False,,,True,True,False,False,False,False,False,False,NORMAL,9.0,,False,False,False,False,False,False,NORMAL,9.0,
3095,206.815904,True,0.379,0.027,-5.6,-2.6,False,False,,,True,True,False,False,False,False,False,False,NORMAL,8.9,,False,False,False,False,False,False,NORMAL,8.9,
3096,206.882726,True,0.379,0.042,-5.1,-3.0,False,False,,,True,True,False,False,False,False,False,False,NORMAL,8.9,,False,False,False,False,False,False,NORMAL,8.9,
3097,206.949549,True,0.373,0.004,-5.7,-3.6,False,False,,,True,True,False,False,False,False,False,False,NORMAL,8.9,,False,False,False,False,False,False,NORMAL,8.9,
3098,207.016372,True,0.358,0.005,-5.6,-3.8,False,False,,,True,True,False,False,False,False,False,False,NORMAL,8.9,,False,False,False,False,False,False,NORMAL,8.9,
3099,207.083194,True,0.351,0.006,-6.5,-4.2,False,False,,,True,True,False,False,False,False,False,False,NORMAL,8.9,,False,False,False,False,False,False,NORMAL,8.9,
3100,207.150017,True,0.365,0.005,-6.2,-4.5,False,False,,,True,True,False,False,False,False,False,False,NORMAL,8.9,,False,False,False,False,False,False,NORMAL,8.9,
3101,207.216839,True,0.293,0.013,-6.5,-12.1,False,False,,,True,True,False,False,False,False,False,False,NORMAL,8.9,,False,False,False,False,False,False,NORMAL,8.9,
3102,207.283662,True,0.281,0.011,-5.8,-11.2,False,False,,,True,True,False,False,False,False,False,False,NORMAL,8.9,,False,False,False,False,False,False,NORMAL,8.9,
3103,207.350484,True,0.288,0.013,-6.8,-16.7,False,False,,,True,True,False,False,False,False,False,False,NORMAL,8.9,,False,False,False,False,False,False,NORMAL,8.9,
3104,207.417307,True,0.32,0.012,-5.9,-12.2,False,False,,,True,True,False,False,False,False,False,False,NORMAL,8.9,,False,False,False,False,False,False,NORMAL,8.9,
3105,207.484130,True,0.314,0.013,-5.2,-13.0,False,False,,,True,True,False,False,False,False,False,False,NORMAL,8.8,,False,False,False,False,False,False,NORMAL,8.8,
3106,207.550952,True,0.321,0.017,-5.4,-13.3,False,False,,,True,True,False,False,False,False,False,False,NORMAL,8.8,,False,False,False,False,False,False,NORMAL,8.8,
3107,207.617775,True,0.285,0.016,-5.7,-13.5,False,False,,,True,True,False,False,False,False,False,False,NORMAL,8.8,,False,False,False,False,False,False,NORMAL,8.8,
3108,207.684597,True,0.307,0.027,-5.9,-12.4,False,False,,,True,True,False,False,False,False,False,False,NORMAL,8.8,,False,False,False,False,False,False,NORMAL,8.8,
3109,207.751420,True,0.31,0.028,-6.7,-12.8,False,False,,,True,True,False,False,False,False,False,False,NORMAL,8.8,,False,False,False,False,False,False,NORMAL,8.8,
3110,207.818243,True,0.325,0.03,-6.2,-11.3,False,False,,,True,True,False,False,False,False,False,False,NORMAL,8.8,,False,False,False,False,False,False,NORMAL,8.8,
3111,207.885065,True,0.323,0.029,-6.0,-11.2,False,False,,,True,True,False,False,False,False,False,False,NORMAL,8.8,,False,False,False,False,False,False,NORMAL,8.8,
3112,207.951888,True,0.329,0.031,-5.5,-11.4,False,False,,,True,True,False,False,False,False,False,False,NORMAL,8.8,,False,False,False,False,False,False,NORMAL,8.8,
3113,208.018710,True,0.305,0.038,-4.6,-13.9,False,False,,,True,True,False,False,False,False,False,False,NORMAL,8.8,,False,False,False,False,False,False,NORMAL,8.8,
3114,208.085533,True,0.31,0.031,-4.2,-13.8,False,False,,,True,True,False,False,False,False,False,False,NORMAL,8.7,,False,False,False,False,False,False,NORMAL,8.7,
3115,208.152355,True,0.312,0.017,-3.3,-14.2,False,False,,,True,True,False,False,False,False,False,False,NORMAL,8.7,,False,False,False,False,False,False,NORMAL,8.7,
3116,208.219178,True,0.326,0.015,-2.2,-13.6,False,False,,,True,True,False,False,False,False,False,False,NORMAL,8.7,,False,False,False,False,False,False,NORMAL,8.7,
3117,208.286001,True,0.321,0.02,-2.0,-13.8,False,False,,,True,True,False,False,False,False,False,False,NORMAL,8.7,,False,False,False,False,False,False,NORMAL,8.7,
3118,208.352823,True,0.333,0.01,-2.6,-13.2,False,False,,,True,True,False,False,False,False,False,False,NORMAL,8.7,,False,False,False,False,False,False,NORMAL,8.7,
3119,208.419646,True,0.341,0.015,-2.2,-13.2,False,False,,,True,True,False,False,False,False,False,False,NORMAL,8.7,,False,False,False,False,False,False,NORMAL,8.7,
3120,208.486468,True,0.339,0.006,-1.6,-12.3,False,False,,,True,True,False,False,False,False,False,False,NORMAL,8.7,,False,False,False,False,False,False,NORMAL,8.7,
3121,208.553291,True,0.35,0.108,-0.9,-12.2,False,False,,,True,True,False,False,False,False,False,False,NORMAL,8.7,,False,False,False,False,False,False,NORMAL,8.7,
3122,208.620114,True,0.363,0.177,-0.3,-12.2,False,False,,,True,True,False,False,False,False,False,False,NORMAL,8.7,,False,False,False,False,False,False,NORMAL,8.7,
3123,208.686936,True,0.355,0.163,0.2,-13.2,False,False,,,True,True,False,False,False,False,False,False,NORMAL,8.7,,False,False,False,False,False,False,NORMAL,8.7,
3124,208.753759,True,0.344,0.064,-0.6,-12.6,False,False,,,True,True,False,False,False,False,False,False,NORMAL,8.7,,False,False,False,False,False,False,NORMAL,8.7,
3125,208.820581,True,0.333,0.017,0.5,-10.8,False,False,,,True,True,False,False,False,False,False,False,NORMAL,8.7,,False,False,False,False,False,False,NORMAL,8.7,
3126,208.887404,True,0.337,0.021,0.6,-11.3,False,False,,,True,True,False,False,False,False,False,False,NORMAL,8.7,,False,False,False,False,False,False,NORMAL,8.7,
3127,208.954227,True,0.339,0.016,-1.1,-10.0,False,False,,,True,True,False,False,False,False,False,False,NORMAL,8.7,,False,False,False,False,False,False,NORMAL,8.7,
3128,209.021049,True,0.326,0.011,-3.8,-8.4,False,False,,,True,True,False,False,False,False,False,False,NORMAL,8.7,,False,False,False,False,False,False,NORMAL,8.7,
3129,209.087872,True,0.328,0.01,-6.2,-7.6,False,False,,,True,True,False,False,False,False,False,False,NORMAL,8.7,,False,False,False,False,False,False,NORMAL,8.7,
3130,209.154694,True,0.326,0.008,-6.0,-8.5,False,False,,,True,True,False,False,False,False,False,False,NORMAL,8.7,,False,False,False,False,False,False,NORMAL,8.7,
3131,209.221517,True,0.322,0.035,-4.6,-8.3,False,False,,,True,True,False,False,False,False,False,False,NORMAL,8.7,,False,False,False,False,False,False,NORMAL,8.7,
3132,209.288339,True,0.333,0.039,-4.1,-8.0,False,False,,,True,True,False,False,False,False,False,False,NORMAL,8.7,,False,False,False,False,False,False,NORMAL,8.7,
3133,209.355162,True,0.322,0.035,-3.3,-8.6,False,False,,,True,True,False,False,False,False,False,False,NORMAL,8.7,,False,False,False,False,False,False,NORMAL,8.7,
3134,209.421985,True,0.319,0.025,-2.4,-10.3,False,False,,,True,True,False,False,False,False,False,False,NORMAL,8.7,,False,False,False,False,False,False,NORMAL,8.7,
3135,209.488807,True,0.316,0.014,-2.4,-11.1,False,False,,,True,True,False,False,False,False,False,False,NORMAL,8.7,,False,False,False,False,False,False,NORMAL,8.7,
3136,209.555630,True,0.312,0.013,-3.9,-9.4,False,False,,,True,True,False,False,False,False,False,False,NORMAL,8.7,,False,False,False,False,False,False,NORMAL,8.7,
3137,209.622452,True,0.302,0.01,-3.3,-7.4,False,False,,,True,True,False,False,False,False,False,False,NORMAL,8.7,,False,False,False,False,False,False,NORMAL,8.7,
3138,209.689275,True,0.305,0.011,-2.6,-5.0,False,False,,,True,True,False,False,False,False,False,False,NORMAL,8.5,,False,False,False,False,False,False,NORMAL,8.5,
3139,209.756098,True,0.306,0.02,-1.8,-4.4,False,False,,,True,True,False,False,False,False,False,False,NORMAL,8.4,,False,False,False,False,False,False,NORMAL,8.4,
3140,209.822920,True,0.319,0.014,-4.0,-3.7,False,False,,,True,True,False,False,False,False,False,False,NORMAL,8.4,,False,False,False,False,False,False,NORMAL,8.4,
3141,209.889743,True,0.318,0.017,-5.5,-4.3,False,False,,,True,True,False,False,False,False,False,False,NORMAL,8.4,,False,False,False,False,False,False,NORMAL,8.4,
3142,209.956565,True,0.311,0.013,-6.5,-5.9,False,False,,,True,True,False,False,False,False,False,False,NORMAL,8.4,,False,False,False,False,False,False,NORMAL,8.4,
3143,210.023388,True,0.306,0.011,-7.0,-6.8,False,False,,,True,True,False,False,False,False,False,False,NORMAL,8.4,,False,False,False,False,False,False,NORMAL,8.4,
3144,210.090210,True,0.292,0.012,-7.6,-7.7,False,False,,,True,True,False,False,False,False,False,False,NORMAL,8.4,,False,False,False,False,False,False,NORMAL,8.4,
3145,210.157033,True,0.28,0.008,-7.0,-8.1,False,False,,,True,True,False,False,False,False,False,False,NORMAL,8.4,,False,False,False,False,False,False,NORMAL,8.4,
3146,210.223856,True,0.286,0.007,-8.2,-6.7,False,False,,,True,True,False,False,False,False,False,False,NORMAL,8.4,,False,False,False,False,False,False,NORMAL,8.4,
3147,210.290678,True,0.29,0.007,-9.5,-7.2,False,False,,,True,True,False,False,False,False,False,False,NORMAL,8.4,,False,False,False,False,False,False,NORMAL,8.4,
3148,210.357501,True,0.297,0.008,-8.8,-7.8,False,False,,,True,True,False,False,False,False,False,False,NORMAL,8.4,,False,False,False,False,False,False,NORMAL,8.4,
3149,210.424323,True,0.291,0.008,-9.0,-7.5,False,False,,,True,True,False,False,False,False,False,False,NORMAL,8.2,,False,False,False,False,False,False,NORMAL,8.2,
3150,210.491146,True,0.297,0.007,-8.8,-7.6,False,False,,,True,True,False,False,False,False,False,False,NORMAL,8.2,,False,False,False,False,False,False,NORMAL,8.2,
3151,210.557969,True,0.297,0.006,-5.1,-5.6,False,False,,,True,True,False,False,False,False,False,False,NORMAL,8.2,,False,False,False,False,False,False,NORMAL,8.2,
3152,210.624791,True,0.301,0.004,-5.1,-6.9,False,False,,,True,True,False,False,False,False,False,False,NORMAL,8.2,,False,False,False,False,False,False,NORMAL,8.2,
3153,210.691614,True,0.312,0.008,-5.0,-6.6,False,False,,,True,True,False,False,False,False,False,False,NORMAL,8.1,,False,False,False,False,False,False,NORMAL,8.1,
3154,210.758436,True,0.315,0.011,-5.3,-7.6,False,False,,,True,True,False,False,False,False,False,False,NORMAL,8.1,,False,False,False,False,False,False,NORMAL,8.1,
3155,210.825259,True,0.315,0.009,-4.8,-6.9,False,False,,,True,True,False,False,False,False,False,False,NORMAL,8.1,,False,False,False,False,False,False,NORMAL,8.1,
3156,210.892082,True,0.31,0.007,-4.9,-6.8,False,False,,,True,True,False,False,False,False,False,False,NORMAL,8.1,,False,False,False,False,False,False,NORMAL,8.1,
3157,210.958904,True,0.304,0.011,-3.9,-6.9,False,False,,,True,True,False,False,False,False,False,False,NORMAL,8.1,,False,False,False,False,False,False,NORMAL,8.1,
3158,211.025727,True,0.307,0.009,-2.0,-5.7,False,False,,,True,True,False,False,False,False,False,False,NORMAL,8.1,,False,False,False,False,False,False,NORMAL,8.1,
3159,211.092549,True,0.306,0.008,-2.5,-5.4,False,False,,,True,True,False,False,False,False,False,False,NORMAL,8.1,,False,False,False,False,False,False,NORMAL,8.1,
3160,211.159372,True,0.306,0.008,-2.2,-4.1,False,False,,,True,True,False,False,False,False,False,False,NORMAL,8.1,,False,False,False,False,False,False,NORMAL,8.1,
3161,211.226194,True,0.315,0.011,-0.4,-3.9,False,False,,,True,True,False,False,False,False,False,False,NORMAL,8.1,,False,False,False,False,False,False,NORMAL,8.1,
3162,211.293017,True,0.31,0.008,0.2,-3.6,False,False,,,True,True,False,False,False,False,False,False,NORMAL,8.1,,False,False,False,False,False,False,NORMAL,8.1,
3163,211.359840,True,0.311,0.009,0.8,-10.2,False,False,,,True,True,False,False,False,False,False,False,NORMAL,8.1,,False,False,False,False,False,False,NORMAL,8.1,
3164,211.426662,True,0.322,0.01,-1.5,-16.1,False,False,,,True,True,False,False,False,False,False,False,NORMAL,8.1,,False,False,False,False,False,False,NORMAL,8.1,
3165,211.493485,True,0.318,0.004,-1.3,-14.9,False,False,,,True,True,False,False,False,False,False,False,NORMAL,8.1,,False,False,False,False,False,False,NORMAL,8.1,
3166,211.560307,True,0.34,0.153,-4.4,-16.4,False,False,,,True,True,False,False,False,False,False,False,NORMAL,8.1,,False,False,False,False,False,False,NORMAL,8.1,
3167,211.627130,True,0.362,0.179,-6.1,-15.3,False,False,,,True,True,False,False,False,False,False,False,NORMAL,8.1,,False,False,False,False,False,False,NORMAL,8.1,
3168,211.693953,True,0.365,0.163,-6.5,-16.1,False,False,,,True,True,False,False,False,False,False,False,NORMAL,8.1,,False,False,False,False,False,False,NORMAL,8.1,
3169,211.760775,True,0.361,0.141,-7.0,-16.4,False,False,,,True,True,False,False,False,False,False,False,NORMAL,8.1,,False,False,False,False,False,False,NORMAL,8.1,
3170,211.827598,True,0.349,0.152,-7.0,-17.2,False,False,,,True,True,False,False,False,False,False,False,NORMAL,7.9,,False,False,False,False,False,False,NORMAL,7.9,
3171,211.894420,True,0.343,0.158,-6.7,-17.5,False,False,,,True,True,False,False,False,False,False,False,NORMAL,7.8,,False,False,False,False,False,False,NORMAL,7.8,
3172,211.961243,True,0.356,0.093,-6.8,-17.8,False,False,,,True,True,False,False,False,False,False,False,NORMAL,7.6,,False,False,False,False,False,False,NORMAL,7.6,
3173,212.028065,True,0.357,0.071,-7.1,-17.9,False,False,,,True,True,False,False,False,False,False,False,NORMAL,7.6,,False,False,False,False,False,False,NORMAL,7.6,
3174,212.094888,True,0.354,0.063,-7.4,-17.4,False,False,,,True,True,False,False,False,False,False,False,NORMAL,7.6,,False,False,False,False,False,False,NORMAL,7.6,
3175,212.161711,True,0.359,0.055,-7.9,-17.0,False,False,,,True,True,False,False,False,False,False,False,NORMAL,7.6,,False,False,False,False,False,False,NORMAL,7.6,
3176,212.228533,True,0.361,0.03,-8.5,-16.6,False,False,,,True,True,False,False,False,False,False,False,NORMAL,7.5,,False,False,False,False,False,False,NORMAL,7.5,
3177,212.295356,True,0.369,0.023,-9.3,-16.1,False,False,,,True,True,False,False,False,False,False,False,NORMAL,7.3,,False,False,False,False,False,False,NORMAL,7.3,
3178,212.362178,True,0.373,0.013,-9.8,-15.5,False,False,,,True,True,False,False,False,False,False,False,NORMAL,7.2,,False,False,False,False,False,False,NORMAL,7.2,
3179,212.429001,True,0.374,0.008,-9.7,-14.9,False,False,,,True,True,False,False,False,False,False,False,NORMAL,7.2,,False,False,False,False,False,False,NORMAL,7.2,
3180,212.495824,True,0.374,0.008,-10.0,-14.3,False,False,,,True,True,False,False,False,False,False,False,NORMAL,7.2,,False,False,False,False,False,False,NORMAL,7.2,
3181,212.562646,True,0.361,0.009,-9.7,-13.6,False,False,,,True,True,False,False,False,False,False,False,NORMAL,7.2,,False,False,False,False,False,False,NORMAL,7.2,
3182,212.629469,True,0.34,0.016,-9.3,-12.9,False,False,,,True,True,False,False,False,False,False,False,NORMAL,7.2,,False,False,False,False,False,False,NORMAL,7.2,
3183,212.696291,True,0.351,0.02,-9.6,-12.7,False,False,,,True,True,False,False,False,False,False,False,NORMAL,7.2,,False,False,False,False,False,False,NORMAL,7.2,
3184,212.763114,True,0.3,0.023,-7.3,-13.0,False,False,,,True,True,False,False,False,False,False,False,NORMAL,7.2,,False,False,False,False,False,False,NORMAL,7.2,
3185,212.829937,True,0.321,0.02,-5.3,-9.4,False,False,,,True,True,False,False,False,False,False,False,NORMAL,7.2,,False,False,False,False,False,False,NORMAL,7.2,
3186,212.896759,True,0.328,0.014,-5.2,-8.3,False,False,,,True,True,False,False,False,False,False,False,NORMAL,7.2,,False,False,False,False,False,False,NORMAL,7.2,
3187,212.963582,True,0.335,0.018,-4.7,-7.9,False,False,,,True,True,False,False,False,False,False,False,NORMAL,7.2,,False,False,False,False,False,False,NORMAL,7.2,
3188,213.030404,True,0.35,0.026,-5.9,-7.6,False,False,,,True,True,False,False,False,False,False,False,NORMAL,7.2,,False,False,False,False,False,False,NORMAL,7.2,
3189,213.097227,True,0.339,0.025,-5.7,-6.0,False,False,,,True,True,False,False,False,False,False,False,NORMAL,7.2,,False,False,False,False,False,False,NORMAL,7.2,
3190,213.164049,True,0.35,0.045,-4.9,-5.6,False,False,,,True,True,False,False,False,False,False,False,NORMAL,7.2,,False,False,False,False,False,False,NORMAL,7.2,
3191,213.230872,True,0.352,0.07,-4.4,-6.2,False,False,,,True,True,False,False,False,False,False,False,NORMAL,7.2,,False,False,False,False,False,False,NORMAL,7.2,
3192,213.297695,True,0.355,0.102,-4.8,-5.8,False,False,,,True,True,False,False,False,False,False,False,NORMAL,7.2,,False,False,False,False,False,False,NORMAL,7.2,
3193,213.364517,True,0.348,0.035,-4.9,-5.7,False,False,,,True,True,False,False,False,False,False,False,NORMAL,7.2,,False,False,False,False,False,False,NORMAL,7.2,
3194,213.431340,True,0.348,0.062,-5.6,-5.2,False,False,,,True,True,False,False,False,False,False,False,NORMAL,7.2,,False,False,False,False,False,False,NORMAL,7.2,
3195,213.498162,True,0.37,0.014,-5.7,-3.8,False,False,,,True,True,False,False,False,False,False,False,NORMAL,7.2,,False,False,False,False,False,False,NORMAL,7.2,
3196,213.564985,True,0.368,0.017,-6.1,-3.3,False,False,,,True,True,False,False,False,False,False,False,NORMAL,7.2,,False,False,False,False,False,False,NORMAL,7.2,
3197,213.631808,True,0.371,0.008,-6.7,-2.3,False,False,,,True,True,False,False,False,False,False,False,NORMAL,7.2,,False,False,False,False,False,False,NORMAL,7.2,
3198,213.698630,True,0.353,0.006,-6.3,-2.5,False,False,,,True,True,False,False,False,False,False,False,NORMAL,7.2,,False,False,False,False,False,False,NORMAL,7.2,
3199,213.765453,True,0.36,0.004,-5.8,-1.6,False,False,,,True,True,False,False,False,False,False,False,NORMAL,7.2,,False,False,False,False,False,False,NORMAL,7.2,
3200,213.832275,True,0.36,0.005,-7.2,-1.4,False,False,,,True,True,False,False,False,False,False,False,NORMAL,7.2,,False,False,False,False,False,False,NORMAL,7.2,
3201,213.899098,True,0.354,0.009,-6.8,-2.7,False,False,,,True,True,False,False,False,False,False,False,NORMAL,7.2,,False,False,False,False,False,False,NORMAL,7.2,
3202,213.965920,True,0.371,0.006,-6.6,-3.2,False,False,,,True,True,False,False,False,False,False,False,NORMAL,7.2,,False,False,False,False,False,False,NORMAL,7.2,
3203,214.032743,True,0.362,0.013,-9.1,-5.8,False,False,,,True,True,False,False,False,False,False,False,NORMAL,7.2,,False,False,False,False,False,False,NORMAL,7.2,
3204,214.099566,True,0.352,0.011,-9.7,-6.7,False,False,,,True,True,False,False,False,False,False,False,NORMAL,7.2,,False,False,False,False,False,False,NORMAL,7.2,
3205,214.166388,True,0.203,0.008,-11.6,-4.3,False,False,,,True,True,False,False,False,False,False,False,NORMAL,7.2,,False,False,False,False,False,False,NORMAL,7.2,
3206,214.233211,True,0.17,0.004,-13.2,-2.6,False,False,,,True,True,False,False,False,False,False,False,NORMAL,7.4,,False,False,False,False,False,False,NORMAL,7.4,
3207,214.300033,True,0.14,0.009,-12.8,-3.7,False,False,,,True,True,False,False,False,False,False,False,NORMAL,7.6,,False,False,False,False,False,False,NORMAL,7.6,
3208,214.366856,True,0.347,0.015,-14.0,-1.4,False,False,,,True,True,False,False,False,False,False,False,NORMAL,7.6,,False,False,False,False,False,False,NORMAL,7.6,
3209,214.433679,True,0.346,0.009,-13.2,-2.1,False,False,,,True,True,False,False,False,False,False,False,NORMAL,7.6,,False,False,False,False,False,False,NORMAL,7.6,
3210,214.500501,True,0.347,0.007,-12.9,-2.0,False,False,,,True,True,False,False,False,False,False,False,NORMAL,7.6,,False,False,False,False,False,False,NORMAL,7.6,
3211,214.567324,True,0.355,0.008,-13.8,-1.1,False,False,,,True,True,False,False,False,False,False,False,NORMAL,7.6,,False,False,False,False,False,False,NORMAL,7.6,
3212,214.634146,True,0.396,0.006,-13.4,-1.5,False,False,,,True,True,False,False,False,False,False,False,NORMAL,7.6,,False,False,False,False,False,False,NORMAL,7.6,
3213,214.700969,True,0.39,0.005,-14.0,-1.8,False,False,,,True,True,False,False,False,False,False,False,NORMAL,7.6,,False,False,False,False,False,False,NORMAL,7.6,
3214,214.767792,True,0.374,0.006,-15.0,-3.2,False,False,,,True,True,False,False,False,False,False,False,NORMAL,7.6,,False,False,False,False,False,False,NORMAL,7.6,
3215,214.834614,True,0.362,0.006,-15.3,-5.6,False,False,,,True,True,False,False,False,False,False,False,NORMAL,7.6,,False,False,False,False,False,False,NORMAL,7.6,
3216,214.901437,True,0.358,0.007,-15.3,-5.6,False,False,,,True,True,False,False,False,False,False,False,NORMAL,7.6,,False,False,False,False,False,False,NORMAL,7.6,
3217,214.968259,True,0.363,0.006,-15.9,-6.5,False,False,,,True,True,False,False,False,False,False,False,NORMAL,7.6,,False,False,False,False,False,False,NORMAL,7.6,
3218,215.035082,True,0.389,0.052,-16.6,-5.7,False,False,,,True,True,False,False,False,False,False,False,NORMAL,7.6,,False,False,False,False,False,False,NORMAL,7.6,
3219,215.101904,True,0.379,0.068,-16.4,-5.3,False,False,,,True,True,False,False,False,False,False,False,NORMAL,7.6,,False,False,False,False,False,False,NORMAL,7.6,
3220,215.168727,True,0.428,0.064,-16.5,-3.8,False,False,,,True,True,False,False,False,False,False,False,NORMAL,7.6,,False,False,False,False,False,False,NORMAL,7.6,
3221,215.235550,True,0.414,0.069,-16.7,-4.3,False,False,,,True,True,False,False,False,False,False,False,NORMAL,7.6,,False,False,False,False,False,False,NORMAL,7.6,
3222,215.302372,True,0.409,0.065,-16.6,-4.2,False,False,,,True,True,False,False,False,False,False,False,NORMAL,7.6,,False,False,False,False,False,False,NORMAL,7.6,
3223,215.369195,True,0.411,0.141,-16.1,-4.6,False,False,,,True,True,False,False,False,False,False,False,NORMAL,7.6,,False,False,False,False,False,False,NORMAL,7.6,
3224,215.436017,True,0.388,0.169,-15.9,-6.0,False,False,,,True,True,False,False,False,False,False,False,NORMAL,7.6,,False,False,False,False,False,False,NORMAL,7.6,
3225,215.502840,True,0.371,0.144,-15.8,-5.9,False,False,,,True,True,False,False,False,False,False,False,NORMAL,7.6,,False,False,False,False,False,False,NORMAL,7.6,
3226,215.569663,True,0.352,0.177,-14.9,-7.5,False,False,,,True,True,False,False,False,False,False,False,NORMAL,7.6,,False,False,False,False,False,False,NORMAL,7.6,
3227,215.636485,True,0.324,0.176,-14.7,-8.9,False,False,,,True,True,False,False,False,False,False,False,NORMAL,7.6,,False,False,False,False,False,False,NORMAL,7.6,
3228,215.703308,True,0.307,0.189,-14.1,-8.6,False,False,,,True,True,False,False,False,False,False,False,NORMAL,7.6,,False,False,False,False,False,False,NORMAL,7.6,
3229,215.770130,True,0.345,0.167,-14.4,-10.7,False,False,,,True,True,False,False,False,False,False,False,NORMAL,7.6,,False,False,False,False,False,False,NORMAL,7.6,
3230,215.836953,True,0.334,0.172,-13.4,-10.6,False,False,,,True,True,False,False,False,False,False,False,NORMAL,7.6,,False,False,False,False,False,False,NORMAL,7.6,
3231,215.903775,True,0.381,0.182,-13.7,-9.6,False,False,,,True,True,False,False,False,False,False,False,NORMAL,7.6,,False,False,False,False,False,False,NORMAL,7.6,
3232,215.970598,True,0.295,0.184,-11.2,-9.0,False,False,,,True,True,False,False,False,False,False,False,NORMAL,7.6,,False,False,False,False,False,False,NORMAL,7.6,
3233,216.037421,True,0.268,0.195,-10.4,-6.7,False,False,,,True,True,False,False,False,False,False,False,NORMAL,7.6,,False,False,False,False,False,False,NORMAL,7.6,
3234,216.104243,True,0.259,0.191,-9.7,-6.2,False,False,,,True,True,False,False,False,False,False,False,NORMAL,7.6,,False,False,False,False,False,False,NORMAL,7.6,
3235,216.171066,True,0.291,0.239,-10.2,-5.3,False,False,,,True,True,False,False,False,False,False,False,NORMAL,7.6,,False,False,False,False,False,False,NORMAL,7.6,
3236,216.237888,True,0.308,0.288,-9.3,-4.3,False,False,,,True,True,False,False,False,False,False,False,NORMAL,7.6,,False,False,False,False,False,False,NORMAL,7.6,
3237,216.304711,True,0.329,0.302,-9.3,-3.8,False,False,,,True,True,False,False,False,False,False,False,NORMAL,7.6,,False,False,False,False,False,False,NORMAL,7.6,
3238,216.371534,True,0.31,0.253,-8.5,-4.0,False,False,,,True,True,False,False,False,False,False,False,NORMAL,7.6,,False,False,False,False,False,False,NORMAL,7.6,
3239,216.438356,True,0.323,0.233,-8.4,-4.8,False,False,,,True,True,False,False,False,False,False,False,NORMAL,7.6,,False,False,False,False,False,False,NORMAL,7.6,
3240,216.505179,True,0.324,0.301,-8.4,-5.1,False,False,,,True,True,False,False,False,False,False,False,NORMAL,7.6,,False,False,False,False,False,False,NORMAL,7.6,
3241,216.572001,True,0.322,0.167,-6.9,-6.2,False,False,,,True,True,False,False,False,False,False,False,NORMAL,7.6,,False,False,False,False,False,False,NORMAL,7.6,
3242,216.638824,True,0.321,0.015,-5.7,-7.2,False,False,,,True,True,False,False,False,False,False,False,NORMAL,7.6,,False,False,False,False,False,False,NORMAL,7.6,
3243,216.705647,True,0.315,0.01,-4.4,-7.2,False,False,,,True,True,False,False,False,False,False,False,NORMAL,7.6,,False,False,False,False,False,False,NORMAL,7.6,
3244,216.772469,True,0.295,0.02,-4.3,-7.8,False,False,,,True,True,False,False,False,False,False,False,NORMAL,7.6,,False,False,False,False,False,False,NORMAL,7.6,
3245,216.839292,True,0.302,0.011,-4.6,-8.9,False,False,,,True,True,False,False,False,False,False,False,NORMAL,7.6,,False,False,False,False,False,False,NORMAL,7.6,
3246,216.906114,True,0.303,0.009,-4.9,-9.6,False,False,,,True,True,False,False,False,False,False,False,NORMAL,7.6,,False,False,False,False,False,False,NORMAL,7.6,
3247,216.972937,True,0.288,0.005,-5.1,-9.0,False,False,,,True,True,False,False,False,False,False,False,NORMAL,7.6,,False,False,False,False,False,False,NORMAL,7.6,
3248,217.039759,True,0.282,0.005,-4.4,-9.6,False,False,,,True,True,False,False,False,False,False,False,NORMAL,7.6,,False,False,False,False,False,False,NORMAL,7.6,
3249,217.106582,True,0.292,0.005,-4.3,-9.6,False,False,,,True,True,False,False,False,False,False,False,NORMAL,7.6,,False,False,False,False,False,False,NORMAL,7.6,
3250,217.173405,True,0.303,0.005,-4.5,-11.4,False,False,,,True,True,False,False,False,False,False,False,NORMAL,7.6,,False,False,False,False,False,False,NORMAL,7.6,
3251,217.240227,True,0.3,0.005,-4.5,-11.2,False,False,,,True,True,False,False,False,False,False,False,NORMAL,7.6,,False,False,False,False,False,False,NORMAL,7.6,
3252,217.307050,True,0.3,0.006,-4.4,-10.8,False,False,,,True,True,False,False,False,False,False,False,NORMAL,7.6,,False,False,False,False,False,False,NORMAL,7.6,
3253,217.373872,True,0.299,0.004,-3.9,-11.1,False,False,,,True,True,False,False,False,False,False,False,NORMAL,7.6,,False,False,False,False,False,False,NORMAL,7.6,
3254,217.440695,True,0.302,0.005,-3.1,-12.2,False,False,,,True,True,False,False,False,False,False,False,NORMAL,7.6,,False,False,False,False,False,False,NORMAL,7.6,
3255,217.507518,True,0.303,0.003,-3.0,-11.7,False,False,,,True,True,False,False,False,False,False,False,NORMAL,7.6,,False,False,False,False,False,False,NORMAL,7.6,
3256,217.574340,True,0.319,0.003,-3.1,-12.2,False,False,,,True,True,False,False,False,False,False,False,NORMAL,7.6,,False,False,False,False,False,False,NORMAL,7.6,
3257,217.641163,True,0.32,0.005,-3.3,-11.8,False,False,,,True,True,False,False,False,False,False,False,NORMAL,7.6,,False,False,False,False,False,False,NORMAL,7.6,
3258,217.707985,True,0.323,0.004,-3.5,-12.2,False,False,,,True,True,False,False,False,False,False,False,NORMAL,7.6,,False,False,False,False,False,False,NORMAL,7.6,
3259,217.774808,True,0.33,0.004,-3.9,-12.2,False,False,,,True,True,False,False,False,False,False,False,NORMAL,7.6,,False,False,False,False,False,False,NORMAL,7.6,
3260,217.841630,True,0.318,0.005,-3.6,-12.1,False,False,,,True,True,False,False,False,False,False,False,NORMAL,7.6,,False,False,False,False,False,False,NORMAL,7.6,
3261,217.908453,True,0.323,0.006,-4.1,-12.0,False,False,,,True,True,False,False,False,False,False,False,NORMAL,7.6,,False,False,False,False,False,False,NORMAL,7.6,
3262,217.975276,True,0.32,0.005,-4.1,-11.9,False,False,,,True,True,False,False,False,False,False,False,NORMAL,7.5,,False,False,False,False,False,False,NORMAL,7.5,
3263,218.042098,True,0.324,0.005,-2.2,-12.7,False,False,,,True,True,False,False,False,False,False,False,NORMAL,7.4,,False,False,False,False,False,False,NORMAL,7.4,
3264,218.108921,True,0.326,0.005,-1.6,-12.3,False,False,,,True,True,False,False,False,False,False,False,NORMAL,7.4,,False,False,False,False,False,False,NORMAL,7.4,
3265,218.175743,True,0.312,0.005,0.3,-12.0,False,False,,,True,True,False,False,False,False,False,False,NORMAL,7.3,,False,False,False,False,False,False,NORMAL,7.3,
3266,218.242566,True,0.307,0.005,0.1,-11.0,False,False,,,True,True,False,False,False,False,False,False,NORMAL,7.2,,False,False,False,False,False,False,NORMAL,7.2,
3267,218.309389,True,0.303,0.009,0.2,-11.0,False,False,,,True,True,False,False,False,False,False,False,NORMAL,7.2,,False,False,False,False,False,False,NORMAL,7.2,
3268,218.376211,True,0.292,0.015,0.7,-7.0,False,False,,,True,True,False,False,False,False,False,False,NORMAL,7.2,,False,False,False,False,False,False,NORMAL,7.2,
3269,218.443034,True,0.256,0.018,5.5,-8.4,False,False,,,True,True,False,False,False,False,False,False,NORMAL,7.0,,False,False,False,False,False,False,NORMAL,7.0,
3270,218.509856,True,0.247,0.022,6.4,-8.3,False,False,,,True,True,False,False,False,False,False,False,NORMAL,6.9,,False,False,False,False,False,False,NORMAL,6.9,
3271,218.576679,True,0.267,0.048,9.4,-10.1,False,False,,,True,True,False,False,False,False,False,False,NORMAL,6.8,,False,False,False,False,False,False,NORMAL,6.8,
3272,218.643502,True,0.302,0.047,8.1,-9.8,False,False,,,True,True,False,False,False,False,False,False,NORMAL,6.6,,False,False,False,False,False,False,NORMAL,6.6,
3273,218.710324,True,0.298,0.031,8.5,-9.6,False,False,,,True,True,False,False,False,False,False,False,NORMAL,6.5,,False,False,False,False,False,False,NORMAL,6.5,
3274,218.777147,True,0.303,0.031,7.4,-9.4,False,False,,,True,True,False,False,False,False,False,False,NORMAL,6.4,,False,False,False,False,False,False,NORMAL,6.4,
3275,218.843969,True,0.304,0.015,8.6,-11.6,False,False,,,True,True,False,False,False,False,False,False,NORMAL,6.2,,False,False,False,False,False,False,NORMAL,6.2,
3276,218.910792,True,0.318,0.006,4.9,-14.2,False,False,,,True,True,False,False,False,False,False,False,NORMAL,6.1,,False,False,False,False,False,False,NORMAL,6.1,
3277,218.977614,True,0.323,0.011,4.4,-12.7,False,False,,,True,True,False,False,False,False,False,False,NORMAL,6.0,,False,False,False,False,False,False,NORMAL,6.0,
3278,219.044437,True,0.315,0.009,2.1,-15.5,False,False,,,True,True,False,False,False,False,False,False,NORMAL,5.9,,False,False,False,False,False,False,NORMAL,5.9,
3279,219.111260,True,0.338,0.013,1.3,-13.9,False,False,,,True,True,False,False,False,False,False,False,NORMAL,5.8,,False,False,False,False,False,False,NORMAL,5.8,
3280,219.178082,True,0.307,0.009,-0.8,-16.1,False,False,,,True,True,False,False,False,False,False,False,NORMAL,5.6,,False,False,False,False,False,False,NORMAL,5.6,
3281,219.244905,True,0.31,0.009,-2.9,-15.4,False,False,,,True,True,False,False,False,False,False,False,NORMAL,5.5,,False,False,False,False,False,False,NORMAL,5.5,
3282,219.311727,True,0.343,0.012,-1.9,-16.2,False,False,,,True,True,False,False,False,False,False,False,NORMAL,5.4,,False,False,False,False,False,False,NORMAL,5.4,
3283,219.378550,True,0.347,0.009,-1.8,-16.2,False,False,,,True,True,False,False,False,False,False,False,NORMAL,5.3,,False,False,False,False,False,False,NORMAL,5.3,
3284,219.445373,True,0.337,0.007,-1.3,-16.2,False,False,,,True,True,False,False,False,False,False,False,NORMAL,5.2,,False,False,False,False,False,False,NORMAL,5.2,
3285,219.512195,True,0.334,0.005,-1.3,-16.2,False,False,,,True,True,False,False,False,False,False,False,NORMAL,5.1,,False,False,False,False,False,False,NORMAL,5.1,
3286,219.579018,True,0.335,0.003,0.2,-14.2,False,False,,,True,True,False,False,False,False,False,False,NORMAL,5.0,,False,False,False,False,False,False,NORMAL,5.0,
3287,219.645840,True,0.344,0.011,-0.4,-14.3,False,False,,,True,True,False,False,False,False,False,False,NORMAL,4.9,,False,False,False,False,False,False,NORMAL,4.9,
3288,219.712663,True,0.346,0.007,-0.1,-14.7,False,False,,,True,True,False,False,False,False,False,False,NORMAL,4.8,,False,False,False,False,False,False,NORMAL,4.8,
3289,219.779485,True,0.342,0.004,-0.4,-15.2,False,False,,,True,True,False,False,False,False,False,False,NORMAL,4.7,,False,False,False,False,False,False,NORMAL,4.7,
3290,219.846308,True,0.337,0.017,-0.6,-14.6,False,False,,,True,True,False,False,False,False,False,False,NORMAL,4.6,,False,False,False,False,False,False,NORMAL,4.6,
3291,219.913131,True,0.333,0.027,-0.9,-14.7,False,False,,,True,True,False,False,False,False,False,False,NORMAL,4.6,,False,False,False,False,False,False,NORMAL,4.6,
3292,219.979953,True,0.328,0.026,-1.7,-18.1,False,False,,,True,True,False,False,False,False,False,False,NORMAL,4.6,,False,False,False,False,False,False,NORMAL,4.6,
3293,220.046776,True,0.313,0.026,-1.9,-18.1,False,False,,,True,True,False,False,False,False,False,False,NORMAL,4.6,,False,False,False,False,False,False,NORMAL,4.6,
3294,220.113598,True,0.32,0.019,-1.9,-18.0,False,False,,,True,True,False,False,False,False,False,False,NORMAL,4.6,,False,False,False,False,False,False,NORMAL,4.6,
3295,220.180421,True,0.317,0.024,-1.2,-16.7,False,False,,,True,True,False,False,False,False,False,False,NORMAL,4.6,,False,False,False,False,False,False,NORMAL,4.6,
3296,220.247244,True,0.302,0.043,-0.9,-16.7,False,False,,,True,True,False,False,False,False,False,False,NORMAL,4.6,,False,False,False,False,False,False,NORMAL,4.6,
3297,220.314066,True,0.302,0.057,-1.0,-16.3,False,False,,,True,True,False,False,False,False,False,False,NORMAL,4.6,,False,False,False,False,False,False,NORMAL,4.6,
3298,220.380889,True,0.289,0.056,-2.3,-16.6,False,False,,,True,True,False,False,False,False,False,False,NORMAL,4.6,,False,False,False,False,False,False,NORMAL,4.6,
3299,220.447711,True,0.29,0.021,-3.1,-17.7,False,False,,,True,True,False,False,False,False,False,False,NORMAL,4.6,,False,False,False,False,False,False,NORMAL,4.6,
3300,220.514534,True,0.291,0.008,-3.1,-17.4,False,False,,,True,True,False,False,False,False,False,False,NORMAL,4.6,,False,False,False,False,False,False,NORMAL,4.6,
3301,220.581356,True,0.292,0.009,-3.0,-17.3,False,False,,,True,True,False,False,False,False,False,False,NORMAL,4.6,,False,False,False,False,False,False,NORMAL,4.6,
3302,220.648179,True,0.279,0.025,-3.5,-16.3,False,False,,,True,True,False,False,False,False,False,False,NORMAL,4.6,,False,False,False,False,False,False,NORMAL,4.6,
3303,220.715002,True,0.277,0.021,-5.3,-17.0,False,False,,,True,True,False,False,False,False,False,False,NORMAL,4.6,,False,False,False,False,False,False,NORMAL,4.6,
3304,220.781824,True,0.265,0.01,-5.0,-16.9,False,False,,,True,True,False,False,False,False,False,False,NORMAL,4.6,,False,False,False,False,False,False,NORMAL,4.6,
3305,220.848647,True,0.277,0.009,-4.9,-17.9,False,False,,,True,True,False,False,False,False,False,False,NORMAL,4.6,,False,False,False,False,False,False,NORMAL,4.6,
3306,220.915469,True,0.268,0.016,-6.1,-19.6,False,False,,,True,True,False,False,False,False,False,False,NORMAL,4.6,,False,False,False,False,False,False,NORMAL,4.6,
3307,220.982292,True,0.319,0.007,-3.7,-16.6,False,False,,,True,True,False,False,False,False,False,False,NORMAL,4.6,,False,False,False,False,False,False,NORMAL,4.6,
3308,221.049115,True,0.328,0.013,-2.7,-17.2,False,False,,,True,True,False,False,False,False,False,False,NORMAL,4.6,,False,False,False,False,False,False,NORMAL,4.6,
3309,221.115937,True,0.327,0.008,-3.6,-18.4,False,False,,,True,True,False,False,False,False,False,False,NORMAL,4.6,,False,False,False,False,False,False,NORMAL,4.6,
3310,221.182760,True,0.308,0.012,-2.6,-16.5,False,False,,,True,True,False,False,False,False,False,False,NORMAL,4.6,,False,False,False,False,False,False,NORMAL,4.6,
3311,221.249582,True,0.288,0.012,-3.0,-16.3,False,False,,,True,True,False,False,False,False,False,False,NORMAL,4.6,,False,False,False,False,False,False,NORMAL,4.6,
3312,221.316405,True,0.297,0.016,-2.7,-16.5,False,False,,,True,True,False,False,False,False,False,False,NORMAL,4.6,,False,False,False,False,False,False,NORMAL,4.6,
3313,221.383228,True,0.296,0.011,-2.4,-16.4,False,False,,,True,True,False,False,False,False,False,False,NORMAL,4.6,,False,False,False,False,False,False,NORMAL,4.6,
3314,221.450050,True,0.276,0.016,-4.2,-14.8,False,False,,,True,True,False,False,False,False,False,False,NORMAL,4.6,,False,False,False,False,False,False,NORMAL,4.6,
3315,221.516873,True,0.277,0.014,-4.0,-12.8,False,False,,,True,True,False,False,False,False,False,False,NORMAL,4.6,,False,False,False,False,False,False,NORMAL,4.6,
3316,221.583695,True,0.285,0.01,-4.1,-13.1,False,False,,,True,True,False,False,False,False,False,False,NORMAL,4.6,,False,False,False,False,False,False,NORMAL,4.6,
3317,221.650518,True,0.288,0.011,-3.9,-12.9,False,False,,,True,True,False,False,False,False,False,False,NORMAL,4.6,,False,False,False,False,False,False,NORMAL,4.6,
3318,221.717340,True,0.293,0.011,-3.0,-12.5,False,False,,,True,True,False,False,False,False,False,False,NORMAL,4.6,,False,False,False,False,False,False,NORMAL,4.6,
3319,221.784163,True,0.296,0.011,-3.2,-13.9,False,False,,,True,True,False,False,False,False,False,False,NORMAL,4.6,,False,False,False,False,False,False,NORMAL,4.6,
3320,221.850986,True,0.293,0.012,-3.5,-13.6,False,False,,,True,True,False,False,False,False,False,False,NORMAL,4.6,,False,False,False,False,False,False,NORMAL,4.6,
3321,221.917808,True,0.299,0.011,-2.4,-13.4,False,False,,,True,True,False,False,False,False,False,False,NORMAL,4.6,,False,False,False,False,False,False,NORMAL,4.6,
3322,221.984631,True,0.296,0.015,-2.1,-13.9,False,False,,,True,True,False,False,False,False,False,False,NORMAL,4.6,,False,False,False,False,False,False,NORMAL,4.6,
3323,222.051453,True,0.295,0.009,-3.9,-14.5,False,False,,,True,True,False,False,False,False,False,False,NORMAL,4.6,,False,False,False,False,False,False,NORMAL,4.6,
3324,222.118276,True,0.317,0.008,-4.2,-14.0,False,False,,,True,True,False,False,False,False,False,False,NORMAL,4.6,,False,False,False,False,False,False,NORMAL,4.6,
3325,222.185099,True,0.312,0.006,-4.1,-14.0,False,False,,,True,True,False,False,False,False,False,False,NORMAL,4.6,,False,False,False,False,False,False,NORMAL,4.6,
3326,222.251921,True,0.321,0.03,-4.2,-14.2,False,False,,,True,True,False,False,False,False,False,False,NORMAL,4.6,,False,False,False,False,False,False,NORMAL,4.6,
3327,222.318744,True,0.3,0.107,-3.7,-12.7,False,False,,,True,True,False,False,False,False,False,False,NORMAL,4.6,,False,False,False,False,False,False,NORMAL,4.6,
3328,222.385566,True,0.283,0.127,-3.5,-12.4,False,False,,,True,True,False,False,False,False,False,False,NORMAL,4.6,,False,False,False,False,False,False,NORMAL,4.6,
3329,222.452389,True,0.243,0.14,-4.8,-12.1,False,False,,,True,True,False,False,False,False,False,False,NORMAL,4.6,,False,False,False,False,False,False,NORMAL,4.6,
3330,222.519211,True,0.23,0.129,-4.8,-12.6,False,False,,,True,True,False,False,False,False,False,False,NORMAL,4.6,,False,False,False,False,False,False,NORMAL,4.6,
3331,222.586034,True,0.237,0.127,-5.2,-12.2,False,False,,,True,True,False,False,False,False,False,False,NORMAL,4.6,,False,False,False,False,False,False,NORMAL,4.6,
3332,222.652857,True,0.275,0.154,-5.6,-12.7,False,False,,,True,True,False,False,False,False,False,False,NORMAL,4.6,,False,False,False,False,False,False,NORMAL,4.6,
3333,222.719679,True,0.289,0.151,-5.5,-13.0,False,False,,,True,True,False,False,False,False,False,False,NORMAL,4.6,,False,False,False,False,False,False,NORMAL,4.6,
3334,222.786502,True,0.28,0.168,-6.2,-13.8,False,False,,,True,True,False,False,False,False,False,False,NORMAL,4.6,,False,False,False,False,False,False,NORMAL,4.6,
3335,222.853324,True,0.281,0.167,-6.7,-13.2,False,False,,,True,True,False,False,False,False,False,False,NORMAL,4.6,,False,False,False,False,False,False,NORMAL,4.6,
3336,222.920147,True,0.285,0.164,-6.7,-12.8,False,False,,,True,True,False,False,False,False,False,False,NORMAL,4.6,,False,False,False,False,False,False,NORMAL,4.6,
3337,222.986970,True,0.286,0.166,-6.8,-12.7,False,False,,,True,True,False,False,False,False,False,False,NORMAL,4.6,,False,False,False,False,False,False,NORMAL,4.6,
3338,223.053792,True,0.282,0.153,-7.1,-12.6,False,False,,,True,True,False,False,False,False,False,False,NORMAL,4.6,,False,False,False,False,False,False,NORMAL,4.6,
3339,223.120615,True,0.282,0.153,-7.2,-12.6,False,False,,,True,True,False,False,False,False,False,False,NORMAL,4.6,,False,False,False,False,False,False,NORMAL,4.6,
3340,223.187437,True,0.281,0.084,-8.3,-12.6,False,False,,,True,True,False,False,False,False,False,False,NORMAL,4.6,,False,False,False,False,False,False,NORMAL,4.6,
3341,223.254260,True,0.307,0.027,-10.2,-12.6,False,False,,,True,True,False,False,False,False,False,False,NORMAL,4.6,,False,False,False,False,False,False,NORMAL,4.6,
3342,223.321083,True,0.31,0.018,-10.7,-12.5,False,False,,,True,True,False,False,False,False,False,False,NORMAL,4.6,,False,False,False,False,False,False,NORMAL,4.6,
3343,223.387905,True,0.305,0.011,-11.7,-12.9,False,False,,,True,True,False,False,False,False,False,False,NORMAL,4.6,,False,False,False,False,False,False,NORMAL,4.6,
3344,223.454728,True,0.315,0.012,-11.5,-12.7,False,False,,,True,True,False,False,False,False,False,False,NORMAL,4.6,,False,False,False,False,False,False,NORMAL,4.6,
3345,223.521550,True,0.354,0.003,-12.1,-13.0,False,False,,,True,True,False,False,False,False,False,False,NORMAL,4.6,,False,False,False,False,False,False,NORMAL,4.6,
3346,223.588373,True,0.371,0.004,-12.0,-13.0,False,False,,,True,True,False,False,False,False,False,False,NORMAL,4.6,,False,False,False,False,False,False,NORMAL,4.6,
3347,223.655195,True,0.365,0.003,-13.1,-12.7,False,False,,,True,True,False,False,False,False,False,False,NORMAL,4.6,,False,False,False,False,False,False,NORMAL,4.6,
3348,223.722018,True,0.357,0.004,-14.6,-12.1,False,False,,,True,True,False,False,False,False,False,False,NORMAL,4.6,,False,False,False,False,False,False,NORMAL,4.6,
3349,223.788841,True,0.341,0.003,-15.0,-12.4,False,False,,,True,True,False,False,False,False,False,False,NORMAL,4.6,,False,False,False,False,False,False,NORMAL,4.6,
3350,223.855663,True,0.338,0.002,-14.9,-13.7,False,False,,,True,True,False,False,False,False,False,False,NORMAL,4.6,,False,False,False,False,False,False,NORMAL,4.6,
3351,223.922486,True,0.338,0.004,-15.7,-17.6,False,False,,,True,True,False,False,False,False,False,False,NORMAL,4.6,,False,False,False,False,False,False,NORMAL,4.6,
3352,223.989308,True,0.342,0.003,-15.4,-17.4,False,False,,,True,True,False,False,False,False,False,False,NORMAL,4.6,,False,False,False,False,False,False,NORMAL,4.6,
3353,224.056131,True,0.362,0.009,-16.3,-19.4,False,False,,,True,True,False,False,False,False,False,False,NORMAL,4.6,,False,False,False,False,False,False,NORMAL,4.6,
3354,224.122954,True,0.368,0.007,-16.7,-20.0,False,False,,,True,True,False,False,False,False,False,False,NORMAL,4.6,,False,False,False,False,False,False,NORMAL,4.6,
3355,224.189776,True,0.308,0.012,-16.9,-20.1,False,False,,,True,True,False,False,False,False,False,False,NORMAL,4.6,,False,False,False,False,False,False,NORMAL,4.6,
3356,224.256599,True,0.291,0.018,-16.6,-21.5,False,False,,,True,True,False,False,False,False,False,False,NORMAL,4.6,,False,False,False,False,False,False,NORMAL,4.6,
3357,224.323421,True,0.285,0.02,-17.1,-21.4,False,False,,,True,True,False,False,False,False,False,False,NORMAL,4.6,,False,False,False,False,False,False,NORMAL,4.6,
3358,224.390244,True,0.29,0.016,-16.4,-21.3,False,False,,,True,True,False,False,False,False,False,False,NORMAL,4.6,,False,False,False,False,False,False,NORMAL,4.6,
3359,224.457066,True,0.323,0.019,-15.4,-20.8,False,False,,,True,True,False,False,False,False,False,False,NORMAL,4.6,,False,False,False,False,False,False,NORMAL,4.6,
3360,224.523889,True,0.335,0.017,-15.2,-20.7,False,False,,,True,True,False,False,False,False,False,False,NORMAL,4.6,,False,False,False,False,False,False,NORMAL,4.6,
3361,224.590712,True,0.338,0.092,-13.3,-14.8,False,False,,,True,True,False,False,False,False,False,False,NORMAL,4.6,,False,False,False,False,False,False,NORMAL,4.6,
3362,224.657534,True,0.287,0.027,-7.9,-11.8,False,False,,,True,True,False,False,False,False,False,False,NORMAL,4.6,,False,False,False,False,False,False,NORMAL,4.6,
3363,224.724357,True,0.298,0.027,-7.1,-11.8,False,False,,,True,True,False,False,False,False,False,False,NORMAL,4.6,,False,False,False,False,False,False,NORMAL,4.6,
3364,224.791179,True,0.294,0.013,-6.0,-10.9,False,False,,,True,True,False,False,False,False,False,False,NORMAL,4.6,,False,False,False,False,False,False,NORMAL,4.6,
3365,224.858002,True,0.31,0.009,-6.4,-10.6,False,False,,,True,True,False,False,False,False,False,False,NORMAL,4.6,,False,False,False,False,False,False,NORMAL,4.6,
3366,224.924825,True,0.309,0.008,-6.4,-10.8,False,False,,,True,True,False,False,False,False,False,False,NORMAL,4.6,,False,False,False,False,False,False,NORMAL,4.6,
3367,224.991647,True,0.316,0.008,-7.6,-10.0,False,False,,,True,True,False,False,False,False,False,False,NORMAL,4.6,,False,False,False,False,False,False,NORMAL,4.6,
3368,225.058470,True,0.303,0.01,-8.6,-9.8,False,False,,,True,True,False,False,False,False,False,False,NORMAL,4.6,,False,False,False,False,False,False,NORMAL,4.6,
3369,225.125292,True,0.294,0.011,-9.7,-9.5,False,False,,,True,True,False,False,False,False,False,False,NORMAL,4.6,,False,False,False,False,False,False,NORMAL,4.6,
3370,225.192115,True,0.27,0.012,-9.4,-9.7,False,False,,,True,True,False,False,False,False,False,False,NORMAL,4.6,,False,False,False,False,False,False,NORMAL,4.6,
3371,225.258938,True,0.266,0.012,-10.1,-9.2,False,False,,,True,True,False,False,False,False,False,False,NORMAL,4.6,,False,False,False,False,False,False,NORMAL,4.6,
3372,225.325760,True,0.272,0.012,-9.8,-9.2,False,False,,,True,True,False,False,False,False,False,False,NORMAL,4.6,,False,False,False,False,False,False,NORMAL,4.6,
3373,225.392583,True,0.285,0.011,-10.1,-9.5,False,False,,,True,True,False,False,False,False,False,False,NORMAL,4.6,,False,False,False,False,False,False,NORMAL,4.6,
3374,225.459405,True,0.29,0.01,-10.5,-9.1,False,False,,,True,True,False,False,False,False,False,False,NORMAL,4.6,,False,False,False,False,False,False,NORMAL,4.6,
3375,225.526228,True,0.306,0.007,-9.7,-8.5,False,False,,,True,True,False,False,False,False,False,False,NORMAL,4.6,,False,False,False,False,False,False,NORMAL,4.6,
3376,225.593050,True,0.3,0.007,-9.8,-8.4,False,False,,,True,True,False,False,False,False,False,False,NORMAL,4.6,,False,False,False,False,False,False,NORMAL,4.6,
3377,225.659873,True,0.279,0.004,-8.9,-8.9,False,False,,,True,True,False,False,False,False,False,False,NORMAL,4.6,,False,False,False,False,False,False,NORMAL,4.6,
3378,225.726696,True,0.268,0.005,-8.4,-9.3,False,False,,,True,True,False,False,False,False,False,False,NORMAL,4.6,,False,False,False,False,False,False,NORMAL,4.6,
3379,225.793518,True,0.265,0.006,-6.2,-10.4,False,False,,,True,True,False,False,False,False,False,False,NORMAL,4.6,,False,False,False,False,False,False,NORMAL,4.6,
3380,225.860341,True,0.266,0.007,-3.5,-11.8,False,False,,,True,True,False,False,False,False,False,False,NORMAL,4.6,,False,False,False,False,False,False,NORMAL,4.6,
3381,225.927163,True,0.286,0.008,-3.5,-11.1,False,False,,,True,True,False,False,False,False,False,False,NORMAL,4.6,,False,False,False,False,False,False,NORMAL,4.6,
3382,225.993986,True,0.265,0.009,-2.3,-10.7,False,False,,,True,True,False,False,False,False,False,False,NORMAL,4.6,,False,False,False,False,False,False,NORMAL,4.6,
3383,226.060809,True,0.266,0.008,-0.4,-9.0,False,False,,,True,True,False,False,False,False,False,False,NORMAL,4.6,,False,False,False,False,False,False,NORMAL,4.6,
3384,226.127631,True,0.269,0.003,-0.6,-8.7,False,False,,,True,True,False,False,False,False,False,False,NORMAL,4.6,,False,False,False,False,False,False,NORMAL,4.6,
3385,226.194454,True,0.303,0.002,-0.3,-8.0,False,False,,,True,True,False,False,False,False,False,False,NORMAL,4.6,,False,False,False,False,False,False,NORMAL,4.6,
3386,226.261276,True,0.298,0.005,-0.3,-8.5,False,False,,,True,True,False,False,False,False,False,False,NORMAL,4.6,,False,False,False,False,False,False,NORMAL,4.6,
3387,226.328099,True,0.31,0.008,-0.4,-8.7,False,False,,,True,True,False,False,False,False,False,False,NORMAL,4.6,,False,False,False,False,False,False,NORMAL,4.6,
3388,226.394921,True,0.303,0.006,-1.3,-7.0,False,False,,,True,True,False,False,False,False,False,False,NORMAL,4.6,,False,False,False,False,False,False,NORMAL,4.6,
3389,226.461744,True,0.316,0.006,-3.1,-6.0,False,False,,,True,True,False,False,False,False,False,False,NORMAL,4.6,,False,False,False,False,False,False,NORMAL,4.6,
3390,226.528567,True,0.316,0.007,-4.3,-5.7,False,False,,,True,True,False,False,False,False,False,False,NORMAL,4.6,,False,False,False,False,False,False,NORMAL,4.6,
3391,226.595389,True,0.316,0.01,-4.6,-6.4,False,False,,,True,True,False,False,False,False,False,False,NORMAL,4.6,,False,False,False,False,False,False,NORMAL,4.6,
3392,226.662212,True,0.344,0.008,-6.2,-7.4,False,False,,,True,True,False,False,False,False,False,False,NORMAL,4.6,,False,False,False,False,False,False,NORMAL,4.6,
3393,226.729034,True,0.32,0.008,-8.7,-6.6,False,False,,,True,True,False,False,False,False,False,False,NORMAL,4.6,,False,False,False,False,False,False,NORMAL,4.6,
3394,226.795857,True,0.329,0.008,-8.8,-6.5,False,False,,,True,True,False,False,False,False,False,False,NORMAL,4.6,,False,False,False,False,False,False,NORMAL,4.6,
3395,226.862680,True,0.348,0.008,-9.2,-6.7,False,False,,,True,True,False,False,False,False,False,False,NORMAL,4.6,,False,False,False,False,False,False,NORMAL,4.6,
3396,226.929502,True,0.348,0.007,-10.7,-5.9,False,False,,,True,True,False,False,False,False,False,False,NORMAL,4.6,,False,False,False,False,False,False,NORMAL,4.6,
3397,226.996325,True,0.348,0.007,-11.0,-5.7,False,False,,,True,True,False,False,False,False,False,False,NORMAL,4.6,,False,False,False,False,False,False,NORMAL,4.6,
3398,227.063147,True,0.281,0.006,-12.4,-3.4,False,False,,,True,True,False,False,False,False,False,False,NORMAL,4.6,,False,False,False,False,False,False,NORMAL,4.6,
3399,227.129970,True,0.272,0.006,-14.0,-2.6,False,False,,,True,True,False,False,False,False,False,False,NORMAL,4.6,,False,False,False,False,False,False,NORMAL,4.6,
3400,227.196793,True,0.274,0.006,-14.2,-3.2,False,False,,,True,True,False,False,False,False,False,False,NORMAL,4.5,,False,False,False,False,False,False,NORMAL,4.5,
3401,227.263615,True,0.275,0.006,-15.5,-4.2,False,False,,,True,True,False,False,False,False,False,False,NORMAL,4.4,,False,False,False,False,False,False,NORMAL,4.4,
3402,227.330438,True,0.268,0.004,-15.7,-5.0,False,False,,,True,True,False,False,False,False,False,False,NORMAL,4.4,,False,False,False,False,False,False,NORMAL,4.4,
3403,227.397260,True,0.27,0.004,-15.9,-4.2,False,False,,,True,True,False,False,False,False,False,False,NORMAL,4.3,,False,False,False,False,False,False,NORMAL,4.3,
3404,227.464083,True,0.283,0.004,-17.0,-4.5,False,False,,,True,True,False,False,False,False,False,False,NORMAL,4.2,,False,False,False,False,False,False,NORMAL,4.2,
3405,227.530905,True,0.308,0.003,-17.0,-4.4,False,False,,,True,True,False,False,False,False,False,False,NORMAL,4.1,,False,False,False,False,False,False,NORMAL,4.1,
3406,227.597728,True,0.368,0.002,-17.6,-5.0,False,False,,,True,True,False,False,False,False,False,False,NORMAL,4.1,,False,False,False,False,False,False,NORMAL,4.1,
3407,227.664551,True,0.378,0.003,-19.1,-5.9,False,False,,,True,True,False,False,False,False,False,False,NORMAL,4.0,,False,False,False,False,False,False,NORMAL,4.0,
3408,227.731373,True,0.384,0.004,-19.0,-5.7,False,False,,,True,True,False,False,False,False,False,False,NORMAL,3.9,,False,False,False,False,False,False,NORMAL,3.9,
3409,227.798196,True,0.371,0.008,-19.9,-6.4,False,False,,,True,True,False,False,False,False,False,False,NORMAL,3.8,,False,False,False,False,False,False,NORMAL,3.8,
3410,227.865018,True,0.297,0.114,-18.9,-4.4,False,False,,,True,True,False,False,False,False,False,False,NORMAL,3.7,,False,False,False,False,False,False,NORMAL,3.7,
3411,227.931841,True,0.292,0.166,-18.4,-4.2,False,False,,,True,True,False,False,False,False,False,False,NORMAL,3.7,,False,False,False,False,False,False,NORMAL,3.7,
3412,227.998664,True,0.289,0.186,-17.5,-4.4,False,False,,,True,True,False,False,False,False,False,False,NORMAL,3.6,,False,False,False,False,False,False,NORMAL,3.6,
3413,228.065486,True,0.402,0.222,-18.5,-5.7,False,False,,,True,True,False,False,False,False,False,False,NORMAL,3.5,,False,False,False,False,False,False,NORMAL,3.5,
3414,228.132309,True,0.352,0.143,-19.9,-8.4,False,False,,,True,True,False,False,False,False,False,False,NORMAL,3.5,,False,False,False,False,False,False,NORMAL,3.5,
3415,228.199131,True,0.337,0.133,-19.8,-9.5,False,False,,,True,True,False,False,False,False,False,False,NORMAL,3.5,,False,False,False,False,False,False,NORMAL,3.5,
3416,228.265954,True,0.376,0.161,-19.2,-10.7,False,False,,,True,True,False,False,False,False,False,False,NORMAL,3.5,,False,False,False,False,False,False,NORMAL,3.5,
3417,228.332776,True,0.436,0.123,-18.7,-10.5,False,False,,,True,True,False,False,False,False,False,False,NORMAL,3.5,,False,False,False,False,False,False,NORMAL,3.5,
3418,228.399599,True,0.446,0.133,-18.0,-10.5,False,False,,,True,True,False,False,False,False,False,False,NORMAL,3.5,,False,False,False,False,False,False,NORMAL,3.5,
3419,228.466422,True,0.422,0.119,-16.3,-10.8,False,False,,,True,True,False,False,False,False,False,False,NORMAL,3.5,,False,False,False,False,False,False,NORMAL,3.5,
3420,228.533244,True,0.382,0.102,-12.9,-11.7,False,False,,,True,True,False,False,False,False,False,False,NORMAL,3.5,,False,False,False,False,False,False,NORMAL,3.5,
3421,228.600067,True,0.383,0.102,-12.5,-11.5,False,False,,,True,True,False,False,False,False,False,False,NORMAL,3.5,,False,False,False,False,False,False,NORMAL,3.5,
3422,228.666889,True,0.324,0.104,-9.8,-9.9,False,False,,,True,True,False,False,False,False,False,False,NORMAL,3.5,,False,False,False,False,False,False,NORMAL,3.5,
3423,228.733712,True,0.327,0.084,-7.1,-7.7,False,False,,,True,True,False,False,False,False,False,False,NORMAL,3.5,,False,False,False,False,False,False,NORMAL,3.5,
3424,228.800535,True,0.336,0.077,-6.9,-7.4,False,False,,,True,True,False,False,False,False,False,False,NORMAL,3.5,,False,False,False,False,False,False,NORMAL,3.5,
3425,228.867357,True,0.311,0.024,-6.9,-7.3,False,False,,,True,True,False,False,False,False,False,False,NORMAL,3.5,,False,False,False,False,False,False,NORMAL,3.5,
3426,228.934180,True,0.315,0.02,-7.3,-7.3,False,False,,,True,True,False,False,False,False,False,False,NORMAL,3.5,,False,False,False,False,False,False,NORMAL,3.5,
3427,229.001002,True,0.323,0.005,-7.0,-7.2,False,False,,,True,True,False,False,False,False,False,False,NORMAL,3.5,,False,False,False,False,False,False,NORMAL,3.5,
3428,229.067825,True,0.321,0.003,-7.2,-6.8,False,False,,,True,True,False,False,False,False,False,False,NORMAL,3.5,,False,False,False,False,False,False,NORMAL,3.5,
3429,229.134648,True,0.325,0.003,-7.4,-6.7,False,False,,,True,True,False,False,False,False,False,False,NORMAL,3.5,,False,False,False,False,False,False,NORMAL,3.5,
3430,229.201470,True,0.304,0.007,-8.6,-4.0,False,False,,,True,True,False,False,False,False,False,False,NORMAL,3.5,,False,False,False,False,False,False,NORMAL,3.5,
3431,229.268293,True,0.161,0.005,-7.6,1.0,False,False,,,True,True,False,False,False,False,False,False,NORMAL,3.7,,False,False,False,False,False,False,NORMAL,3.7,
3432,229.335115,True,0.16,0.005,-7.4,0.4,False,False,,,True,True,False,False,False,False,False,False,NORMAL,3.9,,False,False,False,False,False,False,NORMAL,3.9,
3433,229.401938,True,0.268,0.005,-4.0,0.4,False,False,,,True,True,False,False,False,False,False,False,NORMAL,3.9,,False,False,False,False,False,False,NORMAL,3.9,
3434,229.468760,True,0.32,0.005,-4.6,2.0,False,False,,,True,True,False,False,False,False,False,False,NORMAL,3.9,,False,False,False,False,False,False,NORMAL,3.9,
3435,229.535583,True,0.267,0.002,-6.2,2.4,False,False,,,True,True,False,False,False,False,False,False,NORMAL,3.9,,False,False,False,False,False,False,NORMAL,3.9,
3436,229.602406,True,0.245,0.002,-7.4,2.2,False,False,,,True,True,False,False,False,False,False,False,NORMAL,3.9,,False,False,False,False,False,False,NORMAL,3.9,
3437,229.669228,True,0.237,0.006,-11.7,0.7,False,False,,,True,True,False,False,False,False,False,False,NORMAL,3.9,,False,False,False,False,False,False,NORMAL,3.9,
3438,229.736051,True,0.347,0.012,-15.1,-3.9,False,False,,,True,True,False,False,False,False,False,False,NORMAL,3.9,,False,False,False,False,False,False,NORMAL,3.9,
3439,229.802873,True,0.304,0.005,-14.2,-4.0,False,False,,,True,True,False,False,False,False,False,False,NORMAL,3.9,,False,False,False,False,False,False,NORMAL,3.9,
3440,229.869696,True,0.345,0.004,-14.5,-3.4,False,False,,,True,True,False,False,False,False,False,False,NORMAL,3.9,,False,False,False,False,False,False,NORMAL,3.9,
3441,229.936519,True,0.391,0.005,-14.8,-3.7,False,False,,,True,True,False,False,False,False,False,False,NORMAL,3.9,,False,False,False,False,False,False,NORMAL,3.9,
3442,230.003341,True,0.359,0.003,-15.5,-3.8,False,False,,,True,True,False,False,False,False,False,False,NORMAL,3.9,,False,False,False,False,False,False,NORMAL,3.9,
3443,230.070164,True,0.397,0.004,-15.6,-5.3,False,False,,,True,True,False,False,False,False,False,False,NORMAL,3.9,,False,False,False,False,False,False,NORMAL,3.9,
3444,230.136986,True,0.348,0.004,-14.6,-5.4,False,False,,,True,True,False,False,False,False,False,False,NORMAL,3.9,,False,False,False,False,False,False,NORMAL,3.9,
3445,230.203809,True,0.384,0.005,-13.8,-4.7,False,False,,,True,True,False,False,False,False,False,False,NORMAL,3.9,,False,False,False,False,False,False,NORMAL,3.9,
3446,230.270631,True,0.376,0.006,-13.0,-5.0,False,False,,,True,True,False,False,False,False,False,False,NORMAL,3.9,,False,False,False,False,False,False,NORMAL,3.9,
3447,230.337454,True,0.375,0.006,-12.6,-4.8,False,False,,,True,True,False,False,False,False,False,False,NORMAL,3.9,,False,False,False,False,False,False,NORMAL,3.9,
3448,230.404277,True,0.385,0.004,-12.4,-4.6,False,False,,,True,True,False,False,False,False,False,False,NORMAL,3.9,,False,False,False,False,False,False,NORMAL,3.9,
3449,230.471099,True,0.367,0.003,-13.0,-5.7,False,False,,,True,True,False,False,False,False,False,False,NORMAL,3.9,,False,False,False,False,False,False,NORMAL,3.9,
3450,230.537922,True,0.359,0.003,-13.2,-6.1,False,False,,,True,True,False,False,False,False,False,False,NORMAL,3.9,,False,False,False,False,False,False,NORMAL,3.9,
3451,230.604744,True,0.331,0.005,-14.6,-5.3,False,False,,,True,True,False,False,False,False,False,False,NORMAL,3.9,,False,False,False,False,False,False,NORMAL,3.9,
3452,230.671567,True,0.384,0.008,-14.3,-7.0,True,True,,,True,True,False,False,False,False,False,False,NORMAL,3.9,,False,False,False,False,False,False,NORMAL,3.9,
3453,230.738390,True,0.379,0.008,-14.4,-7.4,False,False,,,True,True,False,False,False,False,False,False,NORMAL,3.9,,False,False,False,False,False,False,NORMAL,3.9,
3454,230.805212,True,0.369,0.006,-14.8,-9.3,False,False,,,True,True,False,False,False,False,False,False,NORMAL,3.9,,False,False,False,False,False,False,NORMAL,3.9,
3455,230.872035,True,0.358,0.007,-14.5,-11.0,False,False,,,True,True,False,False,False,False,False,False,NORMAL,3.9,,False,False,False,False,False,False,NORMAL,3.9,
3456,230.938857,True,0.331,0.006,-13.8,-11.4,False,False,,,True,True,False,False,False,False,False,False,NORMAL,3.9,,False,False,False,False,False,False,NORMAL,3.9,
3457,231.005680,True,0.381,0.012,-14.1,-12.6,False,False,,,True,True,False,False,False,False,False,False,NORMAL,3.9,,False,False,False,False,False,False,NORMAL,3.9,
3458,231.072503,True,0.356,0.012,-15.2,-14.5,False,False,,,True,True,False,False,False,False,False,False,NORMAL,3.9,,False,False,False,False,False,False,NORMAL,3.9,
3459,231.139325,True,0.296,0.008,-15.0,-14.9,False,False,,,True,True,False,False,False,False,False,False,NORMAL,3.9,,False,False,False,False,False,False,NORMAL,3.9,
3460,231.206148,True,0.313,0.007,-14.3,-15.5,False,False,,,True,True,False,False,False,False,False,False,NORMAL,3.9,,False,False,False,False,False,False,NORMAL,3.9,
3461,231.272970,True,0.307,0.011,-13.8,-16.4,False,False,,,True,True,False,False,False,False,False,False,NORMAL,3.9,,False,False,False,False,False,False,NORMAL,3.9,
3462,231.339793,True,0.354,0.009,-13.2,-14.4,False,False,,,True,True,False,False,False,False,False,False,NORMAL,3.9,,False,False,False,False,False,False,NORMAL,3.9,
3463,231.406615,True,0.336,0.007,-13.3,-14.8,False,False,,,True,True,False,False,False,False,False,False,NORMAL,3.9,,False,False,False,False,False,False,NORMAL,3.9,
3464,231.473438,True,0.359,0.009,-12.9,-13.8,False,False,,,True,True,False,False,False,False,False,False,NORMAL,3.9,,False,False,False,False,False,False,NORMAL,3.9,
3465,231.540261,True,0.381,0.009,-12.7,-14.2,False,False,,,True,True,False,False,False,False,False,False,NORMAL,3.9,,False,False,False,False,False,False,NORMAL,3.9,
3466,231.607083,True,0.369,0.008,-12.2,-13.9,False,False,,,True,True,False,False,False,False,False,False,NORMAL,3.9,,False,False,False,False,False,False,NORMAL,3.9,
3467,231.673906,True,0.391,0.011,-11.2,-12.5,False,False,,,True,True,False,False,False,False,False,False,NORMAL,3.9,,False,False,False,False,False,False,NORMAL,3.9,
3468,231.740728,True,0.37,0.004,-11.6,-11.2,False,False,,,True,True,False,False,False,False,False,False,NORMAL,3.9,,False,False,False,False,False,False,NORMAL,3.9,
3469,231.807551,True,0.365,0.005,-11.6,-11.2,False,False,,,True,True,False,False,False,False,False,False,NORMAL,3.9,,False,False,False,False,False,False,NORMAL,3.9,
3470,231.874374,True,0.356,0.005,-11.9,-10.6,False,False,,,True,True,False,False,False,False,False,False,NORMAL,3.9,,False,False,False,False,False,False,NORMAL,3.9,
3471,231.941196,True,0.311,0.006,-9.1,-8.4,False,False,,,True,True,False,False,False,False,False,False,NORMAL,3.9,,False,False,False,False,False,False,NORMAL,3.9,
3472,232.008019,True,0.304,0.005,-9.0,-8.7,False,False,,,True,True,False,False,False,False,False,False,NORMAL,3.9,,False,False,False,False,False,False,NORMAL,3.9,
3473,232.074841,True,0.311,0.005,-9.2,-8.7,False,False,,,True,True,False,False,False,False,False,False,NORMAL,3.9,,False,False,False,False,False,False,NORMAL,3.9,
3474,232.141664,True,0.313,0.004,-9.0,-9.2,False,False,,,True,True,False,False,False,False,False,False,NORMAL,3.9,,False,False,False,False,False,False,NORMAL,3.9,
3475,232.208486,True,0.316,0.004,-8.9,-8.2,False,False,,,True,True,False,False,False,False,False,False,NORMAL,3.9,,False,False,False,False,False,False,NORMAL,3.9,
3476,232.275309,True,0.343,0.004,-8.8,-7.5,False,False,,,True,True,False,False,False,False,False,False,NORMAL,3.9,,False,False,False,False,False,False,NORMAL,3.9,
3477,232.342132,True,0.351,0.004,-8.6,-7.0,False,False,,,True,True,False,False,False,False,False,False,NORMAL,3.9,,False,False,False,False,False,False,NORMAL,3.9,
3478,232.408954,True,0.37,0.003,-8.2,-6.7,False,False,,,True,True,False,False,False,False,False,False,NORMAL,3.9,,False,False,False,False,False,False,NORMAL,3.9,
3479,232.475777,True,0.345,0.003,-7.6,-6.2,False,False,,,True,True,False,False,False,False,False,False,NORMAL,3.9,,False,False,False,False,False,False,NORMAL,3.9,
3480,232.542599,True,0.35,0.004,-7.8,-6.3,False,False,,,True,True,False,False,False,False,False,False,NORMAL,3.9,,False,False,False,False,False,False,NORMAL,3.9,
3481,232.609422,True,0.347,0.003,-7.9,-6.4,False,False,,,True,True,False,False,False,False,False,False,NORMAL,3.9,,False,False,False,False,False,False,NORMAL,3.9,
3482,232.676245,True,0.348,0.005,-8.0,-6.1,False,False,,,True,True,False,False,False,False,False,False,NORMAL,3.9,,False,False,False,False,False,False,NORMAL,3.9,
3483,232.743067,True,0.351,0.004,-8.2,-6.0,False,False,,,True,True,False,False,False,False,False,False,NORMAL,3.9,,False,False,False,False,False,False,NORMAL,3.9,
3484,232.809890,True,0.35,0.004,-8.3,-6.0,False,False,,,True,True,False,False,False,False,False,False,NORMAL,3.9,,False,False,False,False,False,False,NORMAL,3.9,
3485,232.876712,True,0.352,0.003,-8.2,-6.4,False,False,,,True,True,False,False,False,False,False,False,NORMAL,3.9,,False,False,False,False,False,False,NORMAL,3.9,
3486,232.943535,True,0.354,0.003,-8.2,-6.5,False,False,,,True,True,False,False,False,False,False,False,NORMAL,3.9,,False,False,False,False,False,False,NORMAL,3.9,
3487,233.010358,True,0.358,0.004,-8.2,-6.6,False,False,,,True,True,False,False,False,False,False,False,NORMAL,3.9,,False,False,False,False,False,False,NORMAL,3.9,
3488,233.077180,True,0.352,0.003,-9.8,-7.6,False,False,,,True,True,False,False,False,False,False,False,NORMAL,3.9,,False,False,False,False,False,False,NORMAL,3.9,
3489,233.144003,True,0.347,0.003,-8.6,-6.3,False,False,,,True,True,False,False,False,False,False,False,NORMAL,3.9,,False,False,False,False,False,False,NORMAL,3.9,
3490,233.210825,True,0.354,0.001,-8.4,-5.6,False,False,,,True,True,False,False,False,False,False,False,NORMAL,3.9,,False,False,False,False,False,False,NORMAL,3.9,
3491,233.277648,True,0.357,0.001,-8.6,-5.5,False,False,,,True,True,False,False,False,False,False,False,NORMAL,3.9,,False,False,False,False,False,False,NORMAL,3.9,
3492,233.344470,True,0.355,0.003,-8.6,-5.5,False,False,,,True,True,False,False,False,False,False,False,NORMAL,3.8,,False,False,False,False,False,False,NORMAL,3.8,
3493,233.411293,True,0.355,0.003,-8.5,-5.6,False,False,,,True,True,False,False,False,False,False,False,NORMAL,3.7,,False,False,False,False,False,False,NORMAL,3.7,
3494,233.478116,True,0.353,0.003,-8.8,-5.6,False,False,,,True,True,False,False,False,False,False,False,NORMAL,3.7,,False,False,False,False,False,False,NORMAL,3.7,
3495,233.544938,True,0.364,0.003,-9.3,-7.0,False,False,,,True,True,False,False,False,False,False,False,NORMAL,3.7,,False,False,False,False,False,False,NORMAL,3.7,
3496,233.611761,True,0.369,0.004,-9.6,-7.2,False,False,,,True,True,False,False,False,False,False,False,NORMAL,3.7,,False,False,False,False,False,False,NORMAL,3.7,
3497,233.678583,True,0.37,0.004,-9.8,-7.5,False,False,,,True,True,False,False,False,False,False,False,NORMAL,3.7,,False,False,False,False,False,False,NORMAL,3.7,
3498,233.745406,True,0.37,0.004,-9.6,-8.4,False,False,,,True,True,False,False,False,False,False,False,NORMAL,3.7,,False,False,False,False,False,False,NORMAL,3.7,
3499,233.812229,True,0.381,0.004,-9.7,-8.4,False,False,,,True,True,False,False,False,False,False,False,NORMAL,3.7,,False,False,False,False,False,False,NORMAL,3.7,
3500,233.879051,True,0.384,0.005,-10.0,-8.0,False,False,,,True,True,False,False,False,False,False,False,NORMAL,3.7,,False,False,False,False,False,False,NORMAL,3.7,
3501,233.945874,True,0.388,0.004,-10.0,-7.8,False,False,,,True,True,False,False,False,False,False,False,NORMAL,3.7,,False,False,False,False,False,False,NORMAL,3.7,
3502,234.012696,True,0.388,0.004,-10.1,-7.8,False,False,,,True,True,False,False,False,False,False,False,NORMAL,3.7,,False,False,False,False,False,False,NORMAL,3.7,
3503,234.079519,True,0.389,0.003,-10.0,-7.5,False,False,,,True,True,False,False,False,False,False,False,NORMAL,3.7,,False,False,False,False,False,False,NORMAL,3.7,
3504,234.146341,True,0.386,0.004,-9.4,-7.1,False,False,,,True,True,False,False,False,False,False,False,NORMAL,3.7,,False,False,False,False,False,False,NORMAL,3.7,
3505,234.213164,True,0.387,0.004,-9.4,-7.3,False,False,,,True,True,False,False,False,False,False,False,NORMAL,3.7,,False,False,False,False,False,False,NORMAL,3.7,
3506,234.279987,True,0.378,0.004,-9.3,-7.2,False,False,,,True,True,False,False,False,False,False,False,NORMAL,3.7,,False,False,False,False,False,False,NORMAL,3.7,
3507,234.346809,True,0.38,0.004,-9.4,-7.6,False,False,,,True,True,False,False,False,False,False,False,NORMAL,3.7,,False,False,False,False,False,False,NORMAL,3.7,
3508,234.413632,True,0.384,0.005,-9.5,-7.4,False,False,,,True,True,False,False,False,False,False,False,NORMAL,3.7,,False,False,False,False,False,False,NORMAL,3.7,
3509,234.480454,True,0.387,0.004,-9.4,-7.6,False,False,,,True,True,False,False,False,False,False,False,NORMAL,3.7,,False,False,False,False,False,False,NORMAL,3.7,
3510,234.547277,True,0.389,0.004,-9.1,-7.2,False,False,,,True,True,False,False,False,False,False,False,NORMAL,3.7,,False,False,False,False,False,False,NORMAL,3.7,
3511,234.614100,True,0.393,0.005,-9.6,-8.0,False,False,,,True,True,False,False,False,False,False,False,NORMAL,3.7,,False,False,False,False,False,False,NORMAL,3.7,
3512,234.680922,True,0.391,0.005,-9.7,-7.8,False,False,,,True,True,False,False,False,False,False,False,NORMAL,3.7,,False,False,False,False,False,False,NORMAL,3.7,
3513,234.747745,True,0.381,0.005,-9.7,-7.9,False,False,,,True,True,False,False,False,False,False,False,NORMAL,3.6,,False,False,False,False,False,False,NORMAL,3.6,
3514,234.814567,True,0.382,0.005,-9.8,-8.0,False,False,,,True,True,False,False,False,False,False,False,NORMAL,3.6,,False,False,False,False,False,False,NORMAL,3.6,
3515,234.881390,True,0.377,0.005,-9.5,-7.7,False,False,,,True,True,False,False,False,False,False,False,NORMAL,3.5,,False,False,False,False,False,False,NORMAL,3.5,
3516,234.948212,True,0.374,0.003,-9.2,-6.9,False,False,,,True,True,False,False,False,False,False,False,NORMAL,3.4,,False,False,False,False,False,False,NORMAL,3.4,
3517,235.015035,True,0.388,0.004,-8.3,-6.5,False,False,,,True,True,False,False,False,False,False,False,NORMAL,3.4,,False,False,False,False,False,False,NORMAL,3.4,
3518,235.081858,True,0.385,0.004,-8.2,-6.4,False,False,,,True,True,False,False,False,False,False,False,NORMAL,3.3,,False,False,False,False,False,False,NORMAL,3.3,
3519,235.148680,True,0.363,0.006,-7.2,-7.2,False,False,,,True,True,False,False,False,False,False,False,NORMAL,3.2,,False,False,False,False,False,False,NORMAL,3.2,
3520,235.215503,True,0.365,0.005,-8.3,-7.9,False,False,,,True,True,False,False,False,False,False,False,NORMAL,3.2,,False,False,False,False,False,False,NORMAL,3.2,
3521,235.282325,True,0.361,0.008,-7.3,-7.9,False,False,,,True,True,False,False,False,False,False,False,NORMAL,3.1,,False,False,False,False,False,False,NORMAL,3.1,
3522,235.349148,True,0.361,0.007,-7.9,-8.6,False,False,,,True,True,False,False,False,False,False,False,NORMAL,3.0,,False,False,False,False,False,False,NORMAL,3.0,
3523,235.415971,True,0.362,0.005,-7.9,-8.8,False,False,,,True,True,False,False,False,False,False,False,NORMAL,3.0,,False,False,False,False,False,False,NORMAL,3.0,
3524,235.482793,True,0.362,0.004,-8.3,-8.5,False,False,,,True,True,False,False,False,False,False,False,NORMAL,3.0,,False,False,False,False,False,False,NORMAL,3.0,
3525,235.549616,True,0.361,0.004,-8.3,-8.5,False,False,,,True,True,False,False,False,False,False,False,NORMAL,3.0,,False,False,False,False,False,False,NORMAL,3.0,
3526,235.616438,True,0.349,0.005,-8.1,-8.9,False,False,,,True,True,False,False,False,False,False,False,NORMAL,3.0,,False,False,False,False,False,False,NORMAL,3.0,
3527,235.683261,True,0.349,0.005,-9.7,-9.4,False,False,,,True,True,False,False,False,False,False,False,NORMAL,3.0,,False,False,False,False,False,False,NORMAL,3.0,
3528,235.750084,True,0.344,0.005,-9.4,-9.5,False,False,,,True,True,False,False,False,False,False,False,NORMAL,3.0,,False,False,False,False,False,False,NORMAL,3.0,
3529,235.816906,True,0.341,0.005,-9.5,-9.8,False,False,,,True,True,False,False,False,False,False,False,NORMAL,3.0,,False,False,False,False,False,False,NORMAL,3.0,
3530,235.883729,True,0.307,0.006,-10.0,-9.6,False,False,,,True,True,False,False,False,False,False,False,NORMAL,3.0,,False,False,False,False,False,False,NORMAL,3.0,
3531,235.950551,True,0.339,0.14,-10.0,-9.0,False,False,,,True,True,False,False,False,False,False,False,NORMAL,3.0,,False,False,False,False,False,False,NORMAL,3.0,
3532,236.017374,True,0.355,0.168,-10.1,-10.1,False,False,,,True,True,False,False,False,False,False,False,NORMAL,3.0,,False,False,False,False,False,False,NORMAL,3.0,
3533,236.084196,True,0.323,0.228,-9.5,-9.4,False,False,,,True,True,False,False,False,False,False,False,NORMAL,3.0,,False,False,False,False,False,False,NORMAL,3.0,
3534,236.151019,True,0.342,0.19,-9.5,-9.6,False,False,,,True,True,False,False,False,False,False,False,NORMAL,3.0,,False,False,False,False,False,False,NORMAL,3.0,
3535,236.217842,True,0.341,0.181,-9.5,-9.3,False,False,,,True,True,False,False,False,False,False,False,NORMAL,3.0,,False,False,False,False,False,False,NORMAL,3.0,
3536,236.284664,True,0.359,0.171,-7.6,-7.9,False,False,,,True,True,False,False,False,False,False,False,NORMAL,3.0,,False,False,False,False,False,False,NORMAL,3.0,
3537,236.351487,True,0.37,0.197,-5.6,-8.8,False,False,,,True,True,False,False,False,False,False,False,NORMAL,3.0,,False,False,False,False,False,False,NORMAL,3.0,
3538,236.418309,True,0.364,0.22,-4.9,-9.2,False,False,,,True,True,False,False,False,False,False,False,NORMAL,3.0,,False,False,False,False,False,False,NORMAL,3.0,
3539,236.485132,True,0.371,0.21,-4.9,-8.8,False,False,,,True,True,False,False,False,False,False,False,NORMAL,3.0,,False,False,False,False,False,False,NORMAL,3.0,
3540,236.551955,True,0.348,0.195,-5.8,-10.5,False,False,,,True,True,False,False,False,False,False,False,NORMAL,3.0,,False,False,False,False,False,False,NORMAL,3.0,
3541,236.618777,True,0.354,0.174,-5.7,-10.9,False,False,,,True,True,False,False,False,False,False,False,NORMAL,3.0,,False,False,False,False,False,False,NORMAL,3.0,
3542,236.685600,True,0.35,0.156,-6.3,-10.9,False,False,,,True,True,False,False,False,False,False,False,NORMAL,3.0,,False,False,False,False,False,False,NORMAL,3.0,
3543,236.752422,True,0.301,0.153,-7.6,-12.3,False,False,,,True,True,False,False,False,False,False,False,NORMAL,3.0,,False,False,False,False,False,False,NORMAL,3.0,
3544,236.819245,True,0.283,0.159,-7.3,-12.4,False,False,,,True,True,False,False,False,False,False,False,NORMAL,3.0,,False,False,False,False,False,False,NORMAL,3.0,
3545,236.886067,True,0.295,0.162,-7.4,-12.2,False,False,,,True,True,False,False,False,False,False,False,NORMAL,3.0,,False,False,False,False,False,False,NORMAL,3.0,
3546,236.952890,True,0.3,0.163,-2.9,-13.7,False,False,,,True,True,False,False,False,False,False,False,NORMAL,3.0,,False,False,False,False,False,False,NORMAL,3.0,
3547,237.019713,True,0.298,0.171,-1.7,-13.8,False,False,,,True,True,False,False,False,False,False,False,NORMAL,3.0,,False,False,False,False,False,False,NORMAL,3.0,
3548,237.086535,True,0.304,0.18,0.7,-14.9,False,False,,,True,True,False,False,False,False,False,False,NORMAL,3.0,,False,False,False,False,False,False,NORMAL,3.0,
3549,237.153358,True,0.325,0.145,0.6,-10.6,False,False,,,True,True,False,False,False,False,False,False,NORMAL,3.0,,False,False,False,False,False,False,NORMAL,3.0,
3550,237.220180,True,0.176,0.03,0.2,-1.7,False,False,,,True,True,False,False,False,False,False,False,NORMAL,3.0,,False,False,False,False,False,False,NORMAL,3.0,
3551,237.287003,True,0.251,0.016,-0.6,5.0,False,False,,,True,True,False,False,False,False,False,False,NORMAL,3.0,,False,False,False,False,False,False,NORMAL,3.0,
3552,237.353826,True,0.229,0.008,-1.7,5.5,False,False,,,True,True,False,False,False,False,False,False,NORMAL,3.0,,False,False,False,False,False,False,NORMAL,3.0,
3553,237.420648,True,0.204,0.006,-2.1,6.0,False,False,,,True,True,False,False,False,False,False,False,NORMAL,3.0,,False,False,False,False,False,False,NORMAL,3.0,
3554,237.487471,True,0.127,0.005,-3.6,5.4,False,False,,,True,True,False,False,False,False,False,False,NORMAL,3.2,,False,False,False,False,False,False,NORMAL,3.2,
3555,237.554293,True,0.344,0.005,-3.7,5.6,False,False,,,True,True,False,False,False,False,False,False,NORMAL,3.2,,False,False,False,False,False,False,NORMAL,3.2,
3556,237.621116,True,0.332,0.006,-3.9,6.0,False,False,,,True,True,False,False,False,False,False,False,NORMAL,3.2,,False,False,False,False,False,False,NORMAL,3.2,
3557,237.687939,True,0.238,0.008,-2.1,9.2,False,False,,,True,True,False,False,False,False,False,False,NORMAL,3.2,,False,False,False,False,False,False,NORMAL,3.2,
3558,237.754761,True,0.183,0.007,-3.6,10.8,False,False,,,True,True,False,False,False,False,False,False,NORMAL,3.2,,False,False,False,False,False,False,NORMAL,3.2,
3559,237.821584,True,0.197,0.004,-4.5,12.3,False,False,,,True,True,False,False,False,False,False,False,NORMAL,3.2,,False,False,False,False,False,False,NORMAL,3.2,
3560,237.888406,True,0.139,0.007,-4.0,12.7,False,False,,,True,True,False,False,False,False,False,False,NORMAL,3.5,,False,False,False,False,False,False,NORMAL,3.5,
3561,237.955229,True,0.147,0.002,-4.5,13.0,False,False,,,True,True,False,False,False,False,False,False,NORMAL,3.7,,False,False,False,False,False,False,NORMAL,3.7,
3562,238.022051,True,0.148,0.001,-4.4,13.0,False,False,,,True,True,False,False,False,False,False,False,NORMAL,5.2,,False,False,False,False,False,False,NORMAL,5.2,
3563,238.088874,True,0.137,0.005,-6.7,12.3,False,False,,,True,True,False,False,False,False,False,False,NORMAL,7.8,,False,False,False,False,False,False,NORMAL,7.8,
3564,238.155697,True,0.127,0.007,-8.9,12.9,False,False,,,True,True,False,False,False,False,False,False,NORMAL,10.4,,False,False,False,False,False,False,NORMAL,10.4,
3565,238.222519,True,0.129,0.015,-10.1,12.3,False,False,,,True,True,False,False,False,False,False,False,NORMAL,13.0,,False,False,False,False,False,False,NORMAL,13.0,
3566,238.289342,True,0.106,0.012,-12.8,11.2,False,False,,,True,True,False,False,False,False,False,False,NORMAL,15.6,,False,False,False,False,False,False,NORMAL,15.6,
3567,238.356164,False,0.0,0.0,0.0,0.0,False,False,,,True,True,False,False,False,False,False,False,NORMAL,15.3,,False,False,False,False,False,False,NORMAL,15.3,
3568,238.422987,False,0.0,0.0,0.0,0.0,False,False,,,True,True,False,False,False,False,False,False,NORMAL,15.0,,False,False,False,False,False,False,NORMAL,15.0,
3569,238.489810,False,0.0,0.0,0.0,0.0,False,False,,,True,True,False,False,False,False,False,False,NORMAL,14.7,,False,False,False,False,False,False,NORMAL,14.7,
3570,238.556632,False,0.0,0.0,0.0,0.0,False,False,,,True,True,False,False,False,False,False,False,NORMAL,14.4,,False,False,False,False,False,False,NORMAL,14.4,
3571,238.623455,True,0.337,0.019,-37.2,-0.1,False,False,,,True,True,False,False,False,False,False,False,NORMAL,14.1,,False,False,False,False,False,False,NORMAL,14.1,
3572,238.690277,True,0.369,0.016,-34.5,2.7,False,False,,,True,True,False,False,False,False,False,False,NORMAL,13.8,,False,False,False,False,False,False,NORMAL,13.8,
3573,238.757100,True,0.321,0.021,-35.5,1.5,False,False,,,True,True,False,False,False,False,False,False,NORMAL,13.6,,False,False,False,False,False,False,NORMAL,13.6,
3574,238.823922,True,0.365,0.011,-33.9,0.2,False,False,,,True,True,False,False,False,False,False,False,NORMAL,13.3,,False,False,False,False,False,False,NORMAL,13.3,
3575,238.890745,True,0.349,0.009,-34.8,-1.7,False,False,,,True,True,False,False,False,False,False,False,NORMAL,13.0,,False,False,False,False,False,False,NORMAL,13.0,
3576,238.957568,False,0.0,0.0,0.0,0.0,False,False,,,True,True,False,False,False,False,False,False,NORMAL,12.8,,False,False,False,False,False,False,NORMAL,12.8,
3577,239.024390,True,0.35,0.016,-35.8,-5.8,False,False,,,True,True,False,False,False,False,False,False,NORMAL,12.5,,False,False,False,False,False,False,NORMAL,12.5,
3578,239.091213,True,0.357,0.016,-31.3,-2.2,False,False,,,True,True,False,False,False,False,False,False,NORMAL,12.3,,False,False,False,False,False,False,NORMAL,12.3,
3579,239.158035,False,0.0,0.0,0.0,0.0,False,False,,,True,True,False,False,False,False,False,False,NORMAL,12.0,,False,False,False,False,False,False,NORMAL,12.0,
3580,239.224858,False,0.0,0.0,0.0,0.0,False,False,,,True,True,False,False,False,False,False,False,NORMAL,11.8,,False,False,False,False,False,False,NORMAL,11.8,
3581,239.291681,False,0.0,0.0,0.0,0.0,False,False,,,True,True,False,False,False,False,False,False,NORMAL,11.5,,False,False,False,False,False,False,NORMAL,11.5,
3582,239.358503,False,0.0,0.0,0.0,0.0,False,False,,,True,True,False,False,False,False,False,False,NORMAL,11.3,,False,False,False,False,False,False,NORMAL,11.3,
3583,239.425326,False,0.0,0.0,0.0,0.0,False,False,,,True,True,False,False,False,False,False,False,NORMAL,11.1,,False,False,False,False,False,False,NORMAL,11.1,
3584,239.492148,False,0.0,0.0,0.0,0.0,False,False,,,True,True,False,False,False,False,False,False,NORMAL,10.9,,False,False,False,False,False,False,NORMAL,10.9,
3585,239.558971,False,0.0,0.0,0.0,0.0,False,False,,,True,True,False,False,False,False,False,False,NORMAL,10.7,,False,False,False,False,False,False,NORMAL,10.7,
3586,239.625794,False,0.0,0.0,0.0,0.0,False,False,,,True,True,False,False,False,False,False,False,NORMAL,10.4,,False,False,False,False,False,False,NORMAL,10.4,
3587,239.692616,False,0.0,0.0,0.0,0.0,False,False,,,True,True,False,False,False,False,False,False,NORMAL,10.2,,False,False,False,False,False,False,NORMAL,10.2,
3588,239.759439,False,0.0,0.0,0.0,0.0,False,False,,,True,True,False,False,False,False,False,False,NORMAL,10.0,,False,False,False,False,False,False,NORMAL,10.0,
3589,239.826261,False,0.0,0.0,0.0,0.0,False,False,,,True,True,False,False,False,False,False,False,NORMAL,9.8,,False,False,False,False,False,False,NORMAL,9.8,
3590,239.893084,False,0.0,0.0,0.0,0.0,False,False,,,True,True,False,False,False,False,False,False,NORMAL,9.6,,False,False,False,False,False,False,NORMAL,9.6,
3591,239.959906,False,0.0,0.0,0.0,0.0,False,False,,,True,True,False,False,False,False,False,False,NORMAL,9.4,,False,False,False,False,False,False,NORMAL,9.4,
3592,240.026729,False,0.0,0.0,0.0,0.0,False,False,,,True,True,False,False,False,False,False,False,NORMAL,9.3,,False,False,False,False,False,False,NORMAL,9.3,
3593,240.093552,False,0.0,0.0,0.0,0.0,False,False,,,True,True,False,False,False,False,False,False,NORMAL,9.1,,False,False,False,False,False,False,NORMAL,9.1,
3594,240.160374,False,0.0,0.0,0.0,0.0,False,False,,,True,True,False,False,False,False,False,False,NORMAL,8.9,,False,False,False,False,False,False,NORMAL,8.9,
3595,240.227197,True,0.311,0.225,-21.2,-9.1,False,False,,,True,True,False,False,False,False,False,False,NORMAL,8.7,,False,False,False,False,False,False,NORMAL,8.7,
3596,240.294019,True,0.285,0.2,-6.9,-8.6,False,False,,,True,True,False,False,False,False,False,False,NORMAL,8.5,,False,False,False,False,False,False,NORMAL,8.5,
3597,240.360842,True,0.296,0.196,-5.9,-9.2,False,False,,,True,True,False,False,False,False,False,False,NORMAL,8.4,,False,False,False,False,False,False,NORMAL,8.4,
3598,240.427665,True,0.296,0.195,-6.0,-9.1,False,False,,,True,True,False,False,False,False,False,False,NORMAL,8.2,,False,False,False,False,False,False,NORMAL,8.2,
3599,240.494487,True,0.279,0.202,-4.3,-8.6,False,False,,,True,True,False,False,False,False,False,False,NORMAL,8.0,,False,False,False,False,False,False,NORMAL,8.0,
3600,240.561310,True,0.332,0.198,-1.7,-9.3,False,False,,,True,True,False,False,False,False,False,False,NORMAL,7.9,,False,False,False,False,False,False,NORMAL,7.9,
3601,240.628132,True,0.34,0.199,-2.3,-10.0,False,False,,,True,True,False,False,False,False,False,False,NORMAL,7.7,,False,False,False,False,False,False,NORMAL,7.7,
3602,240.694955,True,0.347,0.212,1.2,-11.3,False,False,,,True,True,False,False,False,False,False,False,NORMAL,7.6,,False,False,False,False,False,False,NORMAL,7.6,
3603,240.761777,True,0.35,0.231,4.0,-11.1,False,False,,,True,True,False,False,False,False,False,False,NORMAL,7.4,,False,False,False,False,False,False,NORMAL,7.4,
3604,240.828600,True,0.341,0.229,4.0,-11.5,False,False,,,True,True,False,False,False,False,False,False,NORMAL,7.3,,False,False,False,False,False,False,NORMAL,7.3,
3605,240.895423,True,0.324,0.222,4.8,-10.6,False,False,,,True,True,False,False,False,False,False,False,NORMAL,7.1,,False,False,False,False,False,False,NORMAL,7.1,
3606,240.962245,True,0.324,0.266,4.9,-10.8,False,False,,,True,True,False,False,False,False,False,False,NORMAL,7.0,,False,False,False,False,False,False,NORMAL,7.0,
3607,241.029068,True,0.307,0.222,5.8,-9.2,False,False,,,True,True,False,False,False,False,False,False,NORMAL,6.9,,False,False,False,False,False,False,NORMAL,6.9,
3608,241.095890,True,0.297,0.206,6.1,-8.7,False,False,,,True,True,False,False,False,False,False,False,NORMAL,6.7,,False,False,False,False,False,False,NORMAL,6.7,
3609,241.162713,True,0.289,0.204,2.6,-4.2,False,False,,,True,True,False,False,False,False,False,False,NORMAL,6.6,,False,False,False,False,False,False,NORMAL,6.6,
3610,241.229536,True,0.272,0.165,2.1,-3.3,False,False,,,True,True,False,False,False,False,False,False,NORMAL,6.5,,False,False,False,False,False,False,NORMAL,6.5,
3611,241.296358,True,0.29,0.183,0.8,-2.5,False,False,,,True,True,False,False,False,False,False,False,NORMAL,6.3,,False,False,False,False,False,False,NORMAL,6.3,
3612,241.363181,True,0.239,0.179,-7.7,-1.5,False,False,,,True,True,False,False,False,False,False,False,NORMAL,6.2,,False,False,False,False,False,False,NORMAL,6.2,
3613,241.430003,True,0.196,0.174,-7.7,-2.1,False,False,,,True,True,False,False,False,False,False,False,NORMAL,6.1,,False,False,False,False,False,False,NORMAL,6.1,
3614,241.496826,True,0.265,0.109,-15.1,-3.6,False,False,,,True,True,False,False,False,False,False,False,NORMAL,6.0,,False,False,False,False,False,False,NORMAL,6.0,
3615,241.563649,True,0.28,0.082,-18.7,-5.0,False,False,,,True,True,False,False,False,False,False,False,NORMAL,5.8,,False,False,False,False,False,False,NORMAL,5.8,
3616,241.630471,True,0.298,0.103,-18.7,-5.2,False,False,,,True,True,False,False,False,False,False,False,NORMAL,5.7,,False,False,False,False,False,False,NORMAL,5.7,
3617,241.697294,True,0.441,0.169,-18.4,-4.9,False,False,,,True,True,False,False,False,False,False,False,NORMAL,5.6,,False,False,False,False,False,False,NORMAL,5.6,
3618,241.764116,True,0.499,0.133,-19.1,-4.0,False,False,,,True,True,False,False,False,False,False,False,NORMAL,5.5,,False,False,False,False,False,False,NORMAL,5.5,
3619,241.830939,True,0.354,0.154,-17.3,-5.0,False,False,,,True,True,False,False,False,False,False,False,NORMAL,5.4,,False,False,False,False,False,False,NORMAL,5.4,
3620,241.897761,True,0.293,0.046,-15.6,-7.9,False,False,,,True,True,False,False,False,False,False,False,NORMAL,5.3,,False,False,False,False,False,False,NORMAL,5.3,
3621,241.964584,True,0.287,0.028,-15.1,-8.6,False,False,,,True,True,False,False,False,False,False,False,NORMAL,5.2,,False,False,False,False,False,False,NORMAL,5.2,
3622,242.031407,True,0.308,0.051,-15.3,-8.1,False,False,,,True,True,False,False,False,False,False,False,NORMAL,5.1,,False,False,False,False,False,False,NORMAL,5.1,
3623,242.098229,True,0.384,0.009,-16.6,-11.7,False,False,,,True,True,False,False,False,False,False,False,NORMAL,5.0,,False,False,False,False,False,False,NORMAL,5.0,
3624,242.165052,True,0.295,0.013,-17.1,-15.7,False,False,,,True,True,False,False,False,False,False,False,NORMAL,4.9,,False,False,False,False,False,False,NORMAL,4.9,
3625,242.231874,True,0.315,0.012,-16.2,-15.4,False,False,,,True,True,False,False,False,False,False,False,NORMAL,4.8,,False,False,False,False,False,False,NORMAL,4.8,
3626,242.298697,True,0.348,0.013,-15.6,-15.9,False,False,,,True,True,False,False,False,False,False,False,NORMAL,4.7,,False,False,False,False,False,False,NORMAL,4.7,
3627,242.365520,True,0.338,0.011,-14.4,-12.8,False,False,,,True,True,False,False,False,False,False,False,NORMAL,4.6,,False,False,False,False,False,False,NORMAL,4.6,
3628,242.432342,True,0.369,0.005,-13.6,-12.4,False,False,,,True,True,False,False,False,False,False,False,NORMAL,4.5,,False,False,False,False,False,False,NORMAL,4.5,
3629,242.499165,True,0.376,0.011,-11.5,-13.4,False,False,,,True,True,False,False,False,False,False,False,NORMAL,4.4,,False,False,False,False,False,False,NORMAL,4.4,
3630,242.565987,True,0.361,0.013,-11.3,-13.3,False,False,,,True,True,False,False,False,False,False,False,NORMAL,4.3,,False,False,False,False,False,False,NORMAL,4.3,
3631,242.632810,True,0.371,0.01,-10.5,-12.3,False,False,,,True,True,False,False,False,False,False,False,NORMAL,4.2,,False,False,False,False,False,False,NORMAL,4.2,
3632,242.699632,True,0.347,0.011,-9.1,-11.7,False,False,,,True,True,False,False,False,False,False,False,NORMAL,4.2,,False,False,False,False,False,False,NORMAL,4.2,
3633,242.766455,True,0.313,0.005,-7.6,-13.2,False,False,,,True,True,False,False,False,False,False,False,NORMAL,4.1,,False,False,False,False,False,False,NORMAL,4.1,
3634,242.833278,True,0.305,0.009,-7.8,-13.8,False,False,,,True,True,False,False,False,False,False,False,NORMAL,4.0,,False,False,False,False,False,False,NORMAL,4.0,
3635,242.900100,True,0.309,0.008,-7.8,-13.7,False,False,,,True,True,False,False,False,False,False,False,NORMAL,3.9,,False,False,False,False,False,False,NORMAL,3.9,
3636,242.966923,True,0.325,0.008,-7.2,-10.1,False,False,,,True,True,False,False,False,False,False,False,NORMAL,3.8,,False,False,False,False,False,False,NORMAL,3.8,
3637,243.033745,True,0.322,0.008,-7.3,-10.1,False,False,,,True,True,False,False,False,False,False,False,NORMAL,3.8,,False,False,False,False,False,False,NORMAL,3.8,
3638,243.100568,True,0.317,0.006,-7.1,-10.5,False,False,,,True,True,False,False,False,False,False,False,NORMAL,3.7,,False,False,False,False,False,False,NORMAL,3.7,
3639,243.167391,True,0.308,0.01,-8.4,-12.0,False,False,,,True,True,False,False,False,False,False,False,NORMAL,3.6,,False,False,False,False,False,False,NORMAL,3.6,
3640,243.234213,True,0.331,0.011,-9.5,-11.8,False,False,,,True,True,False,False,False,False,False,False,NORMAL,3.5,,False,False,False,False,False,False,NORMAL,3.5,
3641,243.301036,True,0.33,0.009,-9.7,-10.4,False,False,,,True,True,False,False,False,False,False,False,NORMAL,3.5,,False,False,False,False,False,False,NORMAL,3.5,
3642,243.367858,True,0.327,0.009,-9.4,-10.4,False,False,,,True,True,False,False,False,False,False,False,NORMAL,3.4,,False,False,False,False,False,False,NORMAL,3.4,
3643,243.434681,True,0.328,0.009,-8.1,-8.4,False,False,,,True,True,False,False,False,False,False,False,NORMAL,3.3,,False,False,False,False,False,False,NORMAL,3.3,
3644,243.501504,True,0.333,0.013,-7.5,-8.7,False,False,,,True,True,False,False,False,False,False,False,NORMAL,3.3,,False,False,False,False,False,False,NORMAL,3.3,
3645,243.568326,True,0.338,0.014,-7.0,-8.6,False,False,,,True,True,False,False,False,False,False,False,NORMAL,3.2,,False,False,False,False,False,False,NORMAL,3.2,
3646,243.635149,True,0.336,0.012,-7.2,-8.9,False,False,,,True,True,False,False,False,False,False,False,NORMAL,3.1,,False,False,False,False,False,False,NORMAL,3.1,
3647,243.701971,True,0.347,0.012,-6.3,-8.0,False,False,,,True,True,False,False,False,False,False,False,NORMAL,3.1,,False,False,False,False,False,False,NORMAL,3.1,
3648,243.768794,True,0.341,0.011,-4.8,-8.7,False,False,,,True,True,False,False,False,False,False,False,NORMAL,3.1,,False,False,False,False,False,False,NORMAL,3.1,
3649,243.835616,True,0.342,0.01,-5.3,-9.3,False,False,,,True,True,False,False,False,False,False,False,NORMAL,3.1,,False,False,False,False,False,False,NORMAL,3.1,
3650,243.902439,True,0.337,0.011,-5.3,-9.6,False,False,,,True,True,False,False,False,False,False,False,NORMAL,3.1,,False,False,False,False,False,False,NORMAL,3.1,
3651,243.969262,True,0.345,0.008,-5.7,-8.8,False,False,,,True,True,False,False,False,False,False,False,NORMAL,3.1,,False,False,False,False,False,False,NORMAL,3.1,
3652,244.036084,True,0.349,0.006,-6.6,-9.4,False,False,,,True,True,False,False,False,False,False,False,NORMAL,3.1,,False,False,False,False,False,False,NORMAL,3.1,
3653,244.102907,True,0.351,0.006,-6.6,-9.2,False,False,,,True,True,False,False,False,False,False,False,NORMAL,3.1,,False,False,False,False,False,False,NORMAL,3.1,
3654,244.169729,True,0.351,0.007,-6.9,-9.2,False,False,,,True,True,False,False,False,False,False,False,NORMAL,3.1,,False,False,False,False,False,False,NORMAL,3.1,
3655,244.236552,True,0.355,0.007,-6.6,-8.7,False,False,,,True,True,False,False,False,False,False,False,NORMAL,3.1,,False,False,False,False,False,False,NORMAL,3.1,
3656,244.303375,True,0.344,0.005,-6.2,-9.1,False,False,,,True,True,False,False,False,False,False,False,NORMAL,3.1,,False,False,False,False,False,False,NORMAL,3.1,
3657,244.370197,True,0.308,0.006,-8.1,-11.1,False,False,,,True,True,False,False,False,False,False,False,NORMAL,3.1,,False,False,False,False,False,False,NORMAL,3.1,
3658,244.437020,True,0.306,0.007,-10.1,-12.5,False,False,,,True,True,False,False,False,False,False,False,NORMAL,3.1,,False,False,False,False,False,False,NORMAL,3.1,
3659,244.503842,True,0.288,0.014,-10.1,-10.0,False,False,,,True,True,False,False,False,False,False,False,NORMAL,3.1,,False,False,False,False,False,False,NORMAL,3.1,
3660,244.570665,True,0.291,0.007,-8.7,-9.0,False,False,,,True,True,False,False,False,False,False,False,NORMAL,3.1,,False,False,False,False,False,False,NORMAL,3.1,
3661,244.637487,True,0.305,0.004,-8.4,-9.7,False,False,,,True,True,False,False,False,False,False,False,NORMAL,3.1,,False,False,False,False,False,False,NORMAL,3.1,
3662,244.704310,True,0.237,0.024,-11.3,-8.0,False,False,,,True,True,False,False,False,False,False,False,NORMAL,3.1,,False,False,False,False,False,False,NORMAL,3.1,
3663,244.771133,True,0.25,0.012,-10.4,-9.5,False,False,,,True,True,False,False,False,False,False,False,NORMAL,3.1,,False,False,False,False,False,False,NORMAL,3.1,
3664,244.837955,True,0.344,0.004,-10.5,-6.4,False,False,,,True,True,False,False,False,False,False,False,NORMAL,3.1,,False,False,False,False,False,False,NORMAL,3.1,
3665,244.904778,True,0.36,0.026,-10.0,-6.7,False,False,,,True,True,False,False,False,False,False,False,NORMAL,3.1,,False,False,False,False,False,False,NORMAL,3.1,
3666,244.971600,True,0.352,0.018,-10.0,-6.2,False,False,,,True,True,False,False,False,False,False,False,NORMAL,3.1,,False,False,False,False,False,False,NORMAL,3.1,
3667,245.038423,True,0.327,0.008,-9.6,-6.6,False,False,,,True,True,False,False,False,False,False,False,NORMAL,3.1,,False,False,False,False,False,False,NORMAL,3.1,
3668,245.105246,True,0.324,0.008,-9.0,-7.3,False,False,,,True,True,False,False,False,False,False,False,NORMAL,3.1,,False,False,False,False,False,False,NORMAL,3.1,
3669,245.172068,True,0.302,0.017,-7.5,-8.4,True,True,,,True,True,False,False,False,False,False,False,NORMAL,3.1,,False,False,False,False,False,False,NORMAL,3.1,
3670,245.238891,True,0.279,0.012,-8.1,-8.6,False,False,,,True,True,False,False,False,False,False,False,NORMAL,3.1,,False,False,False,False,False,False,NORMAL,3.1,
3671,245.305713,True,0.272,0.023,-7.7,-8.5,False,False,,,True,True,False,False,False,False,False,False,NORMAL,3.1,,False,False,False,False,False,False,NORMAL,3.1,
3672,245.372536,True,0.297,0.01,-6.2,-8.2,True,True,,,True,True,False,False,False,False,False,False,NORMAL,3.1,,False,False,False,False,False,False,NORMAL,3.1,
3673,245.439359,True,0.307,0.028,-4.7,-6.3,True,True,,,True,True,False,False,False,False,False,False,NORMAL,3.1,,False,False,False,False,False,False,NORMAL,3.1,
3674,245.506181,True,0.33,0.014,-3.7,-5.3,True,True,,,True,True,False,False,False,False,False,False,NORMAL,3.1,,False,False,False,False,False,False,NORMAL,3.1,
3675,245.573004,True,0.312,0.012,-3.1,-4.1,False,False,,,True,True,False,False,False,False,False,False,NORMAL,3.1,,False,False,False,False,False,False,NORMAL,3.1,
3676,245.639826,True,0.295,0.01,-2.8,-5.4,True,True,,,True,True,False,False,False,False,False,False,NORMAL,3.1,,False,False,False,False,False,False,NORMAL,3.1,
3677,245.706649,True,0.288,0.008,-2.2,-6.0,True,True,,,True,True,False,False,False,False,False,False,NORMAL,3.1,,False,False,False,False,False,False,NORMAL,3.1,
3678,245.773471,True,0.271,0.018,-0.3,-7.4,True,True,,,True,True,False,False,False,False,False,False,NORMAL,3.1,,False,False,False,False,False,False,NORMAL,3.1,
3679,245.840294,True,0.275,0.017,0.6,-9.0,True,True,,,True,True,False,False,False,False,False,False,NORMAL,3.1,,False,False,False,False,False,False,NORMAL,3.1,
3680,245.907117,True,0.284,0.013,-1.3,-11.3,False,False,,,True,True,False,False,False,False,False,False,NORMAL,3.1,,False,False,False,False,False,False,NORMAL,3.1,
3681,245.973939,True,0.282,0.022,-2.1,-13.1,False,False,,,True,True,False,False,False,False,False,False,NORMAL,3.1,,False,False,False,False,False,False,NORMAL,3.1,
3682,246.040762,True,0.279,0.028,-1.5,-12.6,False,False,,,True,True,False,False,False,False,False,False,NORMAL,3.1,,False,False,False,False,False,False,NORMAL,3.1,
3683,246.107584,True,0.264,0.015,-1.9,-13.1,False,False,,,True,True,False,False,False,False,False,False,NORMAL,3.1,,False,False,False,False,False,False,NORMAL,3.1,
3684,246.174407,True,0.267,0.016,-3.2,-11.4,False,False,,,True,True,False,False,False,False,False,False,NORMAL,3.1,,False,False,False,False,False,False,NORMAL,3.1,
3685,246.241230,True,0.286,0.021,-5.5,-10.7,False,False,,,True,True,False,False,False,False,False,False,NORMAL,3.1,,False,False,False,False,False,False,NORMAL,3.1,
3686,246.308052,True,0.299,0.02,-6.6,-6.5,False,False,,,True,True,False,False,False,False,False,False,NORMAL,3.1,,False,False,False,False,False,False,NORMAL,3.1,
3687,246.374875,True,0.285,0.018,-5.7,-7.5,False,False,,,True,True,False,False,False,False,False,False,NORMAL,3.1,,False,False,False,False,False,False,NORMAL,3.1,
3688,246.441697,True,0.288,0.016,-6.4,-8.0,True,True,,,True,True,False,False,False,False,False,False,NORMAL,3.1,,False,False,False,False,False,False,NORMAL,3.1,
3689,246.508520,True,0.31,0.009,-4.7,-6.7,False,False,,,True,True,False,False,False,False,False,False,NORMAL,3.1,,False,False,False,False,False,False,NORMAL,3.1,
3690,246.575342,True,0.326,0.034,-1.9,-5.9,False,False,,,True,True,False,False,False,False,False,False,NORMAL,3.0,,False,False,False,False,False,False,NORMAL,3.0,
3691,246.642165,True,0.325,0.033,-2.2,-6.6,False,False,,,True,True,False,False,False,False,False,False,NORMAL,3.0,,False,False,False,False,False,False,NORMAL,3.0,
3692,246.708988,True,0.323,0.006,-2.1,-6.0,False,False,,,True,True,False,False,False,False,False,False,NORMAL,2.9,,False,False,False,False,False,False,NORMAL,2.9,
3693,246.775810,True,0.332,0.008,-2.3,-3.7,False,False,,,True,True,False,False,False,False,False,False,NORMAL,2.8,,False,False,False,False,False,False,NORMAL,2.8,
3694,246.842633,True,0.342,0.007,-3.0,-3.8,False,False,,,True,True,False,False,False,False,False,False,NORMAL,2.8,,False,False,False,False,False,False,NORMAL,2.8,
3695,246.909455,True,0.367,0.014,-2.4,-2.2,False,False,,,True,True,False,False,False,False,False,False,NORMAL,2.8,,False,False,False,False,False,False,NORMAL,2.8,
3696,246.976278,True,0.366,0.012,-3.5,-2.0,False,False,,,True,True,False,False,False,False,False,False,NORMAL,2.8,,False,False,False,False,False,False,NORMAL,2.8,
3697,247.043101,True,0.349,0.011,-4.0,-1.9,False,False,,,True,True,False,False,False,False,False,False,NORMAL,2.8,,False,False,False,False,False,False,NORMAL,2.8,
3698,247.109923,True,0.308,0.009,-4.0,-1.9,False,False,,,True,True,False,False,False,False,False,False,NORMAL,2.8,,False,False,False,False,False,False,NORMAL,2.8,
3699,247.176746,True,0.328,0.009,-3.6,-0.6,False,False,,,True,True,False,False,False,False,False,False,NORMAL,2.8,,False,False,False,False,False,False,NORMAL,2.8,
3700,247.243568,True,0.326,0.007,-3.9,-0.3,False,False,,,True,True,False,False,False,False,False,False,NORMAL,2.8,,False,False,False,False,False,False,NORMAL,2.8,
3701,247.310391,True,0.331,0.002,-2.5,0.5,False,False,,,True,True,False,False,False,False,False,False,NORMAL,2.8,,False,False,False,False,False,False,NORMAL,2.8,
3702,247.377213,True,0.34,0.004,-2.0,1.3,False,False,,,True,True,False,False,False,False,False,False,NORMAL,2.8,,False,False,False,False,False,False,NORMAL,2.8,
3703,247.444036,True,0.378,0.005,-2.9,2.1,False,False,,,True,True,False,False,False,False,False,False,NORMAL,2.8,,False,False,False,False,False,False,NORMAL,2.8,
3704,247.510859,True,0.371,0.007,-2.5,2.5,False,False,,,True,True,False,False,False,False,False,False,NORMAL,2.8,,False,False,False,False,False,False,NORMAL,2.8,
3705,247.577681,True,0.376,0.008,-1.8,3.2,False,False,,,True,True,False,False,False,False,False,False,NORMAL,2.8,,False,False,False,False,False,False,NORMAL,2.8,
3706,247.644504,True,0.371,0.008,-1.5,3.0,False,False,,,True,True,False,False,False,False,False,False,NORMAL,2.8,,False,False,False,False,False,False,NORMAL,2.8,
3707,247.711326,True,0.347,0.016,-6.5,-2.4,False,False,,,True,True,False,False,False,False,False,False,NORMAL,2.8,,False,False,False,False,False,False,NORMAL,2.8,
3708,247.778149,True,0.342,0.019,-9.2,-4.6,False,False,,,True,True,False,False,False,False,False,False,NORMAL,2.8,,False,False,False,False,False,False,NORMAL,2.8,
3709,247.844972,True,0.313,0.021,-9.0,-6.1,True,True,,,True,True,False,False,False,False,False,False,NORMAL,2.8,,False,False,False,False,False,False,NORMAL,2.8,
3710,247.911794,True,0.325,0.019,-8.7,-8.3,True,True,,,True,True,False,False,False,False,False,False,NORMAL,2.8,,False,False,False,False,False,False,NORMAL,2.8,
3711,247.978617,True,0.331,0.022,-8.3,-8.9,True,True,,,True,True,False,False,False,False,False,False,NORMAL,2.8,,False,False,False,False,False,False,NORMAL,2.8,
3712,248.045439,True,0.313,0.032,-8.5,-8.5,True,True,,,True,True,False,False,False,False,False,False,NORMAL,2.8,,False,False,False,False,False,False,NORMAL,2.8,
3713,248.112262,True,0.318,0.027,-7.6,-4.8,True,True,,,True,True,False,False,False,False,False,False,NORMAL,2.8,,False,False,False,False,False,False,NORMAL,2.8,
3714,248.179085,True,0.316,0.019,-7.4,-3.4,True,True,,,True,True,False,False,False,False,False,False,NORMAL,2.8,,False,False,False,False,False,False,NORMAL,2.8,
3715,248.245907,True,0.312,0.015,-7.1,-2.8,True,True,,,True,True,False,False,False,False,False,False,NORMAL,2.8,,False,False,False,False,False,False,NORMAL,2.8,
3716,248.312730,True,0.32,0.018,-8.1,-3.3,True,True,,,True,True,False,False,False,False,False,False,NORMAL,2.8,,False,False,False,False,False,False,NORMAL,2.8,
3717,248.379552,True,0.332,0.027,-7.0,-2.5,True,True,,,True,True,False,False,False,False,False,False,NORMAL,2.8,,False,False,False,False,False,False,NORMAL,2.8,
3718,248.446375,True,0.339,0.024,-5.8,-3.2,True,True,,,True,True,False,False,False,False,False,False,NORMAL,2.8,,False,False,False,False,False,False,NORMAL,2.8,
3719,248.513197,True,0.353,0.043,-5.9,-3.5,False,False,,,True,True,False,False,False,False,False,False,NORMAL,2.8,,False,False,False,False,False,False,NORMAL,2.8,
3720,248.580020,True,0.362,0.019,-6.2,-3.4,True,True,,,True,True,False,False,False,False,False,False,NORMAL,2.8,,False,False,False,False,False,False,NORMAL,2.8,
3721,248.646843,True,0.358,0.014,-5.6,-3.6,False,False,,,True,True,False,False,False,False,False,False,NORMAL,2.8,,False,False,False,False,False,False,NORMAL,2.8,
3722,248.713665,True,0.363,0.017,-5.7,-4.4,False,False,,,True,True,False,False,False,False,False,False,NORMAL,2.8,,False,False,False,False,False,False,NORMAL,2.8,
3723,248.780488,True,0.366,0.005,-6.2,-4.7,False,False,,,True,True,False,False,False,False,False,False,NORMAL,2.8,,False,False,False,False,False,False,NORMAL,2.8,
3724,248.847310,True,0.355,0.005,-6.2,-6.2,False,False,,,True,True,False,False,False,False,False,False,NORMAL,2.8,,False,False,False,False,False,False,NORMAL,2.8,
3725,248.914133,True,0.357,0.005,-5.5,-6.1,True,True,,,True,True,False,False,False,False,False,False,NORMAL,2.8,,False,False,False,False,False,False,NORMAL,2.8,
3726,248.980956,True,0.362,0.011,-5.4,-6.2,False,False,,,True,True,False,False,False,False,False,False,NORMAL,2.8,,False,False,False,False,False,False,NORMAL,2.8,
3727,249.047778,True,0.362,0.011,-5.4,-6.0,True,True,,,True,True,False,False,False,False,False,False,NORMAL,2.8,,False,False,False,False,False,False,NORMAL,2.8,
3728,249.114601,True,0.373,0.016,-7.7,-9.1,False,False,,,True,True,False,False,False,False,False,False,NORMAL,2.8,,False,False,False,False,False,False,NORMAL,2.8,
3729,249.181423,True,0.393,0.018,-8.5,-9.6,False,False,,,True,True,False,False,False,False,False,False,NORMAL,2.8,,False,False,False,False,False,False,NORMAL,2.8,
3730,249.248246,True,0.385,0.01,-9.6,-10.7,False,False,,,True,True,False,False,False,False,False,False,NORMAL,2.8,,False,False,False,False,False,False,NORMAL,2.8,
3731,249.315068,True,0.361,0.014,-10.7,-10.7,False,False,,,True,True,False,False,False,False,False,False,NORMAL,2.8,,False,False,False,False,False,False,NORMAL,2.8,
3732,249.381891,True,0.365,0.025,-11.2,-10.4,False,False,,,True,True,False,False,False,False,False,False,NORMAL,2.8,,False,False,False,False,False,False,NORMAL,2.8,
3733,249.448714,True,0.374,0.04,-12.1,-9.8,False,False,,,True,True,False,False,False,False,False,False,NORMAL,2.7,,False,False,False,False,False,False,NORMAL,2.7,
3734,249.515536,True,0.388,0.02,-11.9,-8.8,False,False,,,True,True,False,False,False,False,False,False,NORMAL,2.7,,False,False,False,False,False,False,NORMAL,2.7,
3735,249.582359,True,0.391,0.026,-12.5,-8.4,False,False,,,True,True,False,False,False,False,False,False,NORMAL,2.7,,False,False,False,False,False,False,NORMAL,2.7,
3736,249.649181,True,0.391,0.026,-12.5,-7.5,False,False,,,True,True,False,False,False,False,False,False,NORMAL,2.7,,False,False,False,False,False,False,NORMAL,2.7,
3737,249.716004,True,0.389,0.021,-12.6,-7.7,False,False,,,True,True,False,False,False,False,False,False,NORMAL,2.7,,False,False,False,False,False,False,NORMAL,2.7,
3738,249.782827,True,0.378,0.018,-13.8,-8.0,False,False,,,True,True,False,False,False,False,False,False,NORMAL,2.7,,False,False,False,False,False,False,NORMAL,2.7,
3739,249.849649,True,0.377,0.013,-14.0,-8.0,False,False,,,True,True,False,False,False,False,False,False,NORMAL,2.7,,False,False,False,False,False,False,NORMAL,2.7,
3740,249.916472,True,0.368,0.011,-14.5,-8.6,False,False,,,True,True,False,False,False,False,False,False,NORMAL,2.7,,False,False,False,False,False,False,NORMAL,2.7,
3741,249.983294,True,0.348,0.014,-14.6,-8.9,False,False,,,True,True,False,False,False,False,False,False,NORMAL,2.7,,False,False,False,False,False,False,NORMAL,2.7,
3742,250.050117,True,0.348,0.014,-14.5,-9.2,False,False,,,True,True,False,False,False,False,False,False,NORMAL,2.7,,False,False,False,False,False,False,NORMAL,2.7,
3743,250.116940,True,0.361,0.038,-14.3,-9.9,False,False,,,True,True,False,False,False,False,False,False,NORMAL,2.7,,False,False,False,False,False,False,NORMAL,2.7,
3744,250.183762,True,0.368,0.022,-13.9,-9.5,False,False,,,True,True,False,False,False,False,False,False,NORMAL,2.7,,False,False,False,False,False,False,NORMAL,2.7,
3745,250.250585,True,0.367,0.011,-14.6,-9.3,False,False,,,True,True,False,False,False,False,False,False,NORMAL,2.7,,False,False,False,False,False,False,NORMAL,2.7,
3746,250.317407,True,0.365,0.008,-14.2,-8.5,False,False,,,True,True,False,False,False,False,False,False,NORMAL,2.7,,False,False,False,False,False,False,NORMAL,2.7,
3747,250.384230,True,0.367,0.008,-13.5,-9.0,False,False,,,True,True,False,False,False,False,False,False,NORMAL,2.7,,False,False,False,False,False,False,NORMAL,2.7,
3748,250.451052,True,0.371,0.012,-12.9,-9.3,False,False,,,True,True,False,False,False,False,False,False,NORMAL,2.7,,False,False,False,False,False,False,NORMAL,2.7,
3749,250.517875,True,0.405,0.012,-13.1,-11.2,False,False,,,True,True,False,False,False,False,False,False,NORMAL,2.7,,False,False,False,False,False,False,NORMAL,2.7,
3750,250.584698,True,0.409,0.01,-12.9,-11.6,False,False,,,True,True,False,False,False,False,False,False,NORMAL,2.7,,False,False,False,False,False,False,NORMAL,2.7,
3751,250.651520,True,0.422,0.011,-13.5,-10.9,False,False,,,True,True,False,False,False,False,False,False,NORMAL,2.7,,False,False,False,False,False,False,NORMAL,2.7,
3752,250.718343,True,0.372,0.182,-16.2,-18.3,False,False,,,True,True,False,False,False,False,False,False,NORMAL,2.7,,False,False,False,False,False,False,NORMAL,2.7,
3753,250.785165,True,0.337,0.014,-17.8,-22.2,False,False,,,True,True,False,False,False,False,False,False,NORMAL,2.7,,False,False,False,False,False,False,NORMAL,2.7,
3754,250.851988,True,0.342,0.008,-17.8,-24.2,False,False,,,True,True,False,False,False,False,False,False,NORMAL,2.7,,False,False,False,False,False,False,NORMAL,2.7,
3755,250.918811,True,0.364,0.006,-17.8,-24.2,False,False,,,True,True,False,False,False,False,False,False,NORMAL,2.7,,False,False,False,False,False,False,NORMAL,2.7,
3756,250.985633,True,0.392,0.005,-18.2,-23.5,False,False,,,True,True,False,False,False,False,False,False,NORMAL,2.7,,False,False,False,False,False,False,NORMAL,2.7,
3757,251.052456,True,0.401,0.008,-18.5,-22.7,False,False,,,True,True,False,False,False,False,False,False,NORMAL,2.7,,False,False,False,False,False,False,NORMAL,2.7,
3758,251.119278,True,0.397,0.006,-18.4,-22.7,False,False,,,True,True,False,False,False,False,False,False,NORMAL,2.7,,False,False,False,False,False,False,NORMAL,2.7,
3759,251.186101,True,0.402,0.006,-18.4,-22.6,False,False,,,True,True,False,False,False,False,False,False,NORMAL,2.7,,False,False,False,False,False,False,NORMAL,2.7,
3760,251.252923,True,0.407,0.005,-18.7,-22.4,False,False,,,True,True,False,False,False,False,False,False,NORMAL,2.7,,False,False,False,False,False,False,NORMAL,2.7,
3761,251.319746,True,0.407,0.004,-18.9,-22.1,False,False,,,True,True,False,False,False,False,False,False,NORMAL,2.7,,False,False,False,False,False,False,NORMAL,2.7,
3762,251.386569,True,0.403,0.009,-19.0,-24.0,False,False,,,True,True,False,False,False,False,False,False,NORMAL,2.7,,False,False,False,False,False,False,NORMAL,2.7,
3763,251.453391,True,0.404,0.01,-18.8,-24.0,False,False,,,True,True,False,False,False,False,False,False,NORMAL,2.7,,False,False,False,False,False,False,NORMAL,2.7,
3764,251.520214,True,0.383,0.016,-17.2,-18.7,False,False,,,True,True,False,False,False,False,False,False,NORMAL,2.7,,False,False,False,False,False,False,NORMAL,2.7,
3765,251.587036,True,0.381,0.017,-17.2,-19.1,False,False,,,True,True,False,False,False,False,False,False,NORMAL,2.7,,False,False,False,False,False,False,NORMAL,2.7,
3766,251.653859,True,0.365,0.049,-18.2,-16.1,False,False,,,True,True,False,False,False,False,False,False,NORMAL,2.7,,False,False,False,False,False,False,NORMAL,2.7,
3767,251.720682,True,0.305,0.045,-17.7,-12.4,False,False,,,True,True,False,False,False,False,False,False,NORMAL,2.7,,False,False,False,False,False,False,NORMAL,2.7,
3768,251.787504,True,0.337,0.053,-17.4,-13.7,False,False,,,True,True,False,False,False,False,False,False,NORMAL,2.7,,False,False,False,False,False,False,NORMAL,2.7,
3769,251.854327,True,0.412,0.042,-17.9,-13.8,False,False,,,True,True,False,False,False,False,False,False,NORMAL,2.7,,False,False,False,False,False,False,NORMAL,2.7,
3770,251.921149,True,0.403,0.085,-17.7,-15.5,False,False,,,True,True,False,False,False,False,False,False,NORMAL,2.7,,False,False,False,False,False,False,NORMAL,2.7,
3771,251.987972,True,0.411,0.087,-18.2,-14.9,False,False,,,True,True,False,False,False,False,False,False,NORMAL,2.7,,False,False,False,False,False,False,NORMAL,2.7,
3772,252.054795,True,0.405,0.069,-18.4,-15.1,False,False,,,True,True,False,False,False,False,False,False,NORMAL,2.7,,False,False,False,False,False,False,NORMAL,2.7,
3773,252.121617,True,0.387,0.072,-17.7,-16.0,False,False,,,True,True,False,False,False,False,False,False,NORMAL,2.7,,False,False,False,False,False,False,NORMAL,2.7,
3774,252.188440,True,0.378,0.068,-17.5,-16.0,False,False,,,True,True,False,False,False,False,False,False,NORMAL,2.7,,False,False,False,False,False,False,NORMAL,2.7,
3775,252.255262,True,0.384,0.072,-17.8,-16.3,False,False,,,True,True,False,False,False,False,False,False,NORMAL,2.7,,False,False,False,False,False,False,NORMAL,2.7,
3776,252.322085,True,0.379,0.086,-18.0,-15.9,False,False,,,True,True,False,False,False,False,False,False,NORMAL,2.7,,False,False,False,False,False,False,NORMAL,2.7,
3777,252.388907,True,0.383,0.105,-18.1,-15.8,False,False,,,True,True,False,False,False,False,False,False,NORMAL,2.7,,False,False,False,False,False,False,NORMAL,2.7,
3778,252.455730,True,0.396,0.081,-18.4,-16.1,False,False,,,True,True,False,False,False,False,False,False,NORMAL,2.7,,False,False,False,False,False,False,NORMAL,2.7,
3779,252.522553,True,0.415,0.038,-18.8,-14.8,False,False,,,True,True,False,False,False,False,False,False,NORMAL,2.7,,False,False,False,False,False,False,NORMAL,2.7,
3780,252.589375,True,0.38,0.035,-17.5,-13.7,False,False,,,True,True,False,False,False,False,False,False,NORMAL,2.7,,False,False,False,False,False,False,NORMAL,2.7,
3781,252.656198,True,0.388,0.061,-17.7,-12.1,False,False,,,True,True,False,False,False,False,False,False,NORMAL,2.7,,False,False,False,False,False,False,NORMAL,2.7,
3782,252.723020,True,0.408,0.021,-15.6,-10.8,False,False,,,True,True,False,False,False,False,False,False,NORMAL,2.7,,False,False,False,False,False,False,NORMAL,2.7,
3783,252.789843,True,0.397,0.02,-15.2,-11.6,False,False,,,True,True,False,False,False,False,False,False,NORMAL,2.7,,False,False,False,False,False,False,NORMAL,2.7,
3784,252.856666,True,0.392,0.017,-15.0,-11.9,False,False,,,True,True,False,False,False,False,False,False,NORMAL,2.7,,False,False,False,False,False,False,NORMAL,2.7,
3785,252.923488,True,0.363,0.018,-13.2,-11.2,False,False,,,True,True,False,False,False,False,False,False,NORMAL,2.7,,False,False,False,False,False,False,NORMAL,2.7,
3786,252.990311,True,0.324,0.01,-5.6,-11.6,False,False,,,True,True,False,False,False,False,False,False,NORMAL,2.7,,False,False,False,False,False,False,NORMAL,2.7,
3787,253.057133,True,0.313,0.006,-3.3,-13.3,False,False,,,True,True,False,False,False,False,False,False,NORMAL,2.7,,False,False,False,False,False,False,NORMAL,2.7,
3788,253.123956,True,0.301,0.006,-0.9,-13.9,False,False,,,True,True,False,False,False,False,False,False,NORMAL,2.7,,False,False,False,False,False,False,NORMAL,2.7,
3789,253.190778,True,0.292,0.007,0.2,-14.4,False,False,,,True,True,False,False,False,False,False,False,NORMAL,2.7,,False,False,False,False,False,False,NORMAL,2.7,
3790,253.257601,True,0.296,0.007,-0.1,-13.8,False,False,,,True,True,False,False,False,False,False,False,NORMAL,2.7,,False,False,False,False,False,False,NORMAL,2.7,
3791,253.324424,True,0.302,0.01,-5.4,-14.8,False,False,,,True,True,False,False,False,False,False,False,NORMAL,2.7,,False,False,False,False,False,False,NORMAL,2.7,
3792,253.391246,True,0.357,0.023,-6.1,-14.3,False,False,,,True,True,False,False,False,False,False,False,NORMAL,2.7,,False,False,False,False,False,False,NORMAL,2.7,
3793,253.458069,True,0.369,0.17,-7.9,-12.0,False,False,,,True,True,False,False,False,False,False,False,NORMAL,2.7,,False,False,False,False,False,False,NORMAL,2.7,
3794,253.524891,True,0.391,0.078,-10.4,-10.1,False,False,,,True,True,False,False,False,False,False,False,NORMAL,2.7,,False,False,False,False,False,False,NORMAL,2.7,
3795,253.591714,True,0.39,0.056,-10.6,-10.3,False,False,,,True,True,False,False,False,False,False,False,NORMAL,2.7,,False,False,False,False,False,False,NORMAL,2.7,
3796,253.658537,True,0.384,0.03,-11.8,-12.5,False,False,,,True,True,False,False,False,False,False,False,NORMAL,2.7,,False,False,False,False,False,False,NORMAL,2.7,
3797,253.725359,True,0.375,0.018,-12.2,-13.3,False,False,,,True,True,False,False,False,False,False,False,NORMAL,2.7,,False,False,False,False,False,False,NORMAL,2.7,
3798,253.792182,True,0.377,0.011,-13.5,-14.3,False,False,,,True,True,False,False,False,False,False,False,NORMAL,2.7,,False,False,False,False,False,False,NORMAL,2.7,
3799,253.859004,True,0.355,0.01,-14.0,-15.3,False,False,,,True,True,False,False,False,False,False,False,NORMAL,2.7,,False,False,False,False,False,False,NORMAL,2.7,
3800,253.925827,True,0.35,0.01,-14.3,-14.4,False,False,,,True,True,False,False,False,False,False,False,NORMAL,2.7,,False,False,False,False,False,False,NORMAL,2.7,
3801,253.992650,True,0.355,0.011,-14.4,-14.3,False,False,,,True,True,False,False,False,False,False,False,NORMAL,2.7,,False,False,False,False,False,False,NORMAL,2.7,
3802,254.059472,True,0.353,0.011,-14.2,-14.5,False,False,,,True,True,False,False,False,False,False,False,NORMAL,2.7,,False,False,False,False,False,False,NORMAL,2.7,
3803,254.126295,True,0.35,0.01,-14.5,-14.4,False,False,,,True,True,False,False,False,False,False,False,NORMAL,2.7,,False,False,False,False,False,False,NORMAL,2.7,
3804,254.193117,True,0.363,0.015,-14.2,-13.1,False,False,,,True,True,False,False,False,False,False,False,NORMAL,2.7,,False,False,False,False,False,False,NORMAL,2.7,
3805,254.259940,True,0.36,0.026,-14.1,-11.1,False,False,,,True,True,False,False,False,False,False,False,NORMAL,2.7,,False,False,False,False,False,False,NORMAL,2.7,
3806,254.326762,True,0.359,0.021,-14.3,-11.4,False,False,,,True,True,False,False,False,False,False,False,NORMAL,2.7,,False,False,False,False,False,False,NORMAL,2.7,
3807,254.393585,True,0.353,0.019,-14.5,-12.0,False,False,,,True,True,False,False,False,False,False,False,NORMAL,2.7,,False,False,False,False,False,False,NORMAL,2.7,
3808,254.460408,True,0.355,0.017,-14.6,-13.6,False,False,,,True,True,False,False,False,False,False,False,NORMAL,2.7,,False,False,False,False,False,False,NORMAL,2.7,
3809,254.527230,True,0.381,0.012,-16.8,-15.5,False,False,,,True,True,False,False,False,False,False,False,NORMAL,2.7,,False,False,False,False,False,False,NORMAL,2.7,
3810,254.594053,True,0.393,0.019,-17.2,-14.4,False,False,,,True,True,False,False,False,False,False,False,NORMAL,2.7,,False,False,False,False,False,False,NORMAL,2.7,
3811,254.660875,True,0.395,0.046,-18.3,-14.7,False,False,,,True,True,False,False,False,False,False,False,NORMAL,2.7,,False,False,False,False,False,False,NORMAL,2.7,
3812,254.727698,True,0.388,0.046,-19.0,-14.3,False,False,,,True,True,False,False,False,False,False,False,NORMAL,2.7,,False,False,False,False,False,False,NORMAL,2.7,
3813,254.794521,True,0.378,0.037,-18.2,-16.5,False,False,,,True,True,False,False,False,False,False,False,NORMAL,2.7,,False,False,False,False,False,False,NORMAL,2.7,
3814,254.861343,True,0.323,0.125,-19.2,-21.5,False,False,,,True,True,False,False,False,False,False,False,NORMAL,2.7,,False,False,False,False,False,False,NORMAL,2.7,
3815,254.928166,True,0.309,0.104,-19.6,-23.5,False,False,,,True,True,False,False,False,False,False,False,NORMAL,2.7,,False,False,False,False,False,False,NORMAL,2.7,
3816,254.994988,True,0.296,0.07,-18.1,-23.4,False,False,,,True,True,False,False,False,False,False,False,NORMAL,2.7,,False,False,False,False,False,False,NORMAL,2.7,
3817,255.061811,True,0.308,0.089,-21.1,-27.3,False,False,,,True,True,False,False,False,False,False,False,NORMAL,2.7,,False,False,False,False,False,False,NORMAL,2.7,
3818,255.128633,True,0.283,0.083,-26.2,-27.2,False,False,,,True,True,False,False,False,False,False,False,NORMAL,2.7,,False,False,False,False,False,False,NORMAL,2.7,
3819,255.195456,True,0.295,0.1,-30.1,-26.8,False,False,,,True,True,False,False,False,False,False,False,NORMAL,2.7,,False,False,False,False,False,False,NORMAL,2.7,
3820,255.262279,True,0.298,0.097,-30.3,-26.5,False,False,,,True,True,False,False,False,False,False,False,NORMAL,2.7,,False,False,False,False,False,False,NORMAL,2.7,
3821,255.329101,True,0.311,0.085,-29.3,-27.5,False,False,,,True,True,False,False,False,False,False,False,NORMAL,2.7,,False,False,False,False,False,False,NORMAL,2.7,
3822,255.395924,True,0.316,0.095,-28.4,-26.3,False,False,,,True,True,False,False,False,False,False,False,NORMAL,2.7,,False,False,False,False,False,False,NORMAL,2.7,
3823,255.462746,True,0.334,0.091,-28.6,-26.7,False,False,,,True,True,False,False,False,False,False,False,NORMAL,2.7,,False,False,False,False,False,False,NORMAL,2.7,
3824,255.529569,True,0.348,0.085,-26.8,-24.2,False,False,,,True,True,False,False,False,False,False,False,NORMAL,2.7,,False,False,False,False,False,False,NORMAL,2.7,
3825,255.596392,True,0.355,0.058,-25.8,-23.4,False,False,,,True,True,False,False,False,False,False,False,NORMAL,2.7,,False,False,False,False,False,False,NORMAL,2.7,
3826,255.663214,True,0.348,0.063,-25.5,-22.2,False,False,,,True,True,False,False,False,False,False,False,NORMAL,2.7,,False,False,False,False,False,False,NORMAL,2.7,
3827,255.730037,True,0.37,0.043,-27.6,-20.8,False,False,,,True,True,False,False,False,False,False,False,NORMAL,2.7,,False,False,False,False,False,False,NORMAL,2.7,
3828,255.796859,True,0.414,0.032,-32.3,-23.7,False,False,,,True,True,False,False,False,False,False,False,NORMAL,2.7,,False,False,False,False,False,False,NORMAL,2.7,
3829,255.863682,True,0.425,0.029,-33.0,-24.4,False,False,,,True,True,False,False,False,False,False,False,NORMAL,2.7,,False,False,False,False,False,False,NORMAL,2.7,
3830,255.930505,True,0.383,0.018,-32.0,-24.2,False,False,,,True,True,False,False,False,False,False,False,NORMAL,2.7,,False,False,False,False,False,False,NORMAL,2.7,
3831,255.997327,True,0.423,0.022,-35.9,-24.6,False,False,,,True,True,False,False,False,False,False,False,NORMAL,2.7,,False,False,False,False,False,False,NORMAL,2.7,
3832,256.064150,True,0.426,0.017,-36.7,-24.2,False,False,,,True,True,False,False,False,False,False,False,NORMAL,2.7,,False,False,False,False,False,False,NORMAL,2.7,
3833,256.130972,True,0.393,0.019,-36.3,-24.6,False,False,,,True,True,False,False,False,False,False,False,NORMAL,2.7,,False,False,False,False,False,False,NORMAL,2.7,
3834,256.197795,True,0.357,0.013,-35.1,-23.2,False,False,,,True,True,False,False,False,False,False,False,NORMAL,2.7,,False,False,False,False,False,False,NORMAL,2.7,
3835,256.264617,True,0.381,0.016,-35.9,-23.4,False,False,,,True,True,False,False,False,False,False,False,NORMAL,2.7,,False,False,False,False,False,False,NORMAL,2.7,
3836,256.331440,False,0.0,0.0,0.0,0.0,False,False,,,True,True,False,False,False,False,False,False,NORMAL,2.7,,False,False,False,False,False,False,NORMAL,2.7,
3837,256.398263,False,0.0,0.0,0.0,0.0,False,False,,,True,True,False,False,False,False,False,False,NORMAL,2.7,,False,False,False,False,False,False,NORMAL,2.7,
3838,256.465085,False,0.0,0.0,0.0,0.0,False,False,,,True,True,False,False,False,False,False,False,NORMAL,2.7,,False,False,False,False,False,False,NORMAL,2.7,
3839,256.531908,False,0.0,0.0,0.0,0.0,False,False,,,True,True,False,False,False,False,False,False,NORMAL,2.8,,False,False,False,False,False,False,NORMAL,2.8,
3840,256.598730,True,0.291,0.19,-38.1,-30.4,False,False,,,True,True,False,False,False,False,False,False,NORMAL,2.8,,False,False,False,False,False,False,NORMAL,2.8,
3841,256.665553,False,0.0,0.0,0.0,0.0,False,False,,,True,True,False,False,False,False,False,False,NORMAL,2.8,,False,False,False,False,False,False,NORMAL,2.8,
3842,256.732376,False,0.0,0.0,0.0,0.0,False,False,,,True,True,False,False,False,False,False,False,NORMAL,2.8,,False,False,False,False,False,False,NORMAL,2.8,
3843,256.799198,False,0.0,0.0,0.0,0.0,False,False,,,True,True,False,False,False,False,False,False,NORMAL,2.8,,False,False,False,False,False,False,NORMAL,2.8,
3844,256.866021,False,0.0,0.0,0.0,0.0,False,False,,,True,True,False,False,False,False,False,False,NORMAL,2.8,,False,False,False,False,False,False,NORMAL,2.8,
3845,256.932843,False,0.0,0.0,0.0,0.0,False,False,,,True,True,False,False,False,False,False,False,NORMAL,2.8,,False,False,False,False,False,False,NORMAL,2.8,
3846,256.999666,False,0.0,0.0,0.0,0.0,False,False,,,True,True,False,False,False,False,False,False,NORMAL,2.8,,False,False,False,False,False,False,NORMAL,2.8,
3847,257.066488,False,0.0,0.0,0.0,0.0,False,False,,,True,True,False,False,False,False,False,False,NORMAL,2.8,,False,False,False,False,False,False,NORMAL,2.8,
3848,257.133311,False,0.0,0.0,0.0,0.0,False,False,,,True,True,False,False,False,False,False,False,NORMAL,2.8,,False,False,False,False,False,False,NORMAL,2.8,
3849,257.200134,False,0.0,0.0,0.0,0.0,False,False,,,True,True,False,False,False,False,False,False,NORMAL,2.8,,False,False,False,False,False,False,NORMAL,2.8,
3850,257.266956,False,0.0,0.0,0.0,0.0,False,False,,,True,True,False,False,False,False,False,False,NORMAL,2.8,,False,False,False,False,False,False,NORMAL,2.8,
3851,257.333779,False,0.0,0.0,0.0,0.0,False,False,,,True,True,False,False,False,False,False,False,NORMAL,2.8,,False,False,False,False,False,False,NORMAL,2.8,
3852,257.400601,False,0.0,0.0,0.0,0.0,False,False,,,True,True,False,False,False,False,False,False,NORMAL,2.8,,False,False,False,False,False,False,NORMAL,2.8,
3853,257.467424,False,0.0,0.0,0.0,0.0,False,False,,,True,True,False,False,False,False,False,False,NORMAL,2.8,,False,False,False,False,False,False,NORMAL,2.8,
3854,257.534247,True,0.446,0.101,-39.6,-24.6,False,False,,,True,True,False,False,False,False,False,False,NORMAL,2.8,,False,False,False,False,False,False,NORMAL,2.8,
3855,257.601069,True,0.453,0.064,-39.4,-26.4,False,False,,,True,True,False,False,False,False,False,False,NORMAL,2.8,,False,False,False,False,False,False,NORMAL,2.8,
3856,257.667892,True,0.454,0.035,-39.6,-22.8,False,False,,,True,True,False,False,False,False,False,False,NORMAL,2.8,,False,False,False,False,False,False,NORMAL,2.8,
3857,257.734714,True,0.451,0.036,-40.2,-22.4,False,False,,,True,True,False,False,False,False,False,False,NORMAL,2.8,,False,False,False,False,False,False,NORMAL,2.8,
3858,257.801537,True,0.417,0.033,-39.4,-22.3,False,False,,,True,True,False,False,False,False,False,False,NORMAL,2.8,,False,False,False,False,False,False,NORMAL,2.8,
3859,257.868360,True,0.355,0.02,-38.6,-21.2,False,False,,,True,True,False,False,False,False,False,False,NORMAL,2.8,,False,False,False,False,False,False,NORMAL,2.8,
3860,257.935182,True,0.356,0.023,-38.1,-19.4,False,False,,,True,True,False,False,False,False,False,False,NORMAL,2.8,,False,False,False,False,False,False,NORMAL,2.8,
3861,258.002005,True,0.377,0.023,-37.0,-18.1,False,False,,,True,True,False,False,True,False,False,False,WARNING,65.0,LOOKING_AWAY,False,False,True,False,False,False,WARNING,65.0,LOOKING_AWAY
3862,258.068827,True,0.373,0.022,-34.2,-19.3,False,False,,,True,True,False,False,True,False,False,False,WARNING,65.0,,False,False,True,False,False,False,WARNING,65.0,
3863,258.135650,True,0.398,0.031,-33.8,-18.8,False,False,,,True,True,False,False,True,False,False,False,WARNING,65.0,,False,False,True,False,False,False,WARNING,65.0,
3864,258.202472,True,0.418,0.033,-32.3,-18.8,False,False,,,True,True,False,False,False,False,False,False,WARNING,63.7,,False,False,False,False,False,False,WARNING,63.7,
3865,258.269295,True,0.397,0.04,-29.0,-18.1,False,False,,,True,True,False,False,False,False,False,False,WARNING,62.4,,False,False,False,False,False,False,WARNING,62.4,
3866,258.336118,True,0.402,0.046,-24.6,-19.7,False,False,,,True,True,False,False,False,False,False,False,WARNING,61.2,,False,False,False,False,False,False,WARNING,61.2,
3867,258.402940,True,0.403,0.038,-24.6,-19.2,False,False,,,True,True,False,False,False,False,False,False,WARNING,60.0,,False,False,False,False,False,False,WARNING,60.0,
3868,258.469763,True,0.283,0.026,-5.6,-17.7,False,False,,,True,True,False,False,False,False,False,False,WARNING,58.8,,False,False,False,False,False,False,WARNING,58.8,
3869,258.536585,True,0.266,0.01,8.0,-19.4,False,False,,,True,True,False,False,False,False,False,False,WARNING,57.6,,False,False,False,False,False,False,WARNING,57.6,
3870,258.603408,True,0.286,0.015,7.9,-17.2,False,False,,,True,True,False,False,False,False,False,False,WARNING,56.5,,False,False,False,False,False,False,WARNING,56.5,
3871,258.670231,True,0.283,0.041,8.2,-16.6,False,False,,,True,True,False,False,False,False,False,False,WARNING,55.4,,False,False,False,False,False,False,WARNING,55.4,
3872,258.737053,True,0.307,0.063,6.4,-14.7,False,False,,,True,True,False,False,False,False,False,False,WARNING,54.3,,False,False,False,False,False,False,WARNING,54.3,
3873,258.803876,True,0.314,0.056,5.3,-14.5,False,False,,,True,True,False,False,False,False,False,False,WARNING,53.2,,False,False,False,False,False,False,WARNING,53.2,
3874,258.870698,True,0.315,0.051,6.2,-14.3,False,False,,,True,True,False,False,False,False,False,False,WARNING,52.1,,False,False,False,False,False,False,WARNING,52.1,
3875,258.937521,True,0.332,0.049,6.9,-16.2,False,False,,,True,True,False,False,False,False,False,False,WARNING,51.1,,False,False,False,False,False,False,WARNING,51.1,
3876,259.004343,True,0.341,0.079,6.6,-17.3,False,False,,,True,True,False,False,False,False,False,False,WARNING,50.1,,False,False,False,False,False,False,WARNING,50.1,
3877,259.071166,True,0.34,0.099,6.0,-16.6,False,False,,,True,True,False,False,False,False,False,False,WARNING,49.1,,False,False,False,False,False,False,WARNING,49.1,
3878,259.137989,True,0.329,0.059,8.3,-18.4,False,False,,,True,True,False,False,False,False,False,False,WARNING,48.1,,False,False,False,False,False,False,WARNING,48.1,
3879,259.204811,True,0.333,0.088,10.1,-19.4,False,False,,,True,True,False,False,False,False,False,False,WARNING,47.2,,False,False,False,False,False,False,WARNING,47.2,
3880,259.271634,True,0.34,0.05,13.3,-21.6,False,False,,,True,True,False,False,False,False,False,False,WARNING,46.2,,False,False,False,False,False,False,WARNING,46.2,
3881,259.338456,True,0.335,0.05,13.9,-19.8,False,False,,,True,True,False,False,False,False,False,False,WARNING,45.3,,False,False,False,False,False,False,WARNING,45.3,
3882,259.405279,True,0.333,0.042,13.9,-19.5,False,False,,,True,True,False,False,False,False,False,False,WARNING,44.4,,False,False,False,False,False,False,WARNING,44.4,
3883,259.472102,True,0.329,0.038,14.3,-19.2,False,False,,,True,True,False,False,False,False,False,False,WARNING,43.5,,False,False,False,False,False,False,WARNING,43.5,
3884,259.538924,True,0.293,0.055,12.5,-19.2,False,False,,,True,True,False,False,False,False,False,False,WARNING,42.7,,False,False,False,False,False,False,WARNING,42.7,
3885,259.605747,True,0.3,0.062,10.5,-17.4,False,False,,,True,True,False,False,False,False,False,False,WARNING,41.8,,False,False,False,False,False,False,WARNING,41.8,
3886,259.672569,True,0.309,0.062,9.6,-17.7,False,False,,,True,True,False,False,False,False,False,False,WARNING,41.0,,False,False,False,False,False,False,WARNING,41.0,
3887,259.739392,True,0.313,0.149,7.7,-17.7,False,False,,,True,True,False,False,False,False,False,False,WARNING,40.2,,False,False,False,False,False,False,WARNING,40.2,
3888,259.806215,True,0.318,0.166,7.1,-17.9,False,False,,,True,True,False,False,False,False,False,False,NORMAL,39.4,,False,False,False,False,False,False,NORMAL,39.4,
3889,259.873037,True,0.306,0.166,7.4,-17.7,False,False,,,True,True,False,False,False,False,False,False,NORMAL,38.6,,False,False,False,False,False,False,NORMAL,38.6,
3890,259.939860,True,0.309,0.174,7.6,-16.7,False,False,,,True,True,False,False,False,False,False,False,NORMAL,37.8,,False,False,False,False,False,False,NORMAL,37.8,
3891,260.006682,True,0.31,0.209,6.7,-15.1,False,False,,,True,True,False,False,False,False,False,False,NORMAL,37.1,,False,False,False,False,False,False,NORMAL,37.1,
3892,260.073505,True,0.306,0.194,6.5,-15.2,False,False,,,True,True,False,False,False,False,False,False,NORMAL,36.3,,False,False,False,False,False,False,NORMAL,36.3,
3893,260.140327,True,0.308,0.174,5.0,-15.1,False,False,,,True,True,False,False,False,False,False,False,NORMAL,35.6,,False,False,False,False,False,False,NORMAL,35.6,
3894,260.207150,True,0.258,0.137,1.4,-14.6,False,False,,,True,True,False,False,False,False,False,False,NORMAL,34.9,,False,False,False,False,False,False,NORMAL,34.9,
3895,260.273973,True,0.262,0.17,0.9,-15.4,False,False,,,True,True,False,False,False,False,False,False,NORMAL,34.2,,False,False,False,False,False,False,NORMAL,34.2,
3896,260.340795,True,0.255,0.152,-3.6,-21.9,False,False,,,True,True,False,False,False,False,False,False,NORMAL,33.5,,False,False,False,False,False,False,NORMAL,33.5,
3897,260.407618,True,0.25,0.194,-9.0,-30.9,False,False,,,True,True,False,False,False,False,False,False,NORMAL,32.9,,False,False,False,False,False,False,NORMAL,32.9,
3898,260.474440,True,0.261,0.125,-8.7,-30.5,False,False,,,True,True,False,False,False,False,False,False,NORMAL,32.2,,False,False,False,False,False,False,NORMAL,32.2,
3899,260.541263,True,0.285,0.149,-11.8,-34.8,False,False,,,True,True,False,False,False,False,False,False,NORMAL,31.6,,False,False,False,False,False,False,NORMAL,31.6,
3900,260.608086,True,0.267,0.209,-13.2,-36.4,False,False,,,True,True,False,False,False,False,False,False,NORMAL,31.0,,False,False,False,False,False,False,NORMAL,31.0,
3901,260.674908,True,0.258,0.199,-13.6,-35.9,False,False,,,True,True,False,False,False,False,False,False,NORMAL,30.3,,False,False,False,False,False,False,NORMAL,30.3,
3902,260.741731,True,0.264,0.186,-12.3,-36.5,False,False,,,True,True,False,False,False,False,False,False,NORMAL,29.7,,False,False,False,False,False,False,NORMAL,29.7,
3903,260.808553,True,0.263,0.183,-11.6,-37.0,False,False,,,True,True,False,False,False,False,False,False,NORMAL,29.2,,False,False,False,False,False,False,NORMAL,29.2,
3904,260.875376,True,0.258,0.168,-11.0,-36.7,False,False,,,True,True,False,False,False,False,False,False,NORMAL,28.6,,False,False,False,False,False,False,NORMAL,28.6,
3905,260.942198,True,0.266,0.153,-10.8,-35.9,False,False,,,True,True,False,False,False,False,False,False,NORMAL,28.0,,False,False,False,False,False,False,NORMAL,28.0,
3906,261.009021,True,0.282,0.155,-10.8,-36.0,False,False,,,True,True,False,False,False,False,False,False,NORMAL,27.5,,False,False,False,False,False,False,NORMAL,27.5,
3907,261.075844,True,0.285,0.162,-11.0,-33.4,False,False,,,True,True,False,False,False,False,False,False,NORMAL,26.9,,False,False,False,False,False,False,NORMAL,26.9,
3908,261.142666,True,0.282,0.234,-11.6,-31.2,False,False,,,True,True,False,False,False,False,False,False,NORMAL,26.4,,False,False,False,False,False,False,NORMAL,26.4,
3909,261.209489,True,0.305,0.214,-11.5,-31.9,False,False,,,True,True,False,False,False,False,False,False,NORMAL,25.8,,False,False,False,False,False,False,NORMAL,25.8,
3910,261.276311,True,0.314,0.23,-11.6,-31.5,False,False,,,True,True,False,False,False,False,False,False,NORMAL,25.3,,False,False,False,False,False,False,NORMAL,25.3,
3911,261.343134,True,0.269,0.214,-12.9,-28.3,False,False,,,True,True,False,False,False,False,False,False,NORMAL,24.8,,False,False,False,False,False,False,NORMAL,24.8,
3912,261.409957,True,0.289,0.186,-13.0,-28.7,False,False,,,True,True,False,False,False,False,False,False,NORMAL,24.3,,False,False,False,False,False,False,NORMAL,24.3,
3913,261.476779,True,0.245,0.187,-14.0,-24.4,False,False,,,True,True,False,False,False,False,False,False,NORMAL,23.9,,False,False,False,False,False,False,NORMAL,23.9,
3914,261.543602,True,0.286,0.202,-16.1,-22.8,False,False,,,True,True,False,False,False,False,False,False,NORMAL,23.4,,False,False,False,False,False,False,NORMAL,23.4,
3915,261.610424,True,0.365,0.245,-18.1,-21.0,False,False,,,True,True,False,False,False,False,False,False,NORMAL,22.9,,False,False,False,False,False,False,NORMAL,22.9,
3916,261.677247,True,0.352,0.237,-18.1,-22.1,False,False,,,True,True,False,False,False,False,False,False,NORMAL,22.5,,False,False,False,False,False,False,NORMAL,22.5,
3917,261.744069,True,0.302,0.203,-18.9,-18.1,False,False,,,True,True,False,False,False,False,False,False,NORMAL,22.0,,False,False,False,False,False,False,NORMAL,22.0,
3918,261.810892,True,0.368,0.273,-19.3,-13.4,False,False,,,True,True,False,False,False,False,False,False,NORMAL,21.6,,False,False,False,False,False,False,NORMAL,21.6,
3919,261.877715,True,0.341,0.302,-19.1,-13.0,False,False,,,True,True,False,False,False,False,False,False,NORMAL,21.2,,False,False,False,False,False,False,NORMAL,21.2,
3920,261.944537,True,0.375,0.246,-20.0,-10.3,False,False,,,True,True,False,False,False,False,False,False,NORMAL,20.7,,False,False,False,False,False,False,NORMAL,20.7,
3921,262.011360,True,0.437,0.324,-19.5,-6.5,False,False,,,True,True,False,False,False,False,False,False,NORMAL,20.3,,False,False,False,False,False,False,NORMAL,20.3,
3922,262.078182,True,0.417,0.372,-18.9,-6.6,False,False,,,True,True,False,False,False,False,False,False,NORMAL,19.9,,False,False,False,False,False,False,NORMAL,19.9,
3923,262.145005,True,0.413,0.343,-17.3,-6.3,False,False,,,True,True,False,False,False,False,False,False,NORMAL,19.5,,False,False,False,False,False,False,NORMAL,19.5,
3924,262.211828,True,0.434,0.209,-17.4,-8.1,False,False,,,True,True,False,False,False,False,False,False,NORMAL,19.1,,False,False,False,False,False,False,NORMAL,19.1,
3925,262.278650,True,0.445,0.275,-17.7,-10.3,False,False,,,True,True,False,False,False,False,False,False,NORMAL,18.8,,False,False,False,False,False,False,NORMAL,18.8,
3926,262.345473,True,0.403,0.168,-18.7,-13.9,False,False,,,True,True,False,False,False,False,False,False,NORMAL,18.4,,False,False,False,False,False,False,NORMAL,18.4,
3927,262.412295,True,0.36,0.246,-17.7,-14.7,False,False,,,True,True,False,False,False,False,False,False,NORMAL,18.0,,False,False,False,False,False,False,NORMAL,18.0,
3928,262.479118,True,0.331,0.177,-13.8,-22.1,False,False,,,True,True,False,False,False,False,False,False,NORMAL,17.7,,False,False,False,False,False,False,NORMAL,17.7,
3929,262.545941,True,0.311,0.192,-13.6,-21.8,False,False,,,True,True,False,False,False,False,False,False,NORMAL,17.3,,False,False,False,False,False,False,NORMAL,17.3,
3930,262.612763,True,0.318,0.257,-14.1,-22.1,False,False,,,True,True,False,False,False,False,False,False,NORMAL,17.0,,False,False,False,False,False,False,NORMAL,17.0,
3931,262.679586,True,0.327,0.246,-8.7,-15.1,False,False,,,True,True,False,False,False,False,False,False,NORMAL,16.6,,False,False,False,False,False,False,NORMAL,16.6,
3932,262.746408,True,0.311,0.139,-1.0,-13.7,False,False,,,True,True,False,False,False,False,False,False,NORMAL,16.3,,False,False,False,False,False,False,NORMAL,16.3,
3933,262.813231,True,0.301,0.126,-0.0,-13.5,False,False,,,True,True,False,False,False,False,False,False,NORMAL,16.0,,False,False,False,False,False,False,NORMAL,16.0,
3934,262.880053,True,0.272,0.07,6.1,-12.4,False,False,,,True,True,False,False,False,False,False,False,NORMAL,15.7,,False,False,False,False,False,False,NORMAL,15.7,
3935,262.946876,True,0.258,0.061,8.4,-13.7,False,False,,,True,True,False,False,False,False,False,False,NORMAL,15.3,,False,False,False,False,False,False,NORMAL,15.3,
3936,263.013699,True,0.302,0.047,10.6,-12.6,False,False,,,True,True,False,False,False,False,False,False,NORMAL,15.0,,False,False,False,False,False,False,NORMAL,15.0,
3937,263.080521,True,0.31,0.06,12.0,-11.3,False,False,,,True,True,False,False,False,False,False,False,NORMAL,14.7,,False,False,False,False,False,False,NORMAL,14.7,
3938,263.147344,True,0.313,0.067,10.6,-11.0,False,False,,,True,True,False,False,False,False,False,False,NORMAL,14.5,,False,False,False,False,False,False,NORMAL,14.5,
3939,263.214166,True,0.325,0.092,9.9,-11.6,False,False,,,True,True,False,False,False,False,False,False,NORMAL,14.2,,False,False,False,False,False,False,NORMAL,14.2,
3940,263.280989,True,0.329,0.094,9.9,-11.8,False,False,,,True,True,False,False,False,False,False,False,NORMAL,13.9,,False,False,False,False,False,False,NORMAL,13.9,
3941,263.347812,True,0.317,0.09,9.5,-12.5,False,False,,,True,True,False,False,False,False,False,False,NORMAL,13.6,,False,False,False,False,False,False,NORMAL,13.6,
3942,263.414634,True,0.3,0.075,7.7,-11.0,False,False,,,True,True,False,False,False,False,False,False,NORMAL,13.3,,False,False,False,False,False,False,NORMAL,13.3,
3943,263.481457,True,0.307,0.098,8.0,-10.3,False,False,,,True,True,False,False,False,False,False,False,NORMAL,13.1,,False,False,False,False,False,False,NORMAL,13.1,
3944,263.548279,True,0.32,0.149,4.6,-12.0,False,False,,,True,True,False,False,False,False,False,False,NORMAL,12.8,,False,False,False,False,False,False,NORMAL,12.8,
3945,263.615102,True,0.313,0.158,5.3,-12.2,False,False,,,True,True,False,False,False,False,False,False,NORMAL,12.6,,False,False,False,False,False,False,NORMAL,12.6,
3946,263.681924,True,0.306,0.165,5.3,-12.0,False,False,,,True,True,False,False,False,False,False,False,NORMAL,12.3,,False,False,False,False,False,False,NORMAL,12.3,
3947,263.748747,True,0.308,0.108,4.0,-11.3,False,False,,,True,True,False,False,False,False,False,False,NORMAL,12.1,,False,False,False,False,False,False,NORMAL,12.1,
3948,263.815570,True,0.359,0.081,-0.8,-2.6,False,False,,,True,True,False,False,False,False,False,False,NORMAL,11.8,,False,False,False,False,False,False,NORMAL,11.8,
3949,263.882392,True,0.362,0.169,-1.1,-2.2,False,False,,,True,True,False,False,False,False,False,False,NORMAL,11.6,,False,False,False,False,False,False,NORMAL,11.6,
3950,263.949215,True,0.324,0.024,-3.0,-7.9,False,False,,,True,True,False,False,False,False,False,False,NORMAL,11.4,,False,False,False,False,False,False,NORMAL,11.4,
3951,264.016037,True,0.311,0.023,-2.3,-8.1,False,False,,,True,True,False,False,False,False,False,False,NORMAL,11.1,,False,False,False,False,False,False,NORMAL,11.1,
3952,264.082860,True,0.311,0.018,-3.4,-9.2,False,False,,,True,True,False,False,False,False,False,False,NORMAL,10.9,,False,False,False,False,False,False,NORMAL,10.9,
3953,264.149683,True,0.32,0.008,-3.4,-8.1,False,False,,,True,True,False,False,False,False,False,False,NORMAL,10.7,,False,False,False,False,False,False,NORMAL,10.7,
3954,264.216505,True,0.326,0.01,-3.9,-7.7,False,False,,,True,True,False,False,False,False,False,False,NORMAL,10.5,,False,False,False,False,False,False,NORMAL,10.5,
3955,264.283328,True,0.334,0.021,-3.5,-5.7,False,False,,,True,True,False,False,False,False,False,False,NORMAL,10.3,,False,False,False,False,False,False,NORMAL,10.3,
3956,264.350150,True,0.33,0.018,-3.9,-6.0,False,False,,,True,True,False,False,False,False,False,False,NORMAL,10.1,,False,False,False,False,False,False,NORMAL,10.1,
3957,264.416973,True,0.331,0.02,-4.4,-6.5,False,False,,,True,True,False,False,False,False,False,False,NORMAL,9.9,,False,False,False,False,False,False,NORMAL,9.9,
3958,264.483796,True,0.334,0.023,-4.7,-6.5,False,False,,,True,True,False,False,False,False,False,False,NORMAL,9.7,,False,False,False,False,False,False,NORMAL,9.7,
3959,264.550618,True,0.343,0.03,-4.8,-5.2,False,False,,,True,True,False,False,False,False,False,False,NORMAL,9.5,,False,False,False,False,False,False,NORMAL,9.5,
3960,264.617441,True,0.318,0.039,-3.9,-5.7,False,False,,,True,True,False,False,False,False,False,False,NORMAL,9.3,,False,False,False,False,False,False,NORMAL,9.3,
3961,264.684263,True,0.325,0.052,-3.8,-4.8,False,False,,,True,True,False,False,False,False,False,False,NORMAL,9.1,,False,False,False,False,False,False,NORMAL,9.1,
3962,264.751086,True,0.29,0.026,-3.3,-8.1,False,False,,,True,True,False,False,False,False,False,False,NORMAL,8.9,,False,False,False,False,False,False,NORMAL,8.9,
3963,264.817908,True,0.295,0.047,-2.8,-1.4,False,False,,,True,True,False,False,False,False,False,False,NORMAL,8.8,,False,False,False,False,False,False,NORMAL,8.8,
3964,264.884731,True,0.305,0.042,-4.2,-1.3,False,False,,,True,True,False,False,False,False,False,False,NORMAL,8.6,,False,False,False,False,False,False,NORMAL,8.6,
3965,264.951554,True,0.346,0.034,-4.5,-2.5,False,False,,,True,True,False,False,False,False,False,False,NORMAL,8.4,,False,False,False,False,False,False,NORMAL,8.4,
3966,265.018376,True,0.324,0.039,-4.0,-3.3,False,False,,,True,True,False,False,False,False,False,False,NORMAL,8.2,,False,False,False,False,False,False,NORMAL,8.2,
3967,265.085199,True,0.318,0.041,-4.3,-6.2,False,False,,,True,True,False,False,False,False,False,False,NORMAL,8.1,,False,False,False,False,False,False,NORMAL,8.1,
3968,265.152021,True,0.323,0.041,-3.5,-7.0,False,False,,,True,True,False,False,False,False,False,False,NORMAL,7.9,,False,False,False,False,False,False,NORMAL,7.9,
3969,265.218844,True,0.329,0.067,-4.3,-6.1,False,False,,,True,True,False,False,False,False,False,False,NORMAL,7.8,,False,False,False,False,False,False,NORMAL,7.8,
3970,265.285667,True,0.318,0.058,-3.9,-5.5,False,False,,,True,True,False,False,False,False,False,False,NORMAL,7.6,,False,False,False,False,False,False,NORMAL,7.6,
3971,265.352489,True,0.329,0.041,-5.9,-3.3,False,False,,,True,True,False,False,False,False,False,False,NORMAL,7.5,,False,False,False,False,False,False,NORMAL,7.5,
3972,265.419312,True,0.349,0.044,-6.8,-2.2,False,False,,,True,True,False,False,False,False,False,False,NORMAL,7.3,,False,False,False,False,False,False,NORMAL,7.3,
3973,265.486134,True,0.355,0.088,-7.1,-2.1,False,False,,,True,True,False,False,False,False,False,False,NORMAL,7.2,,False,False,False,False,False,False,NORMAL,7.2,
3974,265.552957,True,0.37,0.149,-7.6,-3.1,False,False,,,True,True,False,False,False,False,False,False,NORMAL,7.0,,False,False,False,False,False,False,NORMAL,7.0,
3975,265.619779,True,0.367,0.141,-7.4,-3.8,False,False,,,True,True,False,False,False,False,False,False,NORMAL,6.9,,False,False,False,False,False,False,NORMAL,6.9,
3976,265.686602,True,0.363,0.144,-7.0,-5.3,False,False,,,True,True,False,False,False,False,False,False,NORMAL,6.7,,False,False,False,False,False,False,NORMAL,6.7,
3977,265.753425,True,0.36,0.186,-7.9,-5.3,False,False,,,True,True,False,False,False,False,False,False,NORMAL,6.6,,False,False,False,False,False,False,NORMAL,6.6,
3978,265.820247,True,0.356,0.186,-8.5,-4.7,False,False,,,True,True,False,False,False,False,False,False,NORMAL,6.5,,False,False,False,False,False,False,NORMAL,6.5,
3979,265.887070,True,0.345,0.157,-10.5,-1.5,False,False,,,True,True,False,False,False,False,False,False,NORMAL,6.4,,False,False,False,False,False,False,NORMAL,6.4,
3980,265.953892,True,0.339,0.172,-12.1,-0.2,False,False,,,True,True,False,False,False,False,False,False,NORMAL,6.2,,False,False,False,False,False,False,NORMAL,6.2,
3981,266.020715,True,0.328,0.163,-12.7,-1.2,False,False,,,True,True,False,False,False,False,False,False,NORMAL,6.1,,False,False,False,False,False,False,NORMAL,6.1,
3982,266.087538,True,0.323,0.085,-13.1,-1.9,False,False,,,True,True,False,False,False,False,False,False,NORMAL,6.0,,False,False,False,False,False,False,NORMAL,6.0,
3983,266.154360,True,0.314,0.037,-9.6,-9.5,False,False,,,True,True,False,False,False,False,False,False,NORMAL,5.9,,False,False,False,False,False,False,NORMAL,5.9,
3984,266.221183,True,0.305,0.04,-6.3,-15.4,False,False,,,True,True,False,False,False,False,False,False,NORMAL,5.7,,False,False,False,False,False,False,NORMAL,5.7,
3985,266.288005,True,0.289,0.022,-5.5,-18.3,False,False,,,True,True,False,False,False,False,False,False,NORMAL,5.6,,False,False,False,False,False,False,NORMAL,5.6,
3986,266.354828,True,0.277,0.022,-8.9,-21.1,False,False,,,True,True,False,False,False,False,False,False,NORMAL,5.5,,False,False,False,False,False,False,NORMAL,5.5,
3987,266.421651,True,0.299,0.018,-10.9,-18.9,False,False,,,True,True,False,False,False,False,False,False,NORMAL,5.4,,False,False,False,False,False,False,NORMAL,5.4,
3988,266.488473,True,0.293,0.013,-12.0,-16.8,False,False,,,True,True,False,False,False,False,False,False,NORMAL,5.3,,False,False,False,False,False,False,NORMAL,5.3,
3989,266.555296,True,0.295,0.015,-11.6,-16.1,False,False,,,True,True,False,False,False,False,False,False,NORMAL,5.2,,False,False,False,False,False,False,NORMAL,5.2,
3990,266.622118,True,0.302,0.025,-14.5,-13.3,False,False,,,True,True,False,False,False,False,False,False,NORMAL,5.1,,False,False,False,False,False,False,NORMAL,5.1,
3991,266.688941,True,0.317,0.042,-15.6,-12.5,False,False,,,True,True,False,False,False,False,False,False,NORMAL,5.0,,False,False,False,False,False,False,NORMAL,5.0,
3992,266.755763,True,0.329,0.024,-15.2,-9.6,False,False,,,True,True,False,False,False,False,False,False,NORMAL,4.9,,False,False,False,False,False,False,NORMAL,4.9,
3993,266.822586,True,0.335,0.023,-15.6,-8.5,False,False,,,True,True,False,False,False,False,False,False,NORMAL,4.8,,False,False,False,False,False,False,NORMAL,4.8,
3994,266.889409,True,0.345,0.021,-15.1,-7.7,False,False,,,True,True,False,False,False,False,False,False,NORMAL,4.7,,False,False,False,False,False,False,NORMAL,4.7,
3995,266.956231,True,0.325,0.012,-13.9,-6.6,False,False,,,True,True,False,False,False,False,False,False,NORMAL,4.6,,False,False,False,False,False,False,NORMAL,4.6,
3996,267.023054,True,0.347,0.007,-9.3,-8.5,False,False,,,True,True,False,False,False,False,False,False,NORMAL,4.5,,False,False,False,False,False,False,NORMAL,4.5,
3997,267.089876,True,0.343,0.008,-10.1,-9.3,False,False,,,True,True,False,False,False,False,False,False,NORMAL,4.4,,False,False,False,False,False,False,NORMAL,4.4,
3998,267.156699,True,0.35,0.008,-9.0,-9.6,False,False,,,True,True,False,False,False,False,False,False,NORMAL,4.3,,False,False,False,False,False,False,NORMAL,4.3,
3999,267.223522,True,0.355,0.008,-7.0,-8.8,False,False,,,True,True,False,False,False,False,False,False,NORMAL,4.3,,False,False,False,False,False,False,NORMAL,4.3,
4000,267.290344,True,0.355,0.009,-6.5,-9.1,False,False,,,True,True,False,False,False,False,False,False,NORMAL,4.2,,False,False,False,False,False,False,NORMAL,4.2,
4001,267.357167,True,0.363,0.007,-7.1,-9.2,False,False,,,True,True,False,False,False,False,False,False,NORMAL,4.1,,False,False,False,False,False,False,NORMAL,4.1,
4002,267.423989,True,0.368,0.007,-6.8,-9.0,False,False,,,True,True,False,False,False,False,False,False,NORMAL,4.0,,False,False,False,False,False,False,NORMAL,4.0,
4003,267.490812,True,0.363,0.008,-7.6,-9.0,False,False,,,True,True,False,False,False,False,False,False,NORMAL,3.9,,False,False,False,False,False,False,NORMAL,3.9,
4004,267.557634,True,0.364,0.009,-7.5,-8.8,False,False,,,True,True,False,False,False,False,False,False,NORMAL,3.8,,False,False,False,False,False,False,NORMAL,3.8,
4005,267.624457,True,0.361,0.009,-7.4,-7.7,False,False,,,True,True,False,False,False,False,False,False,NORMAL,3.8,,False,False,False,False,False,False,NORMAL,3.8,
4006,267.691280,True,0.361,0.009,-6.9,-8.3,False,False,,,True,True,False,False,False,False,False,False,NORMAL,3.7,,False,False,False,False,False,False,NORMAL,3.7,
4007,267.758102,True,0.362,0.009,-7.7,-7.8,False,False,,,True,True,False,False,False,False,False,False,NORMAL,3.6,,False,False,False,False,False,False,NORMAL,3.6,
4008,267.824925,True,0.348,0.008,-8.3,-8.2,False,False,,,True,True,False,False,False,False,False,False,NORMAL,3.6,,False,False,False,False,False,False,NORMAL,3.6,
4009,267.891747,True,0.337,0.006,-9.2,-8.8,False,False,,,True,True,False,False,False,False,False,False,NORMAL,3.5,,False,False,False,False,False,False,NORMAL,3.5,
4010,267.958570,True,0.326,0.008,-8.9,-9.1,False,False,,,True,True,False,False,False,False,False,False,NORMAL,3.4,,False,False,False,False,False,False,NORMAL,3.4,
4011,268.025393,True,0.326,0.008,-9.6,-8.6,False,False,,,True,True,False,False,False,False,False,False,NORMAL,3.3,,False,False,False,False,False,False,NORMAL,3.3,
4012,268.092215,True,0.322,0.009,-9.5,-8.5,False,False,,,True,True,False,False,False,False,False,False,NORMAL,3.3,,False,False,False,False,False,False,NORMAL,3.3,
4013,268.159038,True,0.319,0.008,-8.9,-8.9,False,False,,,True,True,False,False,False,False,False,False,NORMAL,3.2,,False,False,False,False,False,False,NORMAL,3.2,
4014,268.225860,True,0.33,0.021,-12.9,-7.3,False,False,,,True,True,False,False,False,False,False,False,NORMAL,3.1,,False,False,False,False,False,False,NORMAL,3.1,
4015,268.292683,True,0.332,0.023,-13.5,-5.5,False,False,,,True,True,False,False,False,False,False,False,NORMAL,3.1,,False,False,False,False,False,False,NORMAL,3.1,
4016,268.359506,True,0.317,0.036,-16.0,-8.2,False,False,,,True,True,False,False,False,False,False,False,NORMAL,3.0,,False,False,False,False,False,False,NORMAL,3.0,
4017,268.426328,True,0.297,0.026,-12.4,-17.6,False,False,,,True,True,False,False,False,False,False,False,NORMAL,3.0,,False,False,False,False,False,False,NORMAL,3.0,
4018,268.493151,False,0.0,0.0,0.0,0.0,False,False,,,True,True,False,False,False,False,False,False,NORMAL,2.9,,False,False,False,False,False,False,NORMAL,2.9,
4019,268.559973,False,0.0,0.0,0.0,0.0,False,False,,,True,True,False,False,False,False,False,False,NORMAL,2.8,,False,False,False,False,False,False,NORMAL,2.8,
4020,268.626796,False,0.0,0.0,0.0,0.0,False,False,,,True,True,False,False,False,False,False,False,NORMAL,2.8,,False,False,False,False,False,False,NORMAL,2.8,
4021,268.693618,False,0.0,0.0,0.0,0.0,False,False,,,True,True,False,False,False,False,False,False,NORMAL,2.8,,False,False,False,False,False,False,NORMAL,2.8,
4022,268.760441,False,0.0,0.0,0.0,0.0,False,False,,,True,True,False,False,False,False,False,False,NORMAL,2.8,,False,False,False,False,False,False,NORMAL,2.8,
4023,268.827264,True,0.328,0.009,-7.1,-8.1,False,False,,,True,True,False,False,False,False,False,False,NORMAL,2.8,,False,False,False,False,False,False,NORMAL,2.8,
4024,268.894086,True,0.344,0.01,-6.3,-7.2,False,False,,,True,True,False,False,False,False,False,False,NORMAL,2.8,,False,False,False,False,False,False,NORMAL,2.8,
4025,268.960909,True,0.355,0.006,-9.8,-10.3,False,False,,,True,True,False,False,False,False,False,False,NORMAL,2.8,,False,False,False,False,False,False,NORMAL,2.8,
4026,269.027731,True,0.344,0.011,-12.5,-10.6,False,False,,,True,True,False,False,False,False,False,False,NORMAL,2.8,,False,False,False,False,False,False,NORMAL,2.8,
4027,269.094554,True,0.357,0.007,-12.3,-12.4,False,False,,,True,True,False,False,False,False,False,False,NORMAL,2.8,,False,False,False,False,False,False,NORMAL,2.8,
4028,269.161377,True,0.378,0.007,-16.3,-16.0,False,False,,,True,True,False,False,False,False,False,False,NORMAL,2.8,,False,False,False,False,False,False,NORMAL,2.8,
4029,269.228199,True,0.349,0.013,-15.9,-18.1,False,False,,,True,True,False,False,False,False,False,False,NORMAL,2.8,,False,False,False,False,False,False,NORMAL,2.8,
4030,269.295022,True,0.364,0.011,-16.2,-18.4,False,False,,,True,True,False,False,False,False,False,False,NORMAL,2.8,,False,False,False,False,False,False,NORMAL,2.8,
4031,269.361844,True,0.364,0.01,-16.1,-17.7,False,False,,,True,True,False,False,False,False,False,False,NORMAL,2.8,,False,False,False,False,False,False,NORMAL,2.8,
4032,269.428667,True,0.348,0.009,-15.6,-16.2,False,False,,,True,True,False,False,False,False,False,False,NORMAL,2.8,,False,False,False,False,False,False,NORMAL,2.8,
4033,269.495489,True,0.352,0.008,-14.6,-16.4,False,False,,,True,True,False,False,False,False,False,False,NORMAL,2.8,,False,False,False,False,False,False,NORMAL,2.8,
4034,269.562312,True,0.306,0.014,-17.1,-17.5,False,False,,,True,True,False,False,False,False,False,False,NORMAL,2.8,,False,False,False,False,False,False,NORMAL,2.8,
4035,269.629135,True,0.27,0.007,-12.6,-26.1,False,False,,,True,True,False,False,False,False,False,False,NORMAL,2.8,,False,False,False,False,False,False,NORMAL,2.8,
4036,269.695957,True,0.269,0.012,-12.4,-28.2,False,False,,,True,True,False,False,False,False,False,False,NORMAL,2.8,,False,False,False,False,False,False,NORMAL,2.8,
4037,269.762780,True,0.297,0.011,-12.2,-26.1,False,False,,,True,True,False,False,False,False,False,False,NORMAL,2.8,,False,False,False,False,False,False,NORMAL,2.8,
4038,269.829602,True,0.3,0.008,-7.9,-21.1,False,False,,,True,True,False,False,False,False,False,False,NORMAL,2.8,,False,False,False,False,False,False,NORMAL,2.8,
4039,269.896425,True,0.305,0.008,-7.4,-20.8,False,False,,,True,True,False,False,False,False,False,False,NORMAL,2.8,,False,False,False,False,False,False,NORMAL,2.8,
4040,269.963248,True,0.262,0.007,-1.1,-20.6,False,False,,,True,True,False,False,False,False,False,False,NORMAL,2.8,,False,False,False,False,False,False,NORMAL,2.8,
4041,270.030070,True,0.289,0.008,4.9,-20.8,False,False,,,True,True,False,False,False,False,False,False,NORMAL,2.8,,False,False,False,False,False,False,NORMAL,2.8,
4042,270.096893,True,0.297,0.007,5.0,-21.3,False,False,,,True,True,False,False,False,False,False,False,NORMAL,2.8,,False,False,False,False,False,False,NORMAL,2.8,
4043,270.163715,True,0.289,0.007,2.3,-20.6,False,False,,,True,True,False,False,False,False,False,False,NORMAL,2.8,,False,False,False,False,False,False,NORMAL,2.8,
4044,270.230538,True,0.293,0.009,1.4,-20.6,False,False,,,True,True,False,False,False,False,False,False,NORMAL,2.8,,False,False,False,False,False,False,NORMAL,2.8,
4045,270.297361,True,0.291,0.01,1.0,-20.5,False,False,,,True,True,False,False,False,False,False,False,NORMAL,2.8,,False,False,False,False,False,False,NORMAL,2.8,
4046,270.364183,True,0.297,0.017,-1.0,-19.2,False,False,,,True,True,False,False,False,False,False,False,NORMAL,2.8,,False,False,False,False,False,False,NORMAL,2.8,
4047,270.431006,True,0.293,0.012,-1.7,-20.1,False,False,,,True,True,False,False,False,False,False,False,NORMAL,2.8,,False,False,False,False,False,False,NORMAL,2.8,
4048,270.497828,True,0.294,0.011,-1.8,-20.2,False,False,,,True,True,False,False,False,False,False,False,NORMAL,2.8,,False,False,False,False,False,False,NORMAL,2.8,
4049,270.564651,True,0.295,0.01,-2.0,-21.1,False,False,,,True,True,False,False,False,False,False,False,NORMAL,2.8,,False,False,False,False,False,False,NORMAL,2.8,
4050,270.631473,True,0.312,0.019,-3.2,-20.1,False,False,,,True,True,False,False,False,False,False,False,NORMAL,2.8,,False,False,False,False,False,False,NORMAL,2.8,
4051,270.698296,True,0.31,0.025,-3.1,-20.2,False,False,,,True,True,False,False,False,False,False,False,NORMAL,2.8,,False,False,False,False,False,False,NORMAL,2.8,
4052,270.765119,True,0.299,0.148,-2.9,-19.7,False,False,,,True,True,False,False,False,False,False,False,NORMAL,2.8,,False,False,False,False,False,False,NORMAL,2.8,
4053,270.831941,True,0.305,0.357,-4.0,-18.8,False,False,,,True,True,False,False,False,False,False,False,NORMAL,2.8,,False,False,False,False,False,False,NORMAL,2.8,
4054,270.898764,True,0.299,0.342,-4.5,-19.6,False,False,,,True,True,False,False,False,False,False,False,NORMAL,2.8,,False,False,False,False,False,False,NORMAL,2.8,
4055,270.965586,True,0.31,0.409,-4.9,-19.9,False,False,,,True,True,False,False,False,False,False,False,NORMAL,2.8,,False,False,False,False,False,False,NORMAL,2.8,
4056,271.032409,True,0.308,0.515,-5.1,-18.8,False,False,,,True,True,False,False,False,False,False,False,NORMAL,2.8,,False,False,False,False,False,False,NORMAL,2.8,
4057,271.099232,True,0.303,0.516,-5.1,-18.6,False,False,,,True,True,False,False,False,False,False,False,NORMAL,2.8,,False,False,False,False,False,False,NORMAL,2.8,
4058,271.166054,True,0.297,0.498,-5.4,-19.3,False,False,,,True,True,False,False,False,False,False,False,NORMAL,2.8,,False,False,False,False,False,False,NORMAL,2.8,
4059,271.232877,True,0.3,0.501,-6.1,-18.6,False,False,,,True,True,False,False,False,False,False,False,NORMAL,2.8,,False,False,False,False,False,False,NORMAL,2.8,
4060,271.299699,True,0.299,0.517,-6.6,-19.0,False,False,,,True,True,False,False,False,False,False,False,NORMAL,2.8,,False,False,False,False,False,False,NORMAL,2.8,
4061,271.366522,True,0.294,0.544,-6.5,-20.5,False,False,,,True,True,False,False,False,False,False,False,NORMAL,2.8,,False,False,False,False,False,False,NORMAL,2.8,
4062,271.433344,True,0.306,0.545,-7.9,-22.6,False,False,,,True,True,False,False,False,False,False,False,NORMAL,2.8,,False,False,False,False,False,False,NORMAL,2.8,
4063,271.500167,True,0.316,0.565,-7.6,-22.6,False,False,,,True,True,False,False,False,False,False,False,NORMAL,2.8,,False,False,False,False,False,False,NORMAL,2.8,
4064,271.566990,True,0.333,0.601,-7.0,-23.8,False,False,,,True,True,False,False,False,False,False,False,NORMAL,2.8,,False,False,False,False,False,False,NORMAL,2.8,
4065,271.633812,True,0.296,0.696,-6.5,-25.5,False,False,,,True,True,False,False,False,False,False,False,NORMAL,2.8,,False,False,False,False,False,False,NORMAL,2.8,
4066,271.700635,True,0.295,0.703,-6.5,-25.0,False,False,,,True,True,False,False,False,False,False,False,NORMAL,2.8,,False,False,False,False,False,False,NORMAL,2.8,
4067,271.767457,True,0.291,0.725,-7.5,-24.8,False,False,,,True,True,False,False,False,False,False,False,NORMAL,2.8,,False,False,False,False,False,False,NORMAL,2.8,
4068,271.834280,True,0.298,0.693,-8.4,-23.6,False,False,,,True,True,False,False,False,False,False,False,NORMAL,2.8,,False,False,False,False,False,False,NORMAL,2.8,
4069,271.901103,True,0.299,0.702,-8.7,-23.3,False,False,,,True,True,False,False,False,False,False,False,NORMAL,2.8,,False,False,False,False,False,False,NORMAL,2.8,
4070,271.967925,True,0.303,0.669,-9.4,-21.1,False,False,,,True,True,False,False,False,False,False,False,NORMAL,2.8,,False,False,False,False,False,False,NORMAL,2.8,
4071,272.034748,True,0.301,0.555,-10.1,-21.0,False,False,,,True,True,False,False,False,False,False,False,NORMAL,2.8,,False,False,False,False,False,False,NORMAL,2.8,
4072,272.101570,True,0.299,0.578,-10.0,-21.3,False,False,,,True,True,False,False,False,False,False,False,NORMAL,2.8,,False,False,False,False,False,False,NORMAL,2.8,
4073,272.168393,True,0.301,0.582,-11.4,-21.5,False,False,,,True,True,False,False,False,False,False,False,NORMAL,2.8,,False,False,False,False,False,False,NORMAL,2.8,
4074,272.235216,True,0.293,0.213,-12.9,-20.3,False,False,,,True,True,False,False,False,False,False,False,NORMAL,2.8,,False,False,False,False,False,False,NORMAL,2.8,
4075,272.302038,True,0.316,0.352,-12.1,-20.5,False,False,,,True,True,False,False,False,False,False,False,NORMAL,2.8,,False,False,False,False,False,False,NORMAL,2.8,
4076,272.368861,True,0.331,0.407,-11.8,-19.9,False,False,,,True,True,False,False,False,False,False,False,NORMAL,2.8,,False,False,False,False,False,False,NORMAL,2.8,
4077,272.435683,True,0.332,0.543,-11.8,-20.0,False,False,,,True,True,False,False,False,False,False,False,NORMAL,2.8,,False,False,False,False,False,False,NORMAL,2.8,
4078,272.502506,True,0.325,0.561,-11.7,-20.9,False,False,,,True,True,False,False,False,False,False,False,NORMAL,2.8,,False,False,False,False,False,False,NORMAL,2.8,
4079,272.569328,True,0.331,0.555,-12.4,-20.4,False,False,,,True,True,False,False,False,False,False,False,NORMAL,2.8,,False,False,False,False,False,False,NORMAL,2.8,
4080,272.636151,True,0.32,0.581,-12.5,-24.2,False,False,,,True,True,False,False,False,False,False,False,NORMAL,2.8,,False,False,False,False,False,False,NORMAL,2.8,
4081,272.702974,True,0.332,0.677,-12.5,-23.6,False,False,,,True,True,False,False,False,False,False,False,NORMAL,2.8,,False,False,False,False,False,False,NORMAL,2.8,
4082,272.769796,True,0.287,0.645,-12.4,-23.9,False,False,,,True,True,False,False,False,False,False,False,NORMAL,2.8,,False,False,False,False,False,False,NORMAL,2.8,
4083,272.836619,True,0.29,0.694,-11.5,-28.0,False,False,,,True,True,False,False,False,False,False,False,NORMAL,2.8,,False,False,False,False,False,False,NORMAL,2.8,
4084,272.903441,True,0.299,0.695,-11.2,-27.7,False,False,,,True,True,False,False,False,False,False,False,NORMAL,2.8,,False,False,False,False,False,False,NORMAL,2.8,
4085,272.970264,True,0.299,0.706,-10.5,-27.6,False,False,,,True,True,False,False,False,False,False,False,NORMAL,2.8,,False,False,False,False,False,False,NORMAL,2.8,
4086,273.037087,True,0.32,0.828,-9.9,-28.1,False,False,,,True,True,False,False,False,False,False,False,NORMAL,2.8,,False,False,False,False,False,False,NORMAL,2.8,
4087,273.103909,True,0.316,0.851,-9.8,-28.3,False,False,,,True,True,False,False,False,False,False,False,NORMAL,2.8,,False,False,False,False,False,False,NORMAL,2.8,
4088,273.170732,True,0.322,0.825,-9.6,-25.1,False,False,,,True,True,False,False,False,False,False,False,NORMAL,2.8,,False,False,False,False,False,False,NORMAL,2.8,
4089,273.237554,True,0.295,0.72,-8.9,-29.2,False,False,,,True,True,False,False,False,False,False,False,NORMAL,2.8,,False,False,False,False,False,False,NORMAL,2.8,
4090,273.304377,True,0.277,0.724,-9.0,-28.5,False,False,,,True,True,False,False,False,False,False,False,NORMAL,2.8,,False,False,False,False,False,False,NORMAL,2.8,
4091,273.371199,True,0.264,0.702,-7.3,-28.2,False,False,,,True,True,False,False,False,False,False,False,NORMAL,2.8,,False,False,False,False,False,False,NORMAL,2.8,
4092,273.438022,True,0.254,0.685,-5.9,-29.3,False,False,,,True,True,False,False,False,False,False,False,NORMAL,2.8,,False,False,False,False,False,False,NORMAL,2.8,
4093,273.504845,True,0.251,0.655,-6.2,-30.4,False,False,,,True,True,False,False,False,False,False,False,NORMAL,2.8,,False,False,False,False,False,False,NORMAL,2.8,
4094,273.571667,True,0.271,0.706,-6.9,-28.9,False,False,,,True,True,False,False,False,False,False,False,NORMAL,2.8,,False,False,False,False,False,False,NORMAL,2.8,
4095,273.638490,True,0.277,0.727,-6.8,-28.7,False,False,,,True,True,False,False,False,False,False,False,NORMAL,2.8,,False,False,False,False,False,False,NORMAL,2.8,
4096,273.705312,True,0.283,0.753,-7.1,-28.6,False,False,,,True,True,False,False,False,False,False,False,NORMAL,2.8,,False,False,False,False,False,False,NORMAL,2.8,
4097,273.772135,True,0.286,0.769,-7.6,-27.5,False,False,,,True,True,False,False,False,False,False,False,NORMAL,2.8,,False,False,False,False,False,False,NORMAL,2.8,
4098,273.838958,True,0.281,0.812,-9.1,-27.3,False,False,,,True,True,False,False,False,False,False,False,NORMAL,2.8,,False,False,False,False,False,False,NORMAL,2.8,
4099,273.905780,True,0.282,0.814,-9.8,-27.1,False,False,,,True,True,False,False,False,False,False,False,NORMAL,2.8,,False,False,False,False,False,False,NORMAL,2.8,
4100,273.972603,True,0.326,0.749,-12.5,-29.1,False,False,,,True,True,False,False,False,False,False,False,NORMAL,2.8,,False,False,False,False,False,False,NORMAL,2.8,
4101,274.039425,True,0.3,0.744,-11.9,-28.0,False,False,,,True,True,False,False,False,False,False,False,NORMAL,2.8,,False,False,False,False,False,False,NORMAL,2.8,
4102,274.106248,True,0.29,0.721,-11.6,-28.1,False,False,,,True,True,False,False,False,False,False,False,NORMAL,2.8,,False,False,False,False,False,False,NORMAL,2.8,
4103,274.173070,True,0.28,0.698,-11.1,-28.0,False,False,,,True,True,False,False,False,False,False,False,NORMAL,2.8,,False,False,False,False,False,False,NORMAL,2.8,
4104,274.239893,True,0.277,0.655,-10.2,-29.1,False,False,,,True,True,False,False,False,False,False,False,NORMAL,2.8,,False,False,False,False,False,False,NORMAL,2.8,
4105,274.306716,True,0.27,0.652,-10.3,-29.7,False,False,,,True,True,False,False,False,False,False,False,NORMAL,2.7,,False,False,False,False,False,False,NORMAL,2.7,
4106,274.373538,True,0.274,0.668,-10.5,-29.1,False,False,,,True,True,False,True,False,False,False,False,WARNING,45.0,,False,True,False,False,False,False,WARNING,45.0,
4107,274.440361,True,0.277,0.692,-11.4,-28.6,False,False,,,True,True,False,True,False,False,False,False,WARNING,45.0,,False,True,False,False,False,False,WARNING,45.0,
4108,274.507183,True,0.278,0.705,-11.7,-28.6,False,False,,,True,True,False,True,False,False,False,False,WARNING,45.0,,False,True,False,False,False,False,WARNING,45.0,
4109,274.574006,True,0.291,0.681,-12.6,-27.6,False,False,,,True,True,False,True,False,False,False,False,WARNING,45.0,,False,True,False,False,False,False,WARNING,45.0,
4110,274.640829,True,0.279,0.671,-13.2,-28.7,False,False,,,True,True,False,True,False,False,False,False,WARNING,45.0,,False,True,False,False,False,False,WARNING,45.0,
4111,274.707651,True,0.279,0.676,-13.0,-27.5,False,False,,,True,True,False,True,False,False,False,False,WARNING,45.0,,False,True,False,False,False,False,WARNING,45.0,
4112,274.774474,True,0.296,0.687,-14.3,-27.3,False,False,,,True,True,False,True,False,False,False,False,WARNING,45.0,,False,True,False,False,False,False,WARNING,45.0,
4113,274.841296,True,0.288,0.605,-13.2,-24.3,False,False,,,True,True,False,True,False,False,False,False,WARNING,45.0,,False,True,False,False,False,False,WARNING,45.0,
4114,274.908119,True,0.291,0.64,-13.0,-24.3,False,False,,,True,True,False,True,False,False,False,False,WARNING,45.0,,False,True,False,False,False,False,WARNING,45.0,
4115,274.974942,True,0.307,0.619,-11.0,-22.2,False,False,,,True,True,False,True,False,False,False,False,WARNING,45.0,,False,True,False,False,False,False,WARNING,45.0,
4116,275.041764,True,0.304,0.503,-7.1,-23.1,False,False,,,True,True,False,True,False,False,False,False,WARNING,45.0,,False,True,False,False,False,False,WARNING,45.0,
4117,275.108587,True,0.305,0.516,-7.7,-22.3,False,False,,,True,True,False,True,False,False,False,False,WARNING,45.0,,False,True,False,False,False,False,WARNING,45.0,
4118,275.175409,True,0.31,0.545,-7.5,-20.5,False,False,,,True,True,False,True,False,False,False,False,WARNING,45.0,,False,True,False,False,False,False,WARNING,45.0,
4119,275.242232,True,0.293,0.546,-7.3,-19.8,False,False,,,True,True,False,True,False,False,False,False,WARNING,45.0,,False,True,False,False,False,False,WARNING,45.0,
4120,275.309054,True,0.278,0.556,-7.5,-19.9,False,False,,,True,True,False,True,False,False,False,False,WARNING,45.0,,False,True,False,False,False,False,WARNING,45.0,
4121,275.375877,True,0.268,0.574,-7.9,-19.5,False,False,,,True,True,False,True,False,False,False,False,WARNING,45.0,,False,True,False,False,False,False,WARNING,45.0,
4122,275.442700,True,0.31,0.562,-8.6,-17.7,False,False,,,True,True,False,True,False,False,False,False,WARNING,45.0,,False,True,False,False,False,False,WARNING,45.0,
4123,275.509522,True,0.328,0.569,-9.6,-17.5,False,False,,,True,True,False,True,False,False,False,False,WARNING,45.0,,False,True,False,False,False,False,WARNING,45.0,
4124,275.576345,True,0.323,0.553,-10.4,-16.9,False,False,,,True,True,False,True,False,False,False,False,WARNING,45.0,,False,True,False,False,False,False,WARNING,45.0,
4125,275.643167,True,0.322,0.554,-11.3,-16.6,False,False,,,True,True,False,True,False,False,False,False,WARNING,45.0,,False,True,False,False,False,False,WARNING,45.0,
4126,275.709990,True,0.321,0.525,-12.1,-16.2,False,False,,,True,True,False,True,False,False,False,False,WARNING,45.0,,False,True,False,False,False,False,WARNING,45.0,
4127,275.776813,True,0.331,0.518,-13.8,-16.1,False,False,,,True,True,False,True,False,False,False,False,WARNING,45.0,,False,True,False,False,False,False,WARNING,45.0,
4128,275.843635,True,0.331,0.508,-13.2,-16.4,True,True,,,True,True,False,True,False,False,False,False,WARNING,45.0,,False,True,False,False,False,False,WARNING,45.0,
4129,275.910458,True,0.329,0.521,-13.0,-17.0,False,False,,,True,True,False,True,False,False,False,False,WARNING,45.0,,False,True,False,False,False,False,WARNING,45.0,
4130,275.977280,True,0.328,0.524,-12.9,-17.4,True,True,,,True,True,False,True,False,False,False,False,WARNING,45.0,,False,True,False,False,False,False,WARNING,45.0,
4131,276.044103,True,0.332,0.529,-13.1,-18.1,False,False,,,True,True,False,True,False,False,False,False,WARNING,45.0,,False,True,False,False,False,False,WARNING,45.0,
4132,276.110925,True,0.322,0.551,-12.7,-17.2,False,False,,,True,True,False,True,False,False,False,False,WARNING,45.0,,False,True,False,False,False,False,WARNING,45.0,
4133,276.177748,True,0.316,0.54,-12.6,-17.1,False,False,,,True,True,False,True,False,False,False,False,WARNING,45.0,,False,True,False,False,False,False,WARNING,45.0,
4134,276.244571,True,0.318,0.47,-12.3,-17.5,False,False,,,True,True,False,True,False,False,False,False,WARNING,45.0,,False,True,False,False,False,False,WARNING,45.0,
4135,276.311393,True,0.322,0.484,-12.4,-18.4,False,False,,,True,True,False,True,False,False,False,False,WARNING,45.0,,False,True,False,False,False,False,WARNING,45.0,
4136,276.378216,True,0.331,0.435,-13.2,-17.9,False,False,,,True,True,False,True,False,False,False,False,WARNING,45.0,,False,True,False,False,False,False,WARNING,45.0,
4137,276.445038,True,0.323,0.398,-13.2,-17.0,False,False,,,True,True,False,False,False,False,False,False,WARNING,44.1,,False,False,False,False,False,False,WARNING,44.1,
4138,276.511861,True,0.324,0.378,-13.1,-17.0,False,False,,,True,True,False,False,False,False,False,False,WARNING,43.2,,False,False,False,False,False,False,WARNING,43.2,
4139,276.578684,True,0.331,0.342,-12.4,-18.0,False,False,,,True,True,False,False,False,False,False,False,WARNING,42.4,,False,False,False,False,False,False,WARNING,42.4,
4140,276.645506,True,0.321,0.402,-11.7,-19.2,False,False,,,True,True,False,False,False,False,False,False,WARNING,41.5,,False,False,False,False,False,False,WARNING,41.5,
4141,276.712329,True,0.352,0.324,-13.0,-22.2,False,False,,,True,True,False,False,False,False,False,False,WARNING,40.7,,False,False,False,False,False,False,WARNING,40.7,
4142,276.779151,True,0.334,0.388,-12.5,-22.0,False,False,,,True,True,False,False,False,False,False,False,NORMAL,39.9,,False,False,False,False,False,False,NORMAL,39.9,
4143,276.845974,True,0.318,0.49,-13.1,-25.4,False,False,,,True,True,False,False,False,False,False,False,NORMAL,39.1,,False,False,False,False,False,False,NORMAL,39.1,
4144,276.912797,True,0.325,0.497,-13.6,-25.5,False,False,,,True,True,False,False,False,False,False,False,NORMAL,38.3,,False,False,False,False,False,False,NORMAL,38.3,
4145,276.979619,True,0.283,0.513,-13.5,-30.2,False,False,,,True,True,False,False,False,False,False,False,NORMAL,37.6,,False,False,False,False,False,False,NORMAL,37.6,
4146,277.046442,True,0.285,0.514,-14.0,-29.6,False,False,,,True,True,False,False,False,False,False,False,NORMAL,36.8,,False,False,False,False,False,False,NORMAL,36.8,
4147,277.113264,True,0.309,0.51,-14.3,-28.9,False,False,,,True,True,False,False,False,False,False,False,NORMAL,36.1,,False,False,False,False,False,False,NORMAL,36.1,
4148,277.180087,True,0.296,0.546,-15.0,-29.4,False,False,,,True,True,False,False,False,False,False,False,NORMAL,35.4,,False,False,False,False,False,False,NORMAL,35.4,
4149,277.246909,True,0.301,0.577,-15.8,-29.6,False,False,,,True,True,False,False,False,False,False,False,NORMAL,34.7,,False,False,False,False,False,False,NORMAL,34.7,
4150,277.313732,True,0.303,0.582,-16.0,-29.5,False,False,,,True,True,False,False,False,False,False,False,NORMAL,34.0,,False,False,False,False,False,False,NORMAL,34.0,
4151,277.380555,True,0.299,0.553,-16.1,-30.2,False,False,,,True,True,False,False,False,False,False,False,NORMAL,33.3,,False,False,False,False,False,False,NORMAL,33.3,
4152,277.447377,True,0.329,0.526,-15.7,-29.9,False,False,,,True,True,False,False,False,False,False,False,NORMAL,32.7,,False,False,False,False,False,False,NORMAL,32.7,
4153,277.514200,True,0.338,0.5,-16.0,-30.1,False,False,,,True,True,False,False,False,False,False,False,NORMAL,32.0,,False,False,False,False,False,False,NORMAL,32.0,
4154,277.581022,True,0.34,0.49,-15.6,-29.8,False,False,,,True,True,False,False,False,False,False,False,NORMAL,31.4,,False,False,False,False,False,False,NORMAL,31.4,
4155,277.647845,True,0.33,0.514,-16.2,-28.5,False,False,,,True,True,False,False,False,False,False,False,NORMAL,30.7,,False,False,False,False,False,False,NORMAL,30.7,
4156,277.714668,True,0.321,0.464,-16.5,-29.1,False,False,,,True,True,False,False,False,False,False,False,NORMAL,30.1,,False,False,False,False,False,False,NORMAL,30.1,
4157,277.781490,True,0.319,0.481,-16.5,-27.4,False,False,,,True,True,False,False,False,False,False,False,NORMAL,29.5,,False,False,False,False,False,False,NORMAL,29.5,
4158,277.848313,True,0.298,0.514,-17.0,-27.9,False,False,,,True,True,False,False,False,False,False,False,NORMAL,29.0,,False,False,False,False,False,False,NORMAL,29.0,
4159,277.915135,True,0.28,0.5,-16.6,-28.2,False,False,,,True,True,False,False,False,False,False,False,NORMAL,28.4,,False,False,False,False,False,False,NORMAL,28.4,
4160,277.981958,True,0.275,0.493,-17.0,-25.8,False,False,,,True,True,False,False,False,False,False,False,NORMAL,27.8,,False,False,False,False,False,False,NORMAL,27.8,
4161,278.048780,True,0.303,0.547,-17.0,-24.5,False,False,,,True,True,False,False,False,False,False,False,NORMAL,27.3,,False,False,False,False,False,False,NORMAL,27.3,
4162,278.115603,True,0.322,0.574,-16.7,-24.4,False,False,,,True,True,False,False,False,False,False,False,NORMAL,26.7,,False,False,False,False,False,False,NORMAL,26.7,
4163,278.182426,True,0.334,0.655,-16.8,-23.6,False,False,,,True,True,False,False,False,False,False,False,NORMAL,26.2,,False,False,False,False,False,False,NORMAL,26.2,
4164,278.249248,True,0.301,0.799,-15.0,-21.5,False,False,,,True,True,False,False,False,False,False,False,NORMAL,25.7,,False,False,False,False,False,False,NORMAL,25.7,
4165,278.316071,True,0.303,0.811,-14.6,-21.5,False,False,,,True,True,False,False,False,False,False,False,NORMAL,25.2,,False,False,False,False,False,False,NORMAL,25.2,
4166,278.382893,True,0.292,0.902,-13.0,-19.3,False,False,,,True,True,False,False,False,False,False,False,NORMAL,24.7,,False,False,False,False,False,False,NORMAL,24.7,
4167,278.449716,True,0.287,0.946,-13.8,-19.8,False,False,,,True,True,False,False,False,False,False,False,NORMAL,24.2,,False,False,False,False,False,False,NORMAL,24.2,
4168,278.516539,True,0.292,0.921,-14.4,-19.1,False,False,,,True,True,False,False,False,False,False,False,NORMAL,23.7,,False,False,False,False,False,False,NORMAL,23.7,
4169,278.583361,True,0.304,0.925,-14.3,-18.9,False,False,,,True,True,False,False,False,False,False,False,NORMAL,23.2,,False,False,False,False,False,False,NORMAL,23.2,
4170,278.650184,True,0.313,0.914,-14.2,-17.7,False,False,,,True,True,False,False,False,False,False,False,NORMAL,22.8,,False,False,False,False,False,False,NORMAL,22.8,
4171,278.717006,True,0.308,0.86,-13.4,-18.2,False,False,,,True,True,False,False,False,False,False,False,NORMAL,22.3,,False,False,False,False,False,False,NORMAL,22.3,
4172,278.783829,True,0.304,0.807,-13.4,-16.5,False,False,,,True,True,False,False,False,False,False,False,NORMAL,21.9,,False,False,False,False,False,False,NORMAL,21.9,
4173,278.850652,True,0.313,0.579,-13.8,-15.4,False,False,,,True,True,False,False,False,False,False,False,NORMAL,21.4,,False,False,False,False,False,False,NORMAL,21.4,
4174,278.917474,True,0.302,0.664,-12.0,-15.6,False,False,,,True,True,False,False,False,False,False,False,NORMAL,21.0,,False,False,False,False,False,False,NORMAL,21.0,
4175,278.984297,True,0.304,0.652,-12.2,-17.4,False,False,,,True,True,False,False,False,False,False,False,NORMAL,20.6,,False,False,False,False,False,False,NORMAL,20.6,
4176,279.051119,True,0.312,0.526,-11.5,-15.8,False,False,,,True,True,False,False,False,False,False,False,NORMAL,20.2,,False,False,False,False,False,False,NORMAL,20.2,
4177,279.117942,True,0.326,0.565,-11.7,-16.2,False,False,,,True,True,False,False,False,False,False,False,NORMAL,19.8,,False,False,False,False,False,False,NORMAL,19.8,
4178,279.184764,True,0.341,0.515,-12.3,-16.2,False,False,,,True,True,False,False,False,False,False,False,NORMAL,19.4,,False,False,False,False,False,False,NORMAL,19.4,
4179,279.251587,True,0.348,0.508,-12.9,-15.7,False,False,,,True,True,False,False,False,False,False,False,NORMAL,19.0,,False,False,False,False,False,False,NORMAL,19.0,
4180,279.318410,True,0.335,0.487,-12.3,-15.2,False,False,,,True,True,False,False,False,False,False,False,NORMAL,18.6,,False,False,False,False,False,False,NORMAL,18.6,
4181,279.385232,True,0.333,0.466,-12.7,-15.0,False,False,,,True,True,False,False,False,False,False,False,NORMAL,18.3,,False,False,False,False,False,False,NORMAL,18.3,
4182,279.452055,True,0.346,0.394,-13.2,-15.2,False,False,,,True,True,False,False,False,False,False,False,NORMAL,17.9,,False,False,False,False,False,False,NORMAL,17.9,
4183,279.518877,True,0.36,0.417,-13.2,-15.2,False,False,,,True,True,False,False,False,False,False,False,NORMAL,17.5,,False,False,False,False,False,False,NORMAL,17.5,
4184,279.585700,True,0.322,0.464,-11.4,-16.1,False,False,,,True,True,False,False,False,False,False,False,NORMAL,17.2,,False,False,False,False,False,False,NORMAL,17.2,
4185,279.652523,True,0.282,0.505,-9.0,-15.0,False,False,,,True,True,False,False,False,False,False,False,NORMAL,16.9,,False,False,False,False,False,False,NORMAL,16.9,
4186,279.719345,True,0.307,0.497,-7.6,-17.2,False,False,,,True,True,False,False,False,False,False,False,NORMAL,16.5,,False,False,False,False,False,False,NORMAL,16.5,
4187,279.786168,True,0.274,0.469,-6.8,-17.6,False,False,,,True,True,False,False,False,False,False,False,NORMAL,16.2,,False,False,False,False,False,False,NORMAL,16.2,
4188,279.852990,True,0.287,0.451,-3.8,-15.5,False,False,,,True,True,False,False,False,False,False,False,NORMAL,15.9,,False,False,False,False,False,False,NORMAL,15.9,
4189,279.919813,True,0.286,0.503,-2.9,-16.0,False,False,,,True,True,False,False,False,False,False,False,NORMAL,15.6,,False,False,False,False,False,False,NORMAL,15.6,
4190,279.986635,True,0.307,0.502,-4.1,-15.1,False,False,,,True,True,False,False,False,False,False,False,NORMAL,15.2,,False,False,False,False,False,False,NORMAL,15.2,
4191,280.053458,True,0.299,0.417,-7.1,-13.4,False,False,,,True,True,False,False,False,False,False,False,NORMAL,14.9,,False,False,False,False,False,False,NORMAL,14.9,
4192,280.120281,True,0.307,0.499,-7.7,-13.3,False,False,,,True,True,False,False,False,False,False,False,NORMAL,14.6,,False,False,False,False,False,False,NORMAL,14.6,
4193,280.187103,True,0.285,0.459,-9.4,-14.4,False,False,,,True,True,False,False,False,False,False,False,NORMAL,14.4,,False,False,False,False,False,False,NORMAL,14.4,
4194,280.253926,True,0.279,0.442,-9.5,-14.8,False,False,,,True,True,False,False,False,False,False,False,NORMAL,14.1,,False,False,False,False,False,False,NORMAL,14.1,
4195,280.320748,True,0.303,0.373,-10.2,-14.7,False,False,,,True,True,False,False,False,False,False,False,NORMAL,13.8,,False,False,False,False,False,False,NORMAL,13.8,
4196,280.387571,True,0.306,0.439,-10.2,-14.8,False,False,,,True,True,False,False,False,False,False,False,NORMAL,13.5,,False,False,False,False,False,False,NORMAL,13.5,
4197,280.454394,True,0.315,0.469,-10.0,-15.4,False,False,,,True,True,False,False,False,False,False,False,NORMAL,13.2,,False,False,False,False,False,False,NORMAL,13.2,
4198,280.521216,True,0.32,0.486,-10.0,-15.7,False,False,,,True,True,False,False,False,False,False,False,NORMAL,13.0,,False,False,False,False,False,False,NORMAL,13.0,
4199,280.588039,True,0.324,0.457,-9.7,-15.8,False,False,,,True,True,False,False,False,False,False,False,NORMAL,12.7,,False,False,False,False,False,False,NORMAL,12.7,
4200,280.654861,True,0.326,0.378,-9.5,-21.1,False,False,,,True,True,False,False,False,False,False,False,NORMAL,12.5,,False,False,False,False,False,False,NORMAL,12.5,
4201,280.721684,True,0.34,0.377,-9.3,-21.4,False,False,,,True,True,False,False,False,False,False,False,NORMAL,12.3,,False,False,False,False,False,False,NORMAL,12.3,
4202,280.788507,True,0.337,0.261,-9.6,-25.6,False,False,,,True,True,False,False,False,False,False,False,NORMAL,12.3,,False,False,False,False,False,False,NORMAL,12.3,
4203,280.855329,True,0.257,0.197,-7.3,-29.8,False,False,,,True,True,False,False,False,False,False,False,NORMAL,12.3,,False,False,False,False,False,False,NORMAL,12.3,
4204,280.922152,True,0.251,0.2,-7.8,-29.2,False,False,,,True,True,False,False,False,False,False,False,NORMAL,12.3,,False,False,False,False,False,False,NORMAL,12.3,
4205,280.988974,True,0.28,0.185,-6.4,-30.0,False,False,,,True,True,False,False,False,False,False,False,NORMAL,12.3,,False,False,False,False,False,False,NORMAL,12.3,
4206,281.055797,True,0.241,0.171,-5.1,-31.3,False,False,,,True,True,False,False,False,False,False,False,NORMAL,12.3,,False,False,False,False,False,False,NORMAL,12.3,
4207,281.122619,True,0.245,0.161,-5.0,-31.6,False,False,,,True,True,False,False,False,False,False,False,NORMAL,12.3,,False,False,False,False,False,False,NORMAL,12.3,
4208,281.189442,True,0.24,0.131,-4.3,-33.5,False,False,,,True,True,False,False,False,False,False,False,NORMAL,12.3,,False,False,False,False,False,False,NORMAL,12.3,
4209,281.256265,True,0.269,0.119,-5.5,-33.6,False,False,,,True,True,False,False,False,False,False,False,NORMAL,12.3,,False,False,False,False,False,False,NORMAL,12.3,
4210,281.323087,True,0.275,0.128,-5.7,-33.2,False,False,,,True,True,False,False,False,False,False,False,NORMAL,12.3,,False,False,False,False,False,False,NORMAL,12.3,
4211,281.389910,True,0.265,0.164,-8.9,-30.8,False,False,,,True,True,False,False,False,False,False,False,NORMAL,12.3,,False,False,False,False,False,False,NORMAL,12.3,
4212,281.456732,True,0.276,0.193,-9.9,-30.8,False,False,,,True,True,False,False,False,False,False,False,NORMAL,12.3,,False,False,False,False,False,False,NORMAL,12.3,
4213,281.523555,True,0.282,0.201,-9.7,-30.1,False,False,,,True,True,False,False,False,False,False,False,NORMAL,12.3,,False,False,False,False,False,False,NORMAL,12.3,
4214,281.590378,True,0.259,0.166,-10.1,-28.8,False,False,,,True,True,False,False,False,False,False,False,NORMAL,12.3,,False,False,False,False,False,False,NORMAL,12.3,
4215,281.657200,True,0.286,0.196,-10.4,-29.2,False,False,,,True,True,False,False,False,False,False,False,NORMAL,12.3,,False,False,False,False,False,False,NORMAL,12.3,
4216,281.724023,True,0.283,0.214,-10.9,-28.0,False,False,,,True,True,False,False,False,False,False,False,NORMAL,12.3,,False,False,False,False,False,False,NORMAL,12.3,
4217,281.790845,True,0.274,0.139,-13.1,-29.0,False,False,,,True,True,False,False,False,False,False,False,NORMAL,12.3,,False,False,False,False,False,False,NORMAL,12.3,
4218,281.857668,True,0.281,0.096,-13.7,-27.8,False,False,,,True,True,False,False,False,False,False,False,NORMAL,12.3,,False,False,False,False,False,False,NORMAL,12.3,
4219,281.924490,True,0.283,0.089,-13.9,-27.7,False,False,,,True,True,False,False,False,False,False,False,NORMAL,12.3,,False,False,False,False,False,False,NORMAL,12.3,
4220,281.991313,True,0.274,0.013,-14.5,-26.6,False,False,,,True,True,False,False,False,False,False,False,NORMAL,12.3,,False,False,False,False,False,False,NORMAL,12.3,
4221,282.058136,True,0.272,0.006,-14.3,-27.0,False,False,,,True,True,False,False,False,False,False,False,NORMAL,12.3,,False,False,False,False,False,False,NORMAL,12.3,
4222,282.124958,True,0.29,0.004,-14.2,-27.1,False,False,,,True,True,False,False,False,False,False,False,NORMAL,12.3,,False,False,False,False,False,False,NORMAL,12.3,
4223,282.191781,True,0.308,0.004,-14.1,-25.2,False,False,,,True,True,False,False,False,False,False,False,NORMAL,12.3,,False,False,False,False,False,False,NORMAL,12.3,
4224,282.258603,True,0.316,0.003,-13.2,-22.9,False,False,,,True,True,False,False,False,False,False,False,NORMAL,12.3,,False,False,False,False,False,False,NORMAL,12.3,
4225,282.325426,True,0.32,0.004,-13.0,-22.8,False,False,,,True,True,False,False,False,False,False,False,NORMAL,12.3,,False,False,False,False,False,False,NORMAL,12.3,
4226,282.392249,True,0.326,0.005,-12.7,-20.1,False,False,,,True,True,False,False,False,False,False,False,NORMAL,12.3,,False,False,False,False,False,False,NORMAL,12.3,
4227,282.459071,True,0.263,0.006,-12.8,-20.6,False,False,,,True,True,False,False,False,False,False,False,NORMAL,12.3,,False,False,False,False,False,False,NORMAL,12.3,
4228,282.525894,True,0.275,0.005,-12.8,-20.4,False,False,,,True,True,False,False,False,False,False,False,NORMAL,12.3,,False,False,False,False,False,False,NORMAL,12.3,
4229,282.592716,True,0.288,0.007,-12.4,-20.3,False,False,,,True,True,False,False,False,False,False,False,NORMAL,12.3,,False,False,False,False,False,False,NORMAL,12.3,
4230,282.659539,True,0.291,0.005,-12.3,-19.8,False,False,,,True,True,False,False,False,False,False,False,NORMAL,12.3,,False,False,False,False,False,False,NORMAL,12.3,
4231,282.726362,True,0.303,0.003,-12.7,-19.7,False,False,,,True,True,False,False,False,False,False,False,NORMAL,12.3,,False,False,False,False,False,False,NORMAL,12.3,
4232,282.793184,True,0.318,0.003,-12.5,-19.5,False,False,,,True,True,False,False,False,False,False,False,NORMAL,12.3,,False,False,False,False,False,False,NORMAL,12.3,
4233,282.860007,True,0.32,0.004,-12.8,-19.2,False,False,,,True,True,False,False,False,False,False,False,NORMAL,12.3,,False,False,False,False,False,False,NORMAL,12.3,
4234,282.926829,True,0.32,0.007,-12.7,-20.0,False,False,,,True,True,False,False,False,False,False,False,NORMAL,12.3,,False,False,False,False,False,False,NORMAL,12.3,
4235,282.993652,True,0.325,0.011,-12.9,-20.1,False,False,,,True,True,False,False,False,False,False,False,NORMAL,12.3,,False,False,False,False,False,False,NORMAL,12.3,
4236,283.060474,True,0.321,0.054,-12.9,-19.6,False,False,,,True,True,False,False,False,False,False,False,NORMAL,12.3,,False,False,False,False,False,False,NORMAL,12.3,
4237,283.127297,True,0.336,0.073,-13.0,-19.7,False,False,,,True,True,False,False,False,False,False,False,NORMAL,12.3,,False,False,False,False,False,False,NORMAL,12.3,
4238,283.194120,True,0.333,0.269,-11.1,-20.1,False,False,,,True,True,False,False,False,False,False,False,NORMAL,12.3,,False,False,False,False,False,False,NORMAL,12.3,
4239,283.260942,True,0.325,0.487,-11.1,-21.9,False,False,,,True,True,False,False,False,False,False,False,NORMAL,12.3,,False,False,False,False,False,False,NORMAL,12.3,
4240,283.327765,True,0.324,0.516,-11.4,-21.9,False,False,,,True,True,False,False,False,False,False,False,NORMAL,12.3,,False,False,False,False,False,False,NORMAL,12.3,
4241,283.394587,True,0.272,0.627,-8.8,-23.8,False,False,,,True,True,False,False,False,False,False,False,NORMAL,12.3,,False,False,False,False,False,False,NORMAL,12.3,
4242,283.461410,True,0.263,0.695,-7.4,-25.7,False,False,,,True,True,False,False,False,False,False,False,NORMAL,12.3,,False,False,False,False,False,False,NORMAL,12.3,
4243,283.528233,True,0.253,0.671,-7.1,-25.6,False,False,,,True,True,False,False,False,False,False,False,NORMAL,12.3,,False,False,False,False,False,False,NORMAL,12.3,
4244,283.595055,True,0.253,0.722,-8.1,-25.8,False,False,,,True,True,False,False,False,False,False,False,NORMAL,12.3,,False,False,False,False,False,False,NORMAL,12.3,
4245,283.661878,True,0.275,0.718,-10.0,-22.0,False,False,,,True,True,False,False,False,False,False,False,NORMAL,12.3,,False,False,False,False,False,False,NORMAL,12.3,
4246,283.728700,True,0.283,0.717,-9.6,-21.2,False,False,,,True,True,False,False,False,False,False,False,NORMAL,12.3,,False,False,False,False,False,False,NORMAL,12.3,
4247,283.795523,True,0.28,0.67,-10.2,-20.1,False,False,,,True,True,False,False,False,False,False,False,NORMAL,12.3,,False,False,False,False,False,False,NORMAL,12.3,
4248,283.862345,True,0.295,0.636,-11.2,-18.7,False,False,,,True,True,False,False,False,False,False,False,NORMAL,12.3,,False,False,False,False,False,False,NORMAL,12.3,
4249,283.929168,True,0.29,0.618,-11.4,-18.2,False,False,,,True,True,False,False,False,False,False,False,NORMAL,12.3,,False,False,False,False,False,False,NORMAL,12.3,
4250,283.995991,True,0.296,0.629,-12.3,-17.7,False,False,,,True,True,False,False,False,False,False,False,NORMAL,12.3,,False,False,False,False,False,False,NORMAL,12.3,
4251,284.062813,True,0.303,0.624,-12.9,-17.6,False,False,,,True,True,False,False,False,False,False,False,NORMAL,12.3,,False,False,False,False,False,False,NORMAL,12.3,
4252,284.129636,True,0.3,0.653,-14.1,-19.3,False,False,,,True,True,False,False,False,False,False,False,NORMAL,12.3,,False,False,False,False,False,False,NORMAL,12.3,
4253,284.196458,True,0.293,0.655,-14.8,-21.4,False,False,,,True,True,False,False,False,False,False,False,NORMAL,12.3,,False,False,False,False,False,False,NORMAL,12.3,
4254,284.263281,True,0.29,0.674,-14.2,-20.2,False,False,,,True,True,False,False,False,False,False,False,NORMAL,12.3,,False,False,False,False,False,False,NORMAL,12.3,
4255,284.330104,True,0.298,0.729,-14.2,-20.6,False,False,,,True,True,False,False,False,False,False,False,NORMAL,12.3,,False,False,False,False,False,False,NORMAL,12.3,
4256,284.396926,True,0.302,0.767,-13.6,-19.9,False,False,,,True,True,False,False,False,False,False,False,NORMAL,12.3,,False,False,False,False,False,False,NORMAL,12.3,
4257,284.463749,True,0.297,0.767,-14.0,-20.7,False,False,,,True,True,False,False,False,False,False,False,NORMAL,12.3,,False,False,False,False,False,False,NORMAL,12.3,
4258,284.530571,True,0.286,0.731,-13.3,-18.9,False,False,,,True,True,False,False,False,False,False,False,NORMAL,12.3,,False,False,False,False,False,False,NORMAL,12.3,
4259,284.597394,True,0.29,0.742,-13.2,-19.0,False,False,,,True,True,False,False,False,False,False,False,NORMAL,12.3,,False,False,False,False,False,False,NORMAL,12.3,
4260,284.664217,True,0.275,0.7,-11.9,-20.2,False,False,,,True,True,False,False,False,False,False,False,NORMAL,12.3,,False,False,False,False,False,False,NORMAL,12.3,
4261,284.731039,True,0.275,0.674,-11.9,-20.3,False,False,,,True,True,False,False,False,False,False,False,NORMAL,12.3,,False,False,False,False,False,False,NORMAL,12.3,
4262,284.797862,True,0.277,0.723,-11.9,-20.3,False,False,,,True,True,False,False,False,False,False,False,NORMAL,12.3,,False,False,False,False,False,False,NORMAL,12.3,
4263,284.864684,True,0.278,0.759,-12.0,-19.9,False,False,,,True,True,False,False,False,False,False,False,NORMAL,12.3,,False,False,False,False,False,False,NORMAL,12.3,
4264,284.931507,True,0.273,0.794,-13.2,-19.2,False,False,,,True,True,False,False,False,False,False,False,NORMAL,12.3,,False,False,False,False,False,False,NORMAL,12.3,
4265,284.998329,True,0.271,0.728,-13.6,-19.7,False,False,,,True,True,False,False,False,False,False,False,NORMAL,12.3,,False,False,False,False,False,False,NORMAL,12.3,
4266,285.065152,True,0.274,0.759,-13.0,-20.6,False,False,,,True,True,False,False,False,False,False,False,NORMAL,12.3,,False,False,False,False,False,False,NORMAL,12.3,
4267,285.131975,True,0.26,0.72,-13.0,-20.6,False,False,,,True,True,False,False,False,False,False,False,NORMAL,12.3,,False,False,False,False,False,False,NORMAL,12.3,
4268,285.198797,True,0.261,0.694,-12.0,-20.3,False,False,,,True,True,False,False,False,False,False,False,NORMAL,12.3,,False,False,False,False,False,False,NORMAL,12.3,
4269,285.265620,True,0.265,0.724,-11.9,-19.6,False,False,,,True,True,False,True,False,False,False,False,WARNING,45.0,,False,True,False,False,False,False,WARNING,45.0,
4270,285.332442,True,0.272,0.753,-11.9,-19.4,False,False,,,True,True,False,True,False,False,False,False,WARNING,45.0,,False,True,False,False,False,False,WARNING,45.0,
4271,285.399265,True,0.266,0.822,-11.9,-21.1,False,False,,,True,True,False,True,False,False,False,False,WARNING,45.0,,False,True,False,False,False,False,WARNING,45.0,
4272,285.466088,True,0.27,0.827,-11.7,-21.7,False,False,,,True,True,False,True,False,False,False,False,WARNING,45.0,,False,True,False,False,False,False,WARNING,45.0,
4273,285.532910,True,0.284,0.818,-10.9,-23.1,False,False,,,True,True,False,True,False,False,False,False,WARNING,45.0,,False,True,False,False,False,False,WARNING,45.0,
4274,285.599733,True,0.28,0.782,-10.7,-23.1,False,False,,,True,True,False,True,False,False,False,False,WARNING,45.0,,False,True,False,False,False,False,WARNING,45.0,
4275,285.666555,True,0.276,0.782,-10.1,-23.2,False,False,,,True,True,False,True,False,False,False,False,WARNING,45.0,,False,True,False,False,False,False,WARNING,45.0,
4276,285.733378,True,0.267,0.764,-10.1,-23.0,False,False,,,True,True,False,True,False,False,False,False,WARNING,45.0,,False,True,False,False,False,False,WARNING,45.0,
4277,285.800200,True,0.272,0.824,-9.1,-22.4,False,False,,,True,True,False,True,False,False,False,False,WARNING,45.0,,False,True,False,False,False,False,WARNING,45.0,
4278,285.867023,True,0.277,0.846,-8.4,-24.2,False,False,,,True,True,False,True,False,False,False,False,WARNING,45.0,,False,True,False,False,False,False,WARNING,45.0,
4279,285.933846,True,0.276,0.832,-8.5,-26.4,False,False,,,True,True,False,True,False,False,False,False,WARNING,45.0,,False,True,False,False,False,False,WARNING,45.0,
4280,286.000668,True,0.266,0.809,-8.8,-25.9,False,False,,,True,True,False,True,False,False,False,False,WARNING,45.0,,False,True,False,False,False,False,WARNING,45.0,
4281,286.067491,True,0.27,0.756,-9.1,-26.2,False,False,,,True,True,False,True,False,False,False,False,WARNING,45.0,,False,True,False,False,False,False,WARNING,45.0,
4282,286.134313,True,0.272,0.729,-9.5,-26.2,False,False,,,True,True,False,True,False,False,False,False,WARNING,45.0,,False,True,False,False,False,False,WARNING,45.0,
4283,286.201136,True,0.271,0.725,-10.2,-25.8,False,False,,,True,True,False,True,False,False,False,False,WARNING,45.0,,False,True,False,False,False,False,WARNING,45.0,
4284,286.267959,True,0.263,0.709,-10.6,-27.6,False,False,,,True,True,False,True,False,False,False,False,WARNING,45.0,,False,True,False,False,False,False,WARNING,45.0,
4285,286.334781,True,0.269,0.714,-10.5,-27.6,False,False,,,True,True,False,True,False,False,False,False,WARNING,45.0,,False,True,False,False,False,False,WARNING,45.0,
4286,286.401604,True,0.266,0.726,-9.7,-26.2,False,False,,,True,True,False,True,False,False,False,False,WARNING,45.0,,False,True,False,False,False,False,WARNING,45.0,
4287,286.468426,True,0.278,0.682,-9.4,-26.3,False,False,,,True,True,False,True,False,False,False,False,WARNING,45.0,,False,True,False,False,False,False,WARNING,45.0,
4288,286.535249,True,0.278,0.684,-9.2,-26.4,False,False,,,True,True,False,True,False,False,False,False,WARNING,45.0,,False,True,False,False,False,False,WARNING,45.0,
4289,286.602072,True,0.281,0.694,-9.1,-26.8,False,False,,,True,True,False,True,False,False,False,False,WARNING,45.0,,False,True,False,False,False,False,WARNING,45.0,
4290,286.668894,True,0.273,0.71,-9.1,-28.2,False,False,,,True,True,False,True,False,False,False,False,WARNING,45.0,,False,True,False,False,False,False,WARNING,45.0,
4291,286.735717,True,0.267,0.714,-9.1,-28.5,False,False,,,True,True,False,True,False,False,False,False,WARNING,45.0,,False,True,False,False,False,False,WARNING,45.0,
4292,286.802539,True,0.254,0.718,-9.5,-28.9,False,False,,,True,True,False,True,False,False,False,False,WARNING,45.0,,False,True,False,False,False,False,WARNING,45.0,
4293,286.869362,True,0.242,0.698,-9.3,-29.5,False,False,,,True,True,False,True,False,False,False,False,WARNING,45.0,,False,True,False,False,False,False,WARNING,45.0,
4294,286.936184,True,0.242,0.713,-8.6,-30.2,False,False,,,True,True,False,True,False,False,False,False,WARNING,45.0,,False,True,False,False,False,False,WARNING,45.0,
4295,287.003007,True,0.242,0.719,-8.5,-29.9,False,False,,,True,True,False,True,False,False,False,False,WARNING,45.0,,False,True,False,False,False,False,WARNING,45.0,
4296,287.069830,True,0.243,0.695,-7.4,-29.6,False,False,,,True,True,False,True,False,False,False,False,WARNING,45.0,,False,True,False,False,False,False,WARNING,45.0,
4297,287.136652,True,0.247,0.681,-6.1,-29.4,False,False,,,True,True,False,True,False,False,False,False,WARNING,45.0,,False,True,False,False,False,False,WARNING,45.0,
4298,287.203475,True,0.245,0.669,-6.2,-29.8,False,False,,,True,True,False,True,False,False,False,False,WARNING,45.0,,False,True,False,False,False,False,WARNING,45.0,
4299,287.270297,True,0.253,0.695,-6.0,-30.4,False,False,,,True,True,False,True,False,False,False,False,WARNING,45.0,,False,True,False,False,False,False,WARNING,45.0,
4300,287.337120,True,0.259,0.695,-6.0,-30.1,False,False,,,True,True,False,True,False,False,False,False,WARNING,45.0,,False,True,False,False,False,False,WARNING,45.0,
4301,287.403943,True,0.253,0.725,-6.2,-30.5,False,False,,,True,True,False,True,False,False,False,False,WARNING,45.0,,False,True,False,False,False,False,WARNING,45.0,
4302,287.470765,True,0.252,0.718,-6.4,-30.8,False,False,,,True,True,False,True,False,False,False,False,WARNING,45.0,,False,True,False,False,False,False,WARNING,45.0,
4303,287.537588,True,0.256,0.652,-6.4,-34.2,False,False,,,True,True,False,True,False,False,False,False,WARNING,45.0,,False,True,False,False,False,False,WARNING,45.0,
4304,287.604410,True,0.245,0.622,-6.8,-34.4,False,False,,,True,True,False,True,False,False,False,False,WARNING,45.0,,False,True,False,False,False,False,WARNING,45.0,
4305,287.671233,True,0.218,0.574,-7.3,-34.2,False,False,,,True,True,False,True,False,False,False,False,WARNING,45.0,,False,True,False,False,False,False,WARNING,45.0,
4306,287.738055,True,0.221,0.566,-7.6,-34.5,False,False,,,True,True,False,True,False,False,False,False,WARNING,45.0,,False,True,False,False,False,False,WARNING,45.0,
4307,287.804878,True,0.217,0.57,-7.6,-34.4,False,False,,,True,True,False,True,False,False,False,False,WARNING,45.0,,False,True,False,False,False,False,WARNING,45.0,
4308,287.871701,True,0.228,0.567,-7.5,-34.8,False,False,,,True,True,False,True,False,False,False,False,WARNING,45.0,,False,True,False,False,False,False,WARNING,45.0,
4309,287.938523,True,0.205,0.554,-8.5,-35.6,False,False,,,True,True,False,True,False,False,False,False,WARNING,45.0,,False,True,False,False,False,False,WARNING,45.0,
4310,288.005346,True,0.236,0.475,-9.4,-34.1,False,False,,,True,True,False,True,False,False,False,False,WARNING,45.0,,False,True,False,False,False,False,WARNING,45.0,
4311,288.072168,True,0.227,0.339,-11.8,-32.5,False,False,,,True,True,False,False,False,False,False,False,WARNING,44.1,,False,False,False,False,False,False,WARNING,44.1,
4312,288.138991,True,0.224,0.411,-12.6,-31.8,False,False,,,True,True,False,False,False,False,False,False,WARNING,43.2,,False,False,False,False,False,False,WARNING,43.2,
4313,288.205814,True,0.236,0.235,-12.7,-31.9,False,False,,,True,True,False,False,False,False,False,False,WARNING,42.4,,False,False,False,False,False,False,WARNING,42.4,
4314,288.272636,True,0.267,0.158,-15.3,-27.1,False,False,,,True,True,False,False,False,False,False,False,WARNING,41.5,,False,False,False,False,False,False,WARNING,41.5,
4315,288.339459,True,0.281,0.156,-14.7,-26.9,False,False,,,True,True,False,False,False,False,False,False,WARNING,40.7,,False,False,False,False,False,False,WARNING,40.7,
4316,288.406281,True,0.226,0.055,-17.5,-25.8,False,False,,,True,True,False,False,False,False,False,False,NORMAL,39.9,,False,False,False,False,False,False,NORMAL,39.9,
4317,288.473104,True,0.251,0.024,-17.9,-26.4,False,False,,,True,True,False,False,False,False,False,False,NORMAL,39.1,,False,False,False,False,False,False,NORMAL,39.1,
4318,288.539926,True,0.285,0.022,-17.7,-26.0,False,False,,,True,True,False,False,False,False,False,False,NORMAL,38.3,,False,False,False,False,False,False,NORMAL,38.3,
4319,288.606749,True,0.253,0.008,-13.6,-12.3,False,False,,,True,True,False,False,False,False,False,False,NORMAL,37.6,,False,False,False,False,False,False,NORMAL,37.6,
4320,288.673572,True,0.248,0.032,-14.5,-14.1,False,False,,,True,True,False,False,False,False,False,False,NORMAL,36.8,,False,False,False,False,False,False,NORMAL,36.8,
4321,288.740394,True,0.294,0.004,-15.2,-9.8,False,False,,,True,True,False,False,False,False,False,False,NORMAL,36.1,,False,False,False,False,False,False,NORMAL,36.1,
4322,288.807217,True,0.308,0.002,-15.4,-9.8,False,False,,,True,True,False,False,False,False,False,False,NORMAL,35.4,,False,False,False,False,False,False,NORMAL,35.4,
4323,288.874039,True,0.322,0.004,-15.3,-11.4,False,False,,,True,True,False,False,False,False,False,False,NORMAL,34.7,,False,False,False,False,False,False,NORMAL,34.7,
4324,288.940862,True,0.36,0.009,-17.0,-10.9,False,False,,,True,True,False,False,False,False,False,False,NORMAL,34.0,,False,False,False,False,False,False,NORMAL,34.0,
4325,289.007685,True,0.37,0.01,-17.8,-10.7,False,False,,,True,True,False,False,False,False,False,False,NORMAL,33.3,,False,False,False,False,False,False,NORMAL,33.3,
4326,289.074507,True,0.348,0.006,-17.2,-10.9,False,False,,,True,True,False,False,False,False,False,False,NORMAL,32.7,,False,False,False,False,False,False,NORMAL,32.7,
4327,289.141330,True,0.389,0.004,-17.4,-9.5,False,False,,,True,True,False,False,False,False,False,False,NORMAL,32.0,,False,False,False,False,False,False,NORMAL,32.0,
4328,289.208152,True,0.37,0.006,-17.2,-9.7,False,False,,,True,True,False,False,False,False,False,False,NORMAL,31.4,,False,False,False,False,False,False,NORMAL,31.4,
4329,289.274975,True,0.385,0.006,-15.5,-7.2,False,False,,,True,True,False,False,False,False,False,False,NORMAL,30.7,,False,False,False,False,False,False,NORMAL,30.7,
4330,289.341798,True,0.357,0.009,-15.7,-7.7,False,False,,,True,True,False,False,False,False,False,False,NORMAL,30.1,,False,False,False,False,False,False,NORMAL,30.1,
4331,289.408620,True,0.321,0.011,-16.0,-8.3,False,False,,,True,True,False,False,False,False,False,False,NORMAL,29.5,,False,False,False,False,False,False,NORMAL,29.5,
4332,289.475443,True,0.318,0.01,-13.4,-4.1,False,False,,,True,True,False,False,False,False,False,False,NORMAL,29.0,,False,False,False,False,False,False,NORMAL,29.0,
4333,289.542265,True,0.32,0.016,-12.7,-3.3,False,False,,,True,True,False,False,False,False,False,False,NORMAL,28.4,,False,False,False,False,False,False,NORMAL,28.4,
4334,289.609088,True,0.332,0.013,-11.4,-5.3,False,False,,,True,True,False,False,False,False,False,False,NORMAL,27.8,,False,False,False,False,False,False,NORMAL,27.8,
4335,289.675910,True,0.379,0.011,-9.0,-9.2,False,False,,,True,True,False,False,False,False,False,False,NORMAL,27.3,,False,False,False,False,False,False,NORMAL,27.3,
4336,289.742733,True,0.348,0.009,-9.4,-11.0,False,False,,,True,True,False,False,False,False,False,False,NORMAL,26.7,,False,False,False,False,False,False,NORMAL,26.7,
4337,289.809556,True,0.351,0.008,-9.9,-10.2,False,False,,,True,True,False,False,False,False,False,False,NORMAL,26.2,,False,False,False,False,False,False,NORMAL,26.2,
4338,289.876378,True,0.359,0.007,-9.9,-8.6,False,False,,,True,True,False,False,False,False,False,False,NORMAL,25.7,,False,False,False,False,False,False,NORMAL,25.7,
4339,289.943201,True,0.369,0.007,-10.9,-8.1,False,False,,,True,True,False,False,False,False,False,False,NORMAL,25.2,,False,False,False,False,False,False,NORMAL,25.2,
4340,290.010023,True,0.366,0.008,-11.5,-7.4,False,False,,,True,True,False,False,False,False,False,False,NORMAL,24.7,,False,False,False,False,False,False,NORMAL,24.7,
4341,290.076846,True,0.347,0.006,-11.5,-10.1,False,False,,,True,True,False,False,False,False,False,False,NORMAL,24.2,,False,False,False,False,False,False,NORMAL,24.2,
4342,290.143669,True,0.353,0.02,-11.6,-7.2,False,False,,,True,True,False,False,False,False,False,False,NORMAL,23.7,,False,False,False,False,False,False,NORMAL,23.7,
4343,290.210491,True,0.356,0.008,-12.6,-6.2,False,False,,,True,True,False,False,False,False,False,False,NORMAL,23.2,,False,False,False,False,False,False,NORMAL,23.2,
4344,290.277314,True,0.358,0.006,-12.4,-7.2,False,False,,,True,True,False,False,False,False,False,False,NORMAL,22.8,,False,False,False,False,False,False,NORMAL,22.8,
4345,290.344136,True,0.36,0.008,-12.5,-7.6,False,False,,,True,True,False,False,False,False,False,False,NORMAL,22.3,,False,False,False,False,False,False,NORMAL,22.3,
4346,290.410959,True,0.399,0.004,-16.4,-11.4,False,False,,,True,True,False,False,False,False,False,False,NORMAL,21.9,,False,False,False,False,False,False,NORMAL,21.9,
4347,290.477781,True,0.402,0.007,-18.4,-13.0,False,False,,,True,True,False,False,False,False,False,False,NORMAL,21.9,,False,False,False,False,False,False,NORMAL,21.9,
4348,290.544604,True,0.407,0.009,-18.1,-15.0,False,False,,,True,True,False,False,False,False,False,False,NORMAL,21.9,,False,False,False,False,False,False,NORMAL,21.9,
4349,290.611427,True,0.403,0.009,-18.4,-15.2,False,False,,,True,True,False,False,False,False,False,False,NORMAL,21.9,,False,False,False,False,False,False,NORMAL,21.9,
4350,290.678249,True,0.401,0.009,-18.7,-16.8,False,False,,,True,True,False,False,False,False,False,False,NORMAL,21.9,,False,False,False,False,False,False,NORMAL,21.9,
4351,290.745072,True,0.398,0.009,-18.8,-17.8,False,False,,,True,True,False,False,False,False,False,False,NORMAL,21.9,,False,False,False,False,False,False,NORMAL,21.9,
4352,290.811894,True,0.4,0.009,-19.0,-17.8,False,False,,,True,True,False,False,False,False,False,False,NORMAL,21.9,,False,False,False,False,False,False,NORMAL,21.9,
4353,290.878717,True,0.381,0.008,-20.3,-19.9,False,False,,,True,True,False,False,False,False,False,False,NORMAL,21.9,,False,False,False,False,False,False,NORMAL,21.9,
4354,290.945540,True,0.385,0.011,-20.9,-20.3,False,False,,,True,True,False,False,False,False,False,False,NORMAL,21.9,,False,False,False,False,False,False,NORMAL,21.9,
4355,291.012362,True,0.39,0.009,-20.7,-20.6,False,False,,,True,True,False,False,False,False,False,False,NORMAL,21.9,,False,False,False,False,False,False,NORMAL,21.9,
4356,291.079185,True,0.394,0.009,-25.1,-19.2,False,False,,,True,True,False,False,False,False,False,False,NORMAL,21.9,,False,False,False,False,False,False,NORMAL,21.9,
4357,291.146007,True,0.394,0.007,-26.7,-20.3,False,False,,,True,True,False,False,False,False,False,False,NORMAL,21.9,,False,False,False,False,False,False,NORMAL,21.9,
4358,291.212830,True,0.345,0.01,-27.6,-18.9,False,False,,,True,True,False,False,False,False,False,False,NORMAL,21.9,,False,False,False,False,False,False,NORMAL,21.9,
4359,291.279653,True,0.333,0.012,-27.5,-18.8,False,False,,,True,True,False,False,False,False,False,False,NORMAL,21.9,,False,False,False,False,False,False,NORMAL,21.9,
4360,291.346475,True,0.326,0.01,-27.4,-18.5,False,False,,,True,True,False,False,False,False,False,False,NORMAL,21.9,,False,False,False,False,False,False,NORMAL,21.9,
4361,291.413298,True,0.327,0.015,-26.1,-14.3,False,False,,,True,True,False,False,False,False,False,False,NORMAL,21.9,,False,False,False,False,False,False,NORMAL,21.9,
4362,291.480120,True,0.357,0.008,-17.4,-10.9,False,False,,,True,True,False,False,False,False,False,False,NORMAL,21.9,,False,False,False,False,False,False,NORMAL,21.9,
4363,291.546943,True,0.348,0.005,-15.4,-10.8,False,False,,,True,True,False,False,False,False,False,False,NORMAL,21.9,,False,False,False,False,False,False,NORMAL,21.9,
4364,291.613765,True,0.273,0.004,-5.5,-10.9,False,False,,,True,True,False,False,False,False,False,False,NORMAL,21.9,,False,False,False,False,False,False,NORMAL,21.9,
4365,291.680588,True,0.297,0.005,-1.9,-10.3,False,False,,,True,True,False,False,False,False,False,False,NORMAL,21.9,,False,False,False,False,False,False,NORMAL,21.9,
4366,291.747411,True,0.315,0.004,-3.0,-8.9,False,False,,,True,True,False,False,False,False,False,False,NORMAL,21.9,,False,False,False,False,False,False,NORMAL,21.9,
4367,291.814233,True,0.329,0.006,-3.1,-8.6,False,False,,,True,True,False,False,False,False,False,False,NORMAL,21.9,,False,False,False,False,False,False,NORMAL,21.9,
4368,291.881056,True,0.318,0.005,-3.2,-8.5,False,False,,,True,True,False,False,False,False,False,False,NORMAL,21.9,,False,False,False,False,False,False,NORMAL,21.9,
4369,291.947878,True,0.317,0.004,-3.3,-8.7,False,False,,,True,True,False,False,False,False,False,False,NORMAL,21.9,,False,False,False,False,False,False,NORMAL,21.9,
4370,292.014701,True,0.337,0.003,-3.4,-8.6,False,False,,,True,True,False,False,False,False,False,False,NORMAL,21.9,,False,False,False,False,False,False,NORMAL,21.9,
4371,292.081524,True,0.333,0.007,-4.7,-8.6,False,False,,,True,True,False,False,False,False,False,False,NORMAL,21.9,,False,False,False,False,False,False,NORMAL,21.9,
4372,292.148346,True,0.322,0.009,-4.6,-8.4,False,False,,,True,True,False,False,False,False,False,False,NORMAL,21.9,,False,False,False,False,False,False,NORMAL,21.9,
4373,292.215169,True,0.314,0.008,-4.4,-9.5,False,False,,,True,True,False,False,False,False,False,False,NORMAL,21.9,,False,False,False,False,False,False,NORMAL,21.9,
4374,292.281991,True,0.331,0.01,-4.3,-9.3,False,False,,,True,True,False,False,False,False,False,False,NORMAL,21.9,,False,False,False,False,False,False,NORMAL,21.9,
4375,292.348814,True,0.317,0.114,-3.8,-9.3,False,False,,,True,True,False,False,False,False,False,False,NORMAL,21.9,,False,False,False,False,False,False,NORMAL,21.9,
4376,292.415636,True,0.32,0.103,-3.6,-10.0,False,False,,,True,True,False,False,False,False,False,False,NORMAL,21.9,,False,False,False,False,False,False,NORMAL,21.9,
4377,292.482459,True,0.317,0.101,-3.5,-11.2,False,False,,,True,True,False,False,False,False,False,False,NORMAL,21.9,,False,False,False,False,False,False,NORMAL,21.9,
4378,292.549282,True,0.32,0.117,-3.5,-10.9,False,False,,,True,True,False,False,False,False,False,False,NORMAL,21.9,,False,False,False,False,False,False,NORMAL,21.9,
4379,292.616104,True,0.319,0.076,-2.6,-10.3,False,False,,,True,True,False,False,False,False,False,False,NORMAL,21.9,,False,False,False,False,False,False,NORMAL,21.9,
4380,292.682927,True,0.317,0.066,-2.6,-10.1,False,False,,,True,True,False,False,False,False,False,False,NORMAL,21.9,,False,False,False,False,False,False,NORMAL,21.9,
4381,292.749749,True,0.324,0.069,-2.9,-7.8,False,False,,,True,True,False,False,False,False,False,False,NORMAL,21.9,,False,False,False,False,False,False,NORMAL,21.9,
4382,292.816572,True,0.352,0.111,-3.0,-7.7,False,False,,,True,True,False,False,False,False,False,False,NORMAL,21.9,,False,False,False,False,False,False,NORMAL,21.9,
4383,292.883395,True,0.344,0.079,-3.5,-6.9,False,False,,,True,True,False,False,False,False,False,False,NORMAL,21.9,,False,False,False,False,False,False,NORMAL,21.9,
4384,292.950217,True,0.336,0.051,-3.9,-6.7,False,False,,,True,True,False,False,False,False,False,False,NORMAL,21.9,,False,False,False,False,False,False,NORMAL,21.9,
4385,293.017040,True,0.337,0.087,-4.6,-6.8,False,False,,,True,True,False,False,False,False,False,False,NORMAL,21.9,,False,False,False,False,False,False,NORMAL,21.9,
4386,293.083862,True,0.362,0.198,-7.3,-5.5,False,False,,,True,True,False,False,False,False,False,False,NORMAL,21.9,,False,False,False,False,False,False,NORMAL,21.9,
4387,293.150685,True,0.381,0.113,-10.4,-4.8,False,False,,,True,True,False,False,False,False,False,False,NORMAL,21.9,,False,False,False,False,False,False,NORMAL,21.9,
4388,293.217508,True,0.349,0.015,-10.8,-3.8,False,False,,,True,True,False,False,False,False,False,False,NORMAL,21.9,,False,False,False,False,False,False,NORMAL,21.9,
4389,293.284330,True,0.359,0.007,-11.5,-3.7,False,False,,,True,True,False,False,False,False,False,False,NORMAL,21.9,,False,False,False,False,False,False,NORMAL,21.9,
4390,293.351153,True,0.277,0.01,-13.8,-0.9,False,False,,,True,True,False,False,False,False,False,False,NORMAL,21.9,,False,False,False,False,False,False,NORMAL,21.9,
4391,293.417975,True,0.28,0.006,-14.6,-0.1,False,False,,,True,True,False,False,False,False,False,False,NORMAL,21.9,,False,False,False,False,False,False,NORMAL,21.9,
4392,293.484798,True,0.296,0.011,-11.0,4.8,False,False,,,True,True,False,False,False,False,False,False,NORMAL,21.9,,False,False,False,False,False,False,NORMAL,21.9,
4393,293.551620,True,0.265,0.012,-12.7,7.8,False,False,,,True,True,False,False,False,False,False,False,NORMAL,21.9,,False,False,False,False,False,False,NORMAL,21.9,
4394,293.618443,True,0.237,0.007,-13.5,8.2,False,False,,,True,True,False,False,False,False,False,False,NORMAL,21.9,,False,False,False,False,False,False,NORMAL,21.9,
4395,293.685266,True,0.223,0.02,-11.9,11.2,False,False,,,True,True,False,False,False,False,False,False,NORMAL,21.9,,False,False,False,False,False,False,NORMAL,21.9,
4396,293.752088,True,0.26,0.008,-12.1,9.8,False,False,,,True,True,False,False,False,False,False,False,NORMAL,21.9,,False,False,False,False,False,False,NORMAL,21.9,
4397,293.818911,True,0.336,0.006,-11.9,10.4,False,False,,,True,True,False,False,False,False,False,False,NORMAL,21.9,,False,False,False,False,False,False,NORMAL,21.9,
4398,293.885733,True,0.301,0.007,-12.0,11.5,False,False,,,True,True,False,False,False,False,False,False,NORMAL,21.9,,False,False,False,False,False,False,NORMAL,21.9,
4399,293.952556,True,0.315,0.005,-11.6,14.1,False,False,,,True,True,False,False,False,False,False,False,NORMAL,21.9,,False,False,False,False,False,False,NORMAL,21.9,
4400,294.019379,True,0.319,0.005,-12.3,12.8,False,False,,,True,True,False,False,False,False,False,False,NORMAL,21.9,,False,False,False,False,False,False,NORMAL,21.9,
4401,294.086201,True,0.269,0.007,-10.0,10.7,False,False,,,True,True,False,False,False,False,False,False,NORMAL,21.9,,False,False,False,False,False,False,NORMAL,21.9,
4402,294.153024,True,0.262,0.007,-9.8,10.3,False,False,,,True,True,False,False,False,False,False,False,NORMAL,21.9,,False,False,False,False,False,False,NORMAL,21.9,
4403,294.219846,True,0.275,0.005,-10.5,10.8,False,False,,,True,True,False,False,False,False,False,False,NORMAL,21.9,,False,False,False,False,False,False,NORMAL,21.9,
4404,294.286669,True,0.302,0.003,-10.8,10.8,False,False,,,True,True,False,False,False,False,False,False,NORMAL,21.9,,False,False,False,False,False,False,NORMAL,21.9,
4405,294.353491,True,0.304,0.003,-11.0,10.8,False,False,,,True,True,False,False,False,False,False,False,NORMAL,21.9,,False,False,False,False,False,False,NORMAL,21.9,
4406,294.420314,True,0.317,0.004,-11.0,10.9,False,False,,,True,True,False,False,False,False,False,False,NORMAL,21.9,,False,False,False,False,False,False,NORMAL,21.9,
4407,294.487137,True,0.319,0.007,-9.1,15.4,False,False,,,True,True,False,False,False,False,False,False,NORMAL,21.9,,False,False,False,False,False,False,NORMAL,21.9,
4408,294.553959,True,0.291,0.005,-9.0,15.1,False,False,,,True,True,False,False,False,False,False,False,NORMAL,21.9,,False,False,False,False,False,False,NORMAL,21.9,
4409,294.620782,True,0.223,0.005,-9.3,14.9,False,False,,,True,True,False,False,False,False,False,False,NORMAL,21.9,,False,False,False,False,False,False,NORMAL,21.9,
4410,294.687604,True,0.202,0.007,-10.1,12.6,False,False,,,True,True,False,False,False,False,False,False,NORMAL,21.9,,False,False,False,False,False,False,NORMAL,21.9,
4411,294.754427,True,0.219,0.007,-9.6,13.6,False,False,,,True,True,False,False,False,False,False,False,NORMAL,21.9,,False,False,False,False,False,False,NORMAL,21.9,
4412,294.821250,True,0.223,0.011,-9.1,14.3,False,False,,,True,True,False,False,False,False,False,False,NORMAL,21.9,,False,False,False,False,False,False,NORMAL,21.9,
4413,294.888072,True,0.231,0.006,-9.2,14.4,False,False,,,True,True,False,False,False,False,False,False,NORMAL,21.9,,False,False,False,False,False,False,NORMAL,21.9,
4414,294.954895,True,0.221,0.004,-9.1,14.7,False,False,,,True,True,False,False,False,False,False,False,NORMAL,21.9,,False,False,False,False,False,False,NORMAL,21.9,
4415,295.021717,True,0.134,0.013,-8.3,16.0,False,False,,,True,True,False,False,False,False,False,False,NORMAL,21.9,,False,False,False,False,False,False,NORMAL,21.9,
4416,295.088540,True,0.127,0.007,-6.4,16.6,False,False,,,True,True,False,False,False,False,False,False,NORMAL,21.9,,False,False,False,False,False,False,NORMAL,21.9,
4417,295.155363,True,0.114,0.007,-6.4,16.4,False,False,,,True,True,False,False,False,False,False,False,NORMAL,21.9,,False,False,False,False,False,False,NORMAL,21.9,
4418,295.222185,True,0.13,0.005,-6.3,15.8,False,False,,,True,True,False,False,False,False,False,False,NORMAL,21.9,,False,False,False,False,False,False,NORMAL,21.9,
4419,295.289008,True,0.132,0.007,-6.2,15.6,False,False,,,True,True,False,False,False,False,False,False,NORMAL,21.9,,False,False,False,False,False,False,NORMAL,21.9,
4420,295.355830,True,0.15,0.007,-5.9,14.8,False,False,,,True,True,False,False,False,False,False,False,NORMAL,21.9,,False,False,False,False,False,False,NORMAL,21.9,
4421,295.422653,True,0.173,0.008,-5.9,14.9,False,False,,,True,True,False,False,False,False,False,False,NORMAL,21.9,,False,False,False,False,False,False,NORMAL,21.9,
4422,295.489475,True,0.189,0.007,-5.9,15.2,False,False,,,True,True,False,False,False,False,False,False,NORMAL,21.9,,False,False,False,False,False,False,NORMAL,21.9,
4423,295.556298,True,0.184,0.007,-5.9,15.3,False,False,,,True,True,False,False,False,False,False,False,NORMAL,21.9,,False,False,False,False,False,False,NORMAL,21.9,
4424,295.623121,True,0.165,0.007,-6.0,15.6,False,False,,,True,True,False,False,False,False,False,False,NORMAL,21.9,,False,False,False,False,False,False,NORMAL,21.9,
4425,295.689943,True,0.199,0.005,-6.5,14.5,False,False,,,True,True,False,False,False,False,False,False,NORMAL,21.9,,False,False,False,False,False,False,NORMAL,21.9,
4426,295.756766,True,0.192,0.008,-5.6,14.7,False,False,,,True,True,False,False,False,False,False,False,NORMAL,21.9,,False,False,False,False,False,False,NORMAL,21.9,
4427,295.823588,True,0.162,0.007,-5.4,13.0,False,False,,,True,True,False,False,False,False,False,False,NORMAL,22.1,,False,False,False,False,False,False,NORMAL,22.1,
4428,295.890411,True,0.152,0.008,-5.2,13.5,False,False,,,True,True,False,False,False,False,False,False,NORMAL,22.3,,False,False,False,False,False,False,NORMAL,22.3,
4429,295.957234,True,0.156,0.011,-5.1,13.5,False,False,,,True,True,False,False,False,False,False,False,NORMAL,22.6,,False,False,False,False,False,False,NORMAL,22.6,
4430,296.024056,True,0.199,0.01,-4.9,12.1,False,False,,,True,True,False,False,False,False,False,False,NORMAL,22.6,,False,False,False,False,False,False,NORMAL,22.6,
4431,296.090879,True,0.171,0.008,-5.5,12.7,False,False,,,True,True,False,False,False,False,False,False,NORMAL,22.6,,False,False,False,False,False,False,NORMAL,22.6,
4432,296.157701,True,0.194,0.015,-5.9,14.1,False,False,,,True,True,False,False,False,False,False,False,NORMAL,22.6,,False,False,False,False,False,False,NORMAL,22.6,
4433,296.224524,True,0.199,0.009,-6.0,13.6,False,False,,,True,True,False,False,False,False,False,False,NORMAL,22.6,,False,False,False,False,False,False,NORMAL,22.6,
4434,296.291346,True,0.207,0.007,-6.3,14.2,False,False,,,True,True,False,False,False,False,False,False,NORMAL,22.6,,False,False,False,False,False,False,NORMAL,22.6,
4435,296.358169,True,0.197,0.006,-5.8,12.2,False,False,,,True,True,False,False,False,False,False,False,NORMAL,22.6,,False,False,False,False,False,False,NORMAL,22.6,
4436,296.424992,True,0.195,0.008,-5.1,13.1,False,False,,,True,True,False,False,False,False,False,False,NORMAL,22.6,,False,False,False,False,False,False,NORMAL,22.6,
4437,296.491814,True,0.167,0.012,-5.8,14.3,False,False,,,True,True,False,False,False,False,False,False,NORMAL,22.8,,False,False,False,False,False,False,NORMAL,22.8,
4438,296.558637,True,0.217,0.013,-5.4,14.4,False,False,,,True,True,False,False,False,False,False,False,NORMAL,22.8,,False,False,False,False,False,False,NORMAL,22.8,
4439,296.625459,True,0.208,0.013,-5.9,14.4,False,False,,,True,True,False,False,False,False,False,False,NORMAL,22.8,,False,False,False,False,False,False,NORMAL,22.8,
4440,296.692282,True,0.253,0.013,-4.5,14.8,False,False,,,True,True,False,False,False,False,False,False,NORMAL,22.8,,False,False,False,False,False,False,NORMAL,22.8,
4441,296.759105,False,0.0,0.0,0.0,0.0,False,False,,,True,True,False,False,False,False,False,False,NORMAL,22.8,,False,False,False,False,False,False,NORMAL,22.8,
4442,296.825927,False,0.0,0.0,0.0,0.0,False,False,,,True,True,False,False,False,False,False,False,NORMAL,22.8,,False,False,False,False,False,False,NORMAL,22.8,
4443,296.892750,False,0.0,0.0,0.0,0.0,False,False,,,True,True,False,False,False,False,False,False,NORMAL,22.8,,False,False,False,False,False,False,NORMAL,22.8,
4444,296.959572,False,0.0,0.0,0.0,0.0,False,False,,,True,True,False,False,False,False,False,False,NORMAL,22.8,,False,False,False,False,False,False,NORMAL,22.8,
4445,297.026395,False,0.0,0.0,0.0,0.0,False,False,,,True,True,False,False,False,False,False,False,NORMAL,22.8,,False,False,False,False,False,False,NORMAL,22.8,
4446,297.093218,False,0.0,0.0,0.0,0.0,False,False,,,True,True,False,False,False,False,False,False,NORMAL,22.8,,False,False,False,False,False,False,NORMAL,22.8,
4447,297.160040,False,0.0,0.0,0.0,0.0,False,False,,,True,True,False,False,False,False,False,False,NORMAL,22.8,,False,False,False,False,False,False,NORMAL,22.8,
4448,297.226863,False,0.0,0.0,0.0,0.0,False,False,,,True,True,False,False,False,False,False,False,NORMAL,22.8,,False,False,False,False,False,False,NORMAL,22.8,
4449,297.293685,False,0.0,0.0,0.0,0.0,False,False,,,True,True,False,False,False,False,False,False,NORMAL,22.8,,False,False,False,False,False,False,NORMAL,22.8,
4450,297.360508,False,0.0,0.0,0.0,0.0,False,False,,,True,True,False,False,False,False,False,False,NORMAL,22.8,,False,False,False,False,False,False,NORMAL,22.8,
4451,297.427330,False,0.0,0.0,0.0,0.0,False,False,,,True,True,False,False,False,False,False,False,NORMAL,22.8,,False,False,False,False,False,False,NORMAL,22.8,
4452,297.494153,False,0.0,0.0,0.0,0.0,False,False,,,True,True,False,False,False,False,False,False,NORMAL,22.6,,False,False,False,False,False,False,NORMAL,22.6,
4453,297.560976,False,0.0,0.0,0.0,0.0,False,False,,,True,True,False,False,False,False,False,False,NORMAL,22.6,,False,False,False,False,False,False,NORMAL,22.6,
4454,297.627798,False,0.0,0.0,0.0,0.0,False,False,,,True,True,False,False,False,False,False,False,NORMAL,22.6,,False,False,False,False,False,False,NORMAL,22.6,
4455,297.694621,False,0.0,0.0,0.0,0.0,False,False,,,True,True,False,False,False,False,False,False,NORMAL,22.6,,False,False,False,False,False,False,NORMAL,22.6,
4456,297.761443,False,0.0,0.0,0.0,0.0,False,False,,,True,True,False,False,False,False,False,False,NORMAL,22.6,,False,False,False,False,False,False,NORMAL,22.6,
4457,297.828266,False,0.0,0.0,0.0,0.0,False,False,,,True,True,False,False,False,False,False,False,NORMAL,22.6,,False,False,False,False,False,False,NORMAL,22.6,
4458,297.895089,False,0.0,0.0,0.0,0.0,False,False,,,True,True,False,False,False,False,False,False,NORMAL,22.4,,False,False,False,False,False,False,NORMAL,22.4,
4459,297.961911,False,0.0,0.0,0.0,0.0,False,False,,,True,True,False,False,False,False,False,False,NORMAL,22.2,,False,False,False,False,False,False,NORMAL,22.2,
4460,298.028734,False,0.0,0.0,0.0,0.0,False,False,,,True,True,False,False,False,False,False,False,NORMAL,21.9,,False,False,False,False,False,False,NORMAL,21.9,
4461,298.095556,False,0.0,0.0,0.0,0.0,False,False,,,True,True,False,False,False,False,False,False,NORMAL,21.7,,False,False,False,False,False,False,NORMAL,21.7,
4462,298.162379,False,0.0,0.0,0.0,0.0,False,False,,,True,True,False,False,False,False,False,False,NORMAL,21.4,,False,False,False,False,False,False,NORMAL,21.4,
4463,298.229201,False,0.0,0.0,0.0,0.0,False,False,,,True,True,False,False,False,False,False,False,NORMAL,21.2,,False,False,False,False,False,False,NORMAL,21.2,
4464,298.296024,True,0.291,0.008,-3.3,14.7,False,False,,,True,True,False,False,False,False,False,False,NORMAL,21.0,,False,False,False,False,False,False,NORMAL,21.0,
4465,298.362847,True,0.245,0.01,-3.3,12.0,False,False,,,True,True,False,False,False,False,False,False,NORMAL,21.0,,False,False,False,False,False,False,NORMAL,21.0,
4466,298.429669,True,0.241,0.009,-3.7,11.2,False,False,,,True,True,False,False,False,False,False,False,NORMAL,21.0,,False,False,False,False,False,False,NORMAL,21.0,
4467,298.496492,True,0.259,0.008,-3.8,10.4,False,False,,,True,True,False,False,False,False,False,False,NORMAL,21.0,,False,False,False,False,False,False,NORMAL,21.0,
4468,298.563314,True,0.264,0.007,-3.8,10.6,False,False,,,True,True,False,False,False,False,False,False,NORMAL,21.0,,False,False,False,False,False,False,NORMAL,21.0,
4469,298.630137,True,0.273,0.014,-3.7,10.7,False,False,,,True,True,False,False,False,False,False,False,NORMAL,21.0,,False,False,False,False,False,False,NORMAL,21.0,
4470,298.696960,True,0.28,0.012,-3.8,11.3,False,False,,,True,True,False,False,False,False,False,False,NORMAL,21.0,,False,False,False,False,False,False,NORMAL,21.0,
4471,298.763782,True,0.278,0.011,-3.8,12.5,False,False,,,True,True,False,False,False,False,False,False,NORMAL,21.0,,False,False,False,False,False,False,NORMAL,21.0,
4472,298.830605,True,0.267,0.011,-4.1,13.1,False,False,,,True,True,False,False,False,False,False,False,NORMAL,21.0,,False,False,False,False,False,False,NORMAL,21.0,
4473,298.897427,True,0.274,0.012,-4.4,12.6,False,False,,,True,True,False,False,False,False,False,False,NORMAL,21.0,,False,False,False,False,False,False,NORMAL,21.0,
4474,298.964250,True,0.262,0.009,-4.3,12.6,False,False,,,True,True,False,False,False,False,False,False,NORMAL,21.0,,False,False,False,False,False,False,NORMAL,21.0,
4475,299.031073,True,0.261,0.007,-4.2,12.8,False,False,,,True,True,False,False,False,False,False,False,NORMAL,21.0,,False,False,False,False,False,False,NORMAL,21.0,
4476,299.097895,True,0.262,0.008,-4.6,13.2,False,False,,,True,True,False,False,False,False,False,False,NORMAL,21.0,,False,False,False,False,False,False,NORMAL,21.0,
4477,299.164718,True,0.282,0.01,-4.4,13.6,False,False,,,True,True,False,False,False,False,False,False,NORMAL,21.0,,False,False,False,False,False,False,NORMAL,21.0,
4478,299.231540,True,0.277,0.01,-4.3,13.6,False,False,,,True,True,False,False,False,False,False,False,NORMAL,21.0,,False,False,False,False,False,False,NORMAL,21.0,
4479,299.298363,True,0.28,0.01,-4.5,13.2,False,False,,,True,True,False,False,False,False,False,False,NORMAL,21.0,,False,False,False,False,False,False,NORMAL,21.0,
4480,299.365185,True,0.272,0.01,-4.7,12.9,False,False,,,True,True,False,False,False,False,False,False,NORMAL,21.0,,False,False,False,False,False,False,NORMAL,21.0,
4481,299.432008,True,0.275,0.007,-4.9,12.5,False,False,,,True,True,False,False,False,False,False,False,NORMAL,21.0,,False,False,False,False,False,False,NORMAL,21.0,
4482,299.498831,True,0.272,0.008,-5.0,12.0,False,False,,,True,True,False,False,False,False,False,False,NORMAL,20.9,,False,False,False,False,False,False,NORMAL,20.9,
4483,299.565653,True,0.279,0.008,-5.4,11.5,False,False,,,True,True,False,False,False,False,False,False,NORMAL,20.9,,False,False,False,False,False,False,NORMAL,20.9,
4484,299.632476,True,0.275,0.008,-5.6,11.4,False,False,,,True,True,False,False,False,False,False,False,NORMAL,20.9,,False,False,False,False,False,False,NORMAL,20.9,
4485,299.699298,True,0.291,0.008,-5.5,12.2,False,False,,,True,True,False,False,False,False,False,False,NORMAL,20.9,,False,False,False,False,False,False,NORMAL,20.9,
4486,299.766121,True,0.305,0.008,-5.0,12.8,False,False,,,True,True,False,False,False,False,False,False,NORMAL,20.9,,False,False,False,False,False,False,NORMAL,20.9,
4487,299.832944,True,0.287,0.009,-4.9,13.3,False,False,,,True,True,False,False,False,False,False,False,NORMAL,20.9,,False,False,False,False,False,False,NORMAL,20.9,
4488,299.899766,True,0.299,0.009,-4.3,13.5,False,False,,,True,True,False,False,False,False,False,False,NORMAL,20.9,,False,False,False,False,False,False,NORMAL,20.9,
4489,299.966589,True,0.211,0.008,-4.4,14.2,False,False,,,True,True,False,False,False,False,False,False,NORMAL,20.9,,False,False,False,False,False,False,NORMAL,20.9,
4490,300.033411,True,0.124,0.009,-5.1,13.8,False,False,,,True,True,False,False,False,False,False,False,NORMAL,21.2,,False,False,False,False,False,False,NORMAL,21.2,
4491,300.100234,True,0.212,0.005,-5.7,11.3,False,False,,,True,True,False,False,False,False,False,False,NORMAL,21.2,,False,False,False,False,False,False,NORMAL,21.2,
4492,300.167056,True,0.23,0.006,-6.2,10.6,False,False,,,True,True,False,False,False,False,False,False,NORMAL,21.2,,False,False,False,False,False,False,NORMAL,21.2,
4493,300.233879,True,0.29,0.005,-6.1,9.2,False,False,,,True,True,False,False,False,False,False,False,NORMAL,21.2,,False,False,False,False,False,False,NORMAL,21.2,
4494,300.300702,True,0.341,0.008,-4.9,5.2,False,False,,,True,True,False,False,False,False,False,False,NORMAL,21.2,,False,False,False,False,False,False,NORMAL,21.2,
4495,300.367524,True,0.338,0.005,-5.1,4.5,False,False,,,True,True,False,False,False,False,False,False,NORMAL,21.2,,False,False,False,False,False,False,NORMAL,21.2,
4496,300.434347,True,0.327,0.012,-8.4,-3.5,False,False,,,True,True,False,False,False,False,False,False,NORMAL,21.2,,False,False,False,False,False,False,NORMAL,21.2,
4497,300.501169,True,0.337,0.012,-8.7,-3.8,False,False,,,True,True,False,False,False,False,False,False,NORMAL,21.2,,False,False,False,False,False,False,NORMAL,21.2,
4498,300.567992,True,0.389,0.009,-7.9,-7.1,False,False,,,True,True,False,False,False,False,False,False,NORMAL,21.2,,False,False,False,False,False,False,NORMAL,21.2,
4499,300.634815,True,0.354,0.007,-8.0,-5.7,False,False,,,True,True,False,False,False,False,False,False,NORMAL,21.2,,False,False,False,False,False,False,NORMAL,21.2,
4500,300.701637,True,0.343,0.014,-7.8,-9.4,False,False,,,True,True,False,False,False,False,False,False,NORMAL,21.2,,False,False,False,False,False,False,NORMAL,21.2,
4501,300.768460,True,0.323,0.01,-8.2,-16.1,False,False,,,True,True,False,False,False,False,False,False,NORMAL,21.2,,False,False,False,False,False,False,NORMAL,21.2,
4502,300.835282,True,0.295,0.011,-8.6,-21.3,False,False,,,True,True,False,False,False,False,False,False,NORMAL,21.2,,False,False,False,False,False,False,NORMAL,21.2,
4503,300.902105,True,0.307,0.013,-9.1,-21.5,False,False,,,True,True,False,False,False,False,False,False,NORMAL,21.2,,False,False,False,False,False,False,NORMAL,21.2,
4504,300.968927,True,0.325,0.011,-9.5,-22.6,False,False,,,True,True,False,False,False,False,False,False,NORMAL,21.2,,False,False,False,False,False,False,NORMAL,21.2,
4505,301.035750,True,0.326,0.011,-9.4,-21.2,False,False,,,True,True,False,False,False,False,False,False,NORMAL,21.2,,False,False,False,False,False,False,NORMAL,21.2,
4506,301.102573,True,0.316,0.013,-10.2,-21.5,False,False,,,True,True,False,False,False,False,False,False,NORMAL,21.2,,False,False,False,False,False,False,NORMAL,21.2,
4507,301.169395,True,0.317,0.013,-10.3,-21.5,False,False,,,True,True,False,False,False,False,False,False,NORMAL,21.2,,False,False,False,False,False,False,NORMAL,21.2,
4508,301.236218,True,0.312,0.014,-10.3,-21.3,False,False,,,True,True,False,False,False,False,False,False,NORMAL,21.2,,False,False,False,False,False,False,NORMAL,21.2,
4509,301.303040,True,0.308,0.012,-11.7,-23.8,False,False,,,True,True,False,False,False,False,False,False,NORMAL,21.2,,False,False,False,False,False,False,NORMAL,21.2,
4510,301.369863,True,0.316,0.015,-12.2,-24.6,False,False,,,True,True,False,False,False,False,False,False,NORMAL,21.2,,False,False,False,False,False,False,NORMAL,21.2,
4511,301.436686,True,0.312,0.021,-12.0,-24.3,False,False,,,True,True,False,False,False,False,False,False,NORMAL,21.2,,False,False,False,False,False,False,NORMAL,21.2,
4512,301.503508,True,0.324,0.019,-11.7,-22.6,False,False,,,True,True,False,False,False,False,False,False,NORMAL,21.2,,False,False,False,False,False,False,NORMAL,21.2,
4513,301.570331,True,0.324,0.018,-11.8,-21.6,False,False,,,True,True,False,False,False,False,False,False,NORMAL,21.2,,False,False,False,False,False,False,NORMAL,21.2,
4514,301.637153,True,0.358,0.015,-10.6,-20.1,False,False,,,True,True,False,False,False,False,False,False,NORMAL,21.2,,False,False,False,False,False,False,NORMAL,21.2,
4515,301.703976,True,0.368,0.013,-10.0,-19.3,False,False,,,True,True,False,False,False,False,False,False,NORMAL,21.2,,False,False,False,False,False,False,NORMAL,21.2,
4516,301.770799,True,0.371,0.014,-9.4,-19.4,False,False,,,True,True,False,False,False,False,False,False,NORMAL,21.2,,False,False,False,False,False,False,NORMAL,21.2,
4517,301.837621,True,0.364,0.014,-8.5,-18.4,False,False,,,True,True,False,False,False,False,False,False,NORMAL,21.2,,False,False,False,False,False,False,NORMAL,21.2,
4518,301.904444,True,0.351,0.014,-6.8,-19.1,False,False,,,True,True,False,False,False,False,False,False,NORMAL,21.2,,False,False,False,False,False,False,NORMAL,21.2,
4519,301.971266,True,0.343,0.014,-6.4,-19.4,False,False,,,True,True,False,False,False,False,False,False,NORMAL,21.2,,False,False,False,False,False,False,NORMAL,21.2,
4520,302.038089,True,0.337,0.015,-6.4,-18.8,False,False,,,True,True,False,False,False,False,False,False,NORMAL,21.2,,False,False,False,False,False,False,NORMAL,21.2,
4521,302.104911,True,0.33,0.01,-6.3,-17.9,False,False,,,True,True,False,False,False,False,False,False,NORMAL,21.2,,False,False,False,False,False,False,NORMAL,21.2,
4522,302.171734,True,0.327,0.005,-5.4,-16.2,False,False,,,True,True,False,False,False,False,False,False,NORMAL,21.2,,False,False,False,False,False,False,NORMAL,21.2,
4523,302.238557,True,0.333,0.004,-4.7,-16.4,False,False,,,True,True,False,False,False,False,False,False,NORMAL,21.2,,False,False,False,False,False,False,NORMAL,21.2,
4524,302.305379,True,0.255,0.003,-4.7,-14.1,False,False,,,True,True,False,False,False,False,False,False,NORMAL,21.2,,False,False,False,False,False,False,NORMAL,21.2,
4525,302.372202,True,0.257,0.004,-4.0,-11.7,False,False,,,True,True,False,False,False,False,False,False,NORMAL,21.2,,False,False,False,False,False,False,NORMAL,21.2,
4526,302.439024,True,0.292,0.003,-3.5,-9.2,False,False,,,True,True,False,False,False,False,False,False,NORMAL,21.2,,False,False,False,False,False,False,NORMAL,21.2,
4527,302.505847,True,0.274,0.003,-4.4,-7.7,False,False,,,True,True,False,False,False,False,False,False,NORMAL,21.2,,False,False,False,False,False,False,NORMAL,21.2,
4528,302.572670,True,0.307,0.007,-3.1,-5.9,False,False,,,True,True,False,False,False,False,False,False,NORMAL,21.2,,False,False,False,False,False,False,NORMAL,21.2,
4529,302.639492,True,0.304,0.007,-2.5,-4.8,False,False,,,True,True,False,False,False,False,False,False,NORMAL,21.2,,False,False,False,False,False,False,NORMAL,21.2,
4530,302.706315,True,0.307,0.007,-2.4,-4.7,False,False,,,True,True,False,False,False,False,False,False,NORMAL,21.2,,False,False,False,False,False,False,NORMAL,21.2,
4531,302.773137,True,0.292,0.008,-1.3,-2.6,False,False,,,True,True,False,False,False,False,False,False,NORMAL,21.2,,False,False,False,False,False,False,NORMAL,21.2,
4532,302.839960,True,0.291,0.009,-1.9,-2.3,False,False,,,True,True,False,False,False,False,False,False,NORMAL,21.2,,False,False,False,False,False,False,NORMAL,21.2,
4533,302.906782,True,0.33,0.007,-0.6,0.9,False,False,,,True,True,False,False,False,False,False,False,NORMAL,21.2,,False,False,False,False,False,False,NORMAL,21.2,
4534,302.973605,True,0.315,0.007,-1.1,1.8,False,False,,,True,True,False,False,False,False,False,False,NORMAL,21.2,,False,False,False,False,False,False,NORMAL,21.2,
4535,303.040428,True,0.254,0.006,-0.7,3.9,False,False,,,True,True,False,False,False,False,False,False,NORMAL,21.2,,False,False,False,False,False,False,NORMAL,21.2,
4536,303.107250,True,0.295,0.006,-0.6,6.5,False,False,,,True,True,False,False,False,False,False,False,NORMAL,21.2,,False,False,False,False,False,False,NORMAL,21.2,
4537,303.174073,True,0.296,0.005,-1.4,6.9,False,False,,,True,True,False,False,False,False,False,False,NORMAL,21.2,,False,False,False,False,False,False,NORMAL,21.2,
4538,303.240895,True,0.301,0.006,-2.3,8.5,False,False,,,True,True,False,False,False,False,False,False,NORMAL,21.2,,False,False,False,False,False,False,NORMAL,21.2,
4539,303.307718,True,0.22,0.006,-2.6,8.8,False,False,,,True,True,False,False,False,False,False,False,NORMAL,21.2,,False,False,False,False,False,False,NORMAL,21.2,
4540,303.374541,True,0.229,0.007,-3.0,8.8,False,False,,,True,True,False,False,False,False,False,False,NORMAL,21.2,,False,False,False,False,False,False,NORMAL,21.2,
4541,303.441363,True,0.273,0.005,-1.9,9.3,False,False,,,True,True,False,False,False,False,False,False,NORMAL,21.2,,False,False,False,False,False,False,NORMAL,21.2,
4542,303.508186,True,0.286,0.011,-1.9,10.2,False,False,,,True,True,False,False,False,False,False,False,NORMAL,21.2,,False,False,False,False,False,False,NORMAL,21.2,
4543,303.575008,True,0.307,0.012,-2.1,10.1,False,False,,,True,True,False,False,False,False,False,False,NORMAL,21.2,,False,False,False,False,False,False,NORMAL,21.2,
4544,303.641831,True,0.322,0.011,-1.9,9.8,False,False,,,True,True,False,False,False,False,False,False,NORMAL,21.2,,False,False,False,False,False,False,NORMAL,21.2,
4545,303.708654,True,0.324,0.013,-2.6,10.8,False,False,,,True,True,False,False,False,False,False,False,NORMAL,21.2,,False,False,False,False,False,False,NORMAL,21.2,
4546,303.775476,True,0.334,0.012,-2.0,11.6,False,False,,,True,True,False,False,False,False,False,False,NORMAL,21.2,,False,False,False,False,False,False,NORMAL,21.2,
4547,303.842299,True,0.338,0.011,-1.7,11.1,False,False,,,True,True,False,False,False,False,False,False,NORMAL,21.2,,False,False,False,False,False,False,NORMAL,21.2,
4548,303.909121,True,0.296,0.006,-1.9,8.8,False,False,,,True,True,False,False,False,False,False,False,NORMAL,21.2,,False,False,False,False,False,False,NORMAL,21.2,
4549,303.975944,True,0.278,0.006,-1.9,8.2,False,False,,,True,True,False,False,False,False,False,False,NORMAL,21.2,,False,False,False,False,False,False,NORMAL,21.2,
4550,304.042766,True,0.104,0.008,-2.9,3.4,False,False,,,True,True,False,False,False,False,False,False,NORMAL,21.4,,False,False,False,False,False,False,NORMAL,21.4,
4551,304.109589,True,0.06,0.009,-2.4,1.4,False,False,,,True,True,False,False,False,False,False,False,NORMAL,21.6,,False,False,False,False,False,False,NORMAL,21.6,
4552,304.176412,True,0.106,0.007,-2.1,1.6,False,False,,,True,True,False,False,False,False,False,False,NORMAL,21.9,,False,False,False,False,False,False,NORMAL,21.9,
4553,304.243234,True,0.097,0.007,-2.1,2.2,False,False,,,True,True,False,False,False,False,False,False,NORMAL,22.1,,False,False,False,False,False,False,NORMAL,22.1,
4554,304.310057,True,0.097,0.009,-1.1,2.7,False,False,,,True,True,False,False,False,False,False,False,NORMAL,22.3,,False,False,False,False,False,False,NORMAL,22.3,
4555,304.376879,True,0.089,0.008,-1.3,2.7,False,False,,,True,True,False,False,False,False,False,False,NORMAL,22.6,,False,False,False,False,False,False,NORMAL,22.6,
4556,304.443702,True,0.056,0.007,-0.0,3.1,False,False,,,True,True,False,False,False,False,False,False,NORMAL,22.8,,False,False,False,False,False,False,NORMAL,22.8,
4557,304.510525,True,0.078,0.007,0.2,3.8,False,False,,,True,True,False,False,False,False,False,False,NORMAL,23.0,,False,False,False,False,False,False,NORMAL,23.0,
4558,304.577347,True,0.083,0.006,0.4,4.3,False,False,,,True,True,False,False,False,False,False,False,NORMAL,23.3,,False,False,False,False,False,False,NORMAL,23.3,
4559,304.644170,True,0.08,0.007,0.3,5.4,False,False,,,True,True,False,False,False,False,False,False,NORMAL,23.5,,False,False,False,False,False,False,NORMAL,23.5,
4560,304.710992,True,0.078,0.007,0.3,5.0,False,False,,,True,True,False,False,False,False,False,False,NORMAL,26.0,,False,False,False,False,False,False,NORMAL,26.0,
4561,304.777815,True,0.085,0.009,-0.4,5.8,False,False,,,True,True,False,False,False,False,False,False,NORMAL,28.6,,False,False,False,False,False,False,NORMAL,28.6,
4562,304.844637,True,0.07,0.009,0.6,5.7,False,False,,,True,True,False,False,False,False,False,False,NORMAL,31.2,,False,False,False,False,False,False,NORMAL,31.2,
4563,304.911460,True,0.081,0.021,-0.3,8.1,False,False,,,True,True,False,False,False,False,False,False,NORMAL,33.8,,False,False,False,False,False,False,NORMAL,33.8,
4564,304.978283,True,0.074,0.021,-1.8,9.1,False,False,,,True,True,False,False,False,False,False,False,NORMAL,36.4,,False,False,False,False,False,False,NORMAL,36.4,
4565,305.045105,True,0.122,0.021,-1.9,11.4,False,False,,,True,True,False,False,False,False,False,False,NORMAL,39.0,,False,False,False,False,False,False,NORMAL,39.0,
4566,305.111928,True,0.088,0.015,-2.3,12.2,False,False,,,True,True,False,False,False,False,False,False,WARNING,41.6,,False,False,False,False,False,False,WARNING,41.6,
4567,305.178750,True,0.089,0.014,-2.5,11.3,False,False,,,True,True,False,False,False,False,False,False,WARNING,44.2,,False,False,False,False,False,False,WARNING,44.2,
4568,305.245573,True,0.096,0.011,-2.4,12.1,False,False,,,True,True,False,False,False,False,False,False,WARNING,46.8,,False,False,False,False,False,False,WARNING,46.8,
4569,305.312396,True,0.092,0.017,-2.3,13.9,False,False,,,True,True,False,False,False,False,False,False,WARNING,49.4,,False,False,False,False,False,False,WARNING,49.4,
4570,305.379218,True,0.065,0.01,-1.7,14.0,False,False,,,True,True,False,False,False,False,False,False,WARNING,52.0,,False,False,False,False,False,False,WARNING,52.0,
4571,305.446041,True,0.089,0.013,-1.4,13.9,False,False,,,True,True,False,False,False,False,False,False,WARNING,54.6,,False,False,False,False,False,False,WARNING,54.6,
4572,305.512863,True,0.087,0.013,-1.1,14.5,False,False,,,True,True,False,False,False,False,False,False,WARNING,53.5,,False,False,False,False,False,False,WARNING,53.5,
4573,305.579686,True,0.071,0.01,-1.1,14.5,False,False,,,True,True,False,False,False,False,False,False,WARNING,52.4,,False,False,False,False,False,False,WARNING,52.4,
4574,305.646509,True,0.079,0.011,-1.3,14.3,False,False,,,True,True,False,False,False,False,False,False,WARNING,51.4,,False,False,False,False,False,False,WARNING,51.4,
4575,305.713331,True,0.081,0.013,-0.3,12.5,False,False,,,True,True,False,False,False,False,False,False,WARNING,50.4,,False,False,False,False,False,False,WARNING,50.4,
4576,305.780154,True,0.072,0.013,-0.2,12.4,False,False,,,True,True,False,False,False,False,False,False,WARNING,49.4,,False,False,False,False,False,False,WARNING,49.4,
4577,305.846976,True,0.048,0.012,-0.5,12.1,False,False,,,True,True,False,False,False,False,False,False,WARNING,48.4,,False,False,False,False,False,False,WARNING,48.4,
4578,305.913799,True,0.074,0.01,-0.3,11.3,False,False,,,True,True,False,False,False,False,False,False,WARNING,47.4,,False,False,False,False,False,False,WARNING,47.4,
4579,305.980621,True,0.069,0.01,-0.5,11.1,False,False,,,True,True,False,False,False,False,False,False,WARNING,46.5,,False,False,False,False,False,False,WARNING,46.5,
4580,306.047444,True,0.068,0.011,-0.2,10.8,False,False,,,True,True,False,False,False,False,False,False,WARNING,45.6,,False,False,False,False,False,False,WARNING,45.6,
4581,306.114267,True,0.151,0.015,-0.9,10.6,False,False,,,True,True,False,False,False,False,False,False,WARNING,44.7,,False,False,False,False,False,False,WARNING,44.7,
4582,306.181089,False,0.0,0.0,0.0,0.0,False,False,,,True,True,False,False,False,False,False,False,WARNING,43.8,,False,False,False,False,False,False,WARNING,43.8,
4583,306.247912,False,0.0,0.0,0.0,0.0,False,False,,,True,True,False,False,False,False,False,False,WARNING,42.9,,False,False,False,False,False,False,WARNING,42.9,
4584,306.314734,False,0.0,0.0,0.0,0.0,False,False,,,True,True,False,False,False,False,False,False,WARNING,42.1,,False,False,False,False,False,False,WARNING,42.1,
4585,306.381557,False,0.0,0.0,0.0,0.0,False,False,,,True,True,False,False,False,False,False,False,WARNING,41.2,,False,False,False,False,False,False,WARNING,41.2,
4586,306.448380,False,0.0,0.0,0.0,0.0,False,False,,,True,True,False,False,False,False,False,False,WARNING,40.4,,False,False,False,False,False,False,WARNING,40.4,
4587,306.515202,False,0.0,0.0,0.0,0.0,False,False,,,True,True,False,False,False,False,False,False,NORMAL,39.6,,False,False,False,False,False,False,NORMAL,39.6,
4588,306.582025,False,0.0,0.0,0.0,0.0,False,False,,,True,True,False,False,False,False,False,False,NORMAL,38.8,,False,False,False,False,False,False,NORMAL,38.8,
4589,306.648847,False,0.0,0.0,0.0,0.0,False,False,,,True,True,False,False,False,False,False,False,NORMAL,38.0,,False,False,False,False,False,False,NORMAL,38.0,
4590,306.715670,False,0.0,0.0,0.0,0.0,False,False,,,True,True,False,False,False,False,False,False,NORMAL,37.3,,False,False,False,False,False,False,NORMAL,37.3,
4591,306.782492,False,0.0,0.0,0.0,0.0,False,False,,,True,True,False,False,False,False,False,False,NORMAL,36.5,,False,False,False,False,False,False,NORMAL,36.5,
4592,306.849315,False,0.0,0.0,0.0,0.0,False,False,,,True,True,False,False,False,False,False,False,NORMAL,35.8,,False,False,False,False,False,False,NORMAL,35.8,
4593,306.916138,False,0.0,0.0,0.0,0.0,False,False,,,True,True,False,False,False,False,False,False,NORMAL,35.1,,False,False,False,False,False,False,NORMAL,35.1,
4594,306.982960,False,0.0,0.0,0.0,0.0,False,False,,,True,True,False,False,False,False,False,False,NORMAL,34.4,,False,False,False,False,False,False,NORMAL,34.4,
4595,307.049783,False,0.0,0.0,0.0,0.0,False,False,,,True,True,False,False,False,False,False,False,NORMAL,33.7,,False,False,False,False,False,False,NORMAL,33.7,
4596,307.116605,False,0.0,0.0,0.0,0.0,False,False,,,True,True,False,False,False,False,False,False,NORMAL,33.1,,False,False,False,False,False,False,NORMAL,33.1,
4597,307.183428,False,0.0,0.0,0.0,0.0,False,False,,,True,True,False,False,False,False,False,False,NORMAL,32.4,,False,False,False,False,False,False,NORMAL,32.4,
4598,307.250251,False,0.0,0.0,0.0,0.0,False,False,,,True,True,False,False,False,False,False,False,NORMAL,31.8,,False,False,False,False,False,False,NORMAL,31.8,
4599,307.317073,False,0.0,0.0,0.0,0.0,False,False,,,True,True,False,False,False,False,False,False,NORMAL,31.1,,False,False,False,False,False,False,NORMAL,31.1,
4600,307.383896,False,0.0,0.0,0.0,0.0,False,False,,,True,True,False,False,False,False,False,False,NORMAL,30.5,,False,False,False,False,False,False,NORMAL,30.5,
4601,307.450718,True,0.268,0.03,4.8,-9.1,False,False,,,True,True,False,False,False,False,False,False,NORMAL,29.9,,False,False,False,False,False,False,NORMAL,29.9,
4602,307.517541,False,0.0,0.0,0.0,0.0,False,False,,,True,True,False,False,False,False,False,False,NORMAL,29.3,,False,False,False,False,False,False,NORMAL,29.3,
4603,307.584364,False,0.0,0.0,0.0,0.0,False,False,,,True,True,False,False,False,False,False,False,NORMAL,28.7,,False,False,False,False,False,False,NORMAL,28.7,
4604,307.651186,False,0.0,0.0,0.0,0.0,False,False,,,True,True,False,False,False,False,False,False,NORMAL,28.7,,False,False,False,False,False,False,NORMAL,28.7,
4605,307.718009,False,0.0,0.0,0.0,0.0,False,False,,,True,True,False,False,False,False,False,False,NORMAL,28.7,,False,False,False,False,False,False,NORMAL,28.7,
4606,307.784831,False,0.0,0.0,0.0,0.0,False,False,,,True,True,False,False,False,False,False,False,NORMAL,28.7,,False,False,False,False,False,False,NORMAL,28.7,
4607,307.851654,True,0.35,0.037,-0.9,-12.7,False,False,,,True,True,False,False,False,False,False,False,NORMAL,28.7,,False,False,False,False,False,False,NORMAL,28.7,
4608,307.918476,False,0.0,0.0,0.0,0.0,False,False,,,True,True,False,False,False,False,False,False,NORMAL,28.7,,False,False,False,False,False,False,NORMAL,28.7,
4609,307.985299,False,0.0,0.0,0.0,0.0,False,False,,,True,True,False,False,False,False,False,False,NORMAL,28.7,,False,False,False,False,False,False,NORMAL,28.7,
4610,308.052122,False,0.0,0.0,0.0,0.0,False,False,,,True,True,False,False,False,False,False,False,NORMAL,28.7,,False,False,False,False,False,False,NORMAL,28.7,
4611,308.118944,False,0.0,0.0,0.0,0.0,False,False,,,True,True,False,False,False,False,False,False,NORMAL,28.7,,False,False,False,False,False,False,NORMAL,28.7,
4612,308.185767,False,0.0,0.0,0.0,0.0,False,False,,,True,True,False,False,False,False,False,False,NORMAL,28.7,,False,False,False,False,False,False,NORMAL,28.7,
4613,308.252589,False,0.0,0.0,0.0,0.0,False,False,,,True,True,False,False,False,False,False,False,NORMAL,28.7,,False,False,False,False,False,False,NORMAL,28.7,
4614,308.319412,False,0.0,0.0,0.0,0.0,False,False,,,True,True,False,False,False,False,False,False,NORMAL,28.8,,False,False,False,False,False,False,NORMAL,28.8,
4615,308.386235,False,0.0,0.0,0.0,0.0,False,False,,,True,True,False,False,False,False,False,False,NORMAL,28.8,,False,False,False,False,False,False,NORMAL,28.8,
4616,308.453057,False,0.0,0.0,0.0,0.0,False,False,,,True,True,False,False,False,False,False,False,NORMAL,28.8,,False,False,False,False,False,False,NORMAL,28.8,
4617,308.519880,False,0.0,0.0,0.0,0.0,False,False,,,True,True,False,False,False,False,False,False,NORMAL,28.8,,False,False,False,False,False,False,NORMAL,28.8,
4618,308.586702,False,0.0,0.0,0.0,0.0,False,False,,,True,True,False,False,False,False,False,False,NORMAL,28.8,,False,False,False,False,False,False,NORMAL,28.8,
4619,308.653525,False,0.0,0.0,0.0,0.0,False,False,,,True,True,False,False,False,False,False,False,NORMAL,28.8,,False,False,False,False,False,False,NORMAL,28.8,
4620,308.720347,False,0.0,0.0,0.0,0.0,False,False,,,True,True,False,False,False,False,False,False,NORMAL,28.8,,False,False,False,False,False,False,NORMAL,28.8,
4621,308.787170,False,0.0,0.0,0.0,0.0,False,False,,,True,True,False,False,False,False,False,False,NORMAL,28.8,,False,False,False,False,False,False,NORMAL,28.8,
4622,308.853993,False,0.0,0.0,0.0,0.0,False,False,,,True,True,False,False,False,False,False,False,NORMAL,28.8,,False,False,False,False,False,False,NORMAL,28.8,
4623,308.920815,False,0.0,0.0,0.0,0.0,False,False,,,True,True,False,False,False,False,False,False,NORMAL,28.9,,False,False,False,False,False,False,NORMAL,28.9,
4624,308.987638,False,0.0,0.0,0.0,0.0,False,False,,,True,True,False,False,False,False,False,False,NORMAL,28.9,,False,False,False,False,False,False,NORMAL,28.9,
4625,309.054460,False,0.0,0.0,0.0,0.0,False,False,,,True,True,False,False,False,False,False,False,NORMAL,28.9,,False,False,False,False,False,False,NORMAL,28.9,
4626,309.121283,False,0.0,0.0,0.0,0.0,False,False,,,True,True,False,False,False,False,False,False,NORMAL,28.9,,False,False,False,False,False,False,NORMAL,28.9,
4627,309.188106,False,0.0,0.0,0.0,0.0,False,False,,,True,True,False,False,False,False,False,False,NORMAL,28.9,,False,False,False,False,False,False,NORMAL,28.9,
4628,309.254928,False,0.0,0.0,0.0,0.0,False,False,,,True,True,False,False,False,False,False,False,NORMAL,28.9,,False,False,False,False,False,False,NORMAL,28.9,
4629,309.321751,True,0.35,0.023,-8.7,10.6,False,False,,,True,True,False,False,False,False,False,False,NORMAL,28.9,,False,False,False,False,False,False,NORMAL,28.9,
4630,309.388573,True,0.335,0.011,-8.5,11.0,False,False,,,True,True,False,False,False,False,False,False,NORMAL,28.9,,False,False,False,False,False,False,NORMAL,28.9,
4631,309.455396,True,0.294,0.007,-9.7,10.7,False,False,,,True,True,False,False,False,False,False,False,NORMAL,28.9,,False,False,False,False,False,False,NORMAL,28.9,
4632,309.522219,True,0.188,0.008,-12.7,1.2,False,False,,,True,True,False,False,False,False,False,False,NORMAL,28.9,,False,False,False,False,False,False,NORMAL,28.9,
4633,309.589041,True,0.217,0.006,-12.6,0.9,False,False,,,True,True,False,False,False,False,False,False,NORMAL,28.9,,False,False,False,False,False,False,NORMAL,28.9,
4634,309.655864,True,0.259,0.011,-15.3,-4.7,False,False,,,True,True,False,False,False,False,False,False,NORMAL,28.9,,False,False,False,False,False,False,NORMAL,28.9,
4635,309.722686,True,0.339,0.009,-16.5,-6.7,False,False,,,True,True,False,False,False,False,False,False,NORMAL,28.9,,False,False,False,False,False,False,NORMAL,28.9,
4636,309.789509,True,0.34,0.011,-17.1,-6.6,False,False,,,True,True,False,False,False,False,False,False,NORMAL,28.9,,False,False,False,False,False,False,NORMAL,28.9,
4637,309.856331,True,0.374,0.011,-19.7,-8.0,False,False,,,True,True,False,False,False,False,False,False,NORMAL,28.9,,False,False,False,False,False,False,NORMAL,28.9,
4638,309.923154,True,0.355,0.011,-20.0,-8.6,False,False,,,True,True,False,False,False,False,False,False,NORMAL,28.9,,False,False,False,False,False,False,NORMAL,28.9,
4639,309.989977,True,0.361,0.012,-20.7,-8.6,False,False,,,True,True,False,False,False,False,False,False,NORMAL,28.9,,False,False,False,False,False,False,NORMAL,28.9,
4640,310.056799,True,0.387,0.012,-21.5,-8.7,False,False,,,True,True,False,False,False,False,False,False,NORMAL,28.9,,False,False,False,False,False,False,NORMAL,28.9,
4641,310.123622,True,0.422,0.011,-24.0,-10.1,False,False,,,True,True,False,False,False,False,False,False,NORMAL,28.9,,False,False,False,False,False,False,NORMAL,28.9,
4642,310.190444,True,0.424,0.016,-26.2,-9.8,False,False,,,True,True,False,False,False,False,False,False,NORMAL,28.9,,False,False,False,False,False,False,NORMAL,28.9,
4643,310.257267,True,0.42,0.019,-24.9,-11.6,False,False,,,True,True,False,False,False,False,False,False,NORMAL,28.9,,False,False,False,False,False,False,NORMAL,28.9,
4644,310.324090,True,0.34,0.021,-26.8,-8.3,False,False,,,True,True,False,False,False,False,False,False,NORMAL,28.9,,False,False,False,False,False,False,NORMAL,28.9,
4645,310.390912,True,0.35,0.013,-25.1,-7.7,False,False,,,True,True,False,False,False,False,False,False,NORMAL,28.9,,False,False,False,False,False,False,NORMAL,28.9,
4646,310.457735,False,0.0,0.0,0.0,0.0,False,False,,,True,True,False,False,False,False,False,False,NORMAL,28.9,,False,False,False,False,False,False,NORMAL,28.9,
4647,310.524557,False,0.0,0.0,0.0,0.0,False,False,,,True,True,False,False,False,False,False,False,NORMAL,28.9,,False,False,False,False,False,False,NORMAL,28.9,
4648,310.591380,False,0.0,0.0,0.0,0.0,False,False,,,True,True,False,False,False,False,False,False,NORMAL,28.9,,False,False,False,False,False,False,NORMAL,28.9,
4649,310.658202,True,0.169,0.011,-20.3,-2.1,False,False,,,True,True,False,False,False,False,False,False,NORMAL,29.2,,False,False,False,False,False,False,NORMAL,29.2,
4650,310.725025,True,0.314,0.032,0.4,-2.2,True,True,,,True,True,False,False,False,False,False,False,NORMAL,29.2,,False,False,False,False,False,False,NORMAL,29.2,
4651,310.791848,True,0.096,0.006,3.1,5.2,True,True,,,True,True,False,False,False,False,False,False,NORMAL,29.4,,False,False,False,False,False,False,NORMAL,29.4,
4652,310.858670,False,0.0,0.0,0.0,0.0,True,True,,,True,True,False,False,False,False,False,False,NORMAL,29.5,,False,False,False,False,False,False,NORMAL,29.5,
4653,310.925493,True,0.417,0.018,34.7,22.1,True,True,,,True,True,False,False,False,False,False,False,NORMAL,29.5,,False,False,False,False,False,False,NORMAL,29.5,
4654,310.992315,False,0.0,0.0,0.0,0.0,True,True,,,True,True,False,False,False,False,False,False,NORMAL,29.5,,False,False,False,False,False,False,NORMAL,29.5,
4655,311.059138,False,0.0,0.0,0.0,0.0,True,True,,,True,True,False,False,False,False,False,False,NORMAL,29.5,,False,False,False,False,False,False,NORMAL,29.5,
4656,311.125961,False,0.0,0.0,0.0,0.0,False,False,,,True,True,False,False,False,False,False,False,NORMAL,29.5,,False,False,False,False,False,False,NORMAL,29.5,
4657,311.192783,False,0.0,0.0,0.0,0.0,False,False,,,True,True,False,False,False,False,False,False,NORMAL,29.5,,False,False,False,False,False,False,NORMAL,29.5,
4658,311.259606,False,0.0,0.0,0.0,0.0,False,False,,,True,True,False,False,False,False,False,False,NORMAL,29.5,,False,False,False,False,False,False,NORMAL,29.5,
4659,311.326428,False,0.0,0.0,0.0,0.0,False,False,,,True,True,False,False,False,False,False,False,NORMAL,29.5,,False,False,False,False,False,False,NORMAL,29.5,
4660,311.393251,False,0.0,0.0,0.0,0.0,False,False,,,True,True,False,False,False,False,False,False,NORMAL,29.5,,False,False,False,False,False,False,NORMAL,29.5,
4661,311.460074,False,0.0,0.0,0.0,0.0,False,False,,,True,True,False,False,False,False,False,False,NORMAL,29.5,,False,False,False,False,False,False,NORMAL,29.5,
4662,311.526896,False,0.0,0.0,0.0,0.0,False,False,,,True,True,False,False,False,False,False,False,NORMAL,29.6,,False,False,False,False,False,False,NORMAL,29.6,
4663,311.593719,False,0.0,0.0,0.0,0.0,False,False,,,True,True,False,False,False,False,False,False,NORMAL,29.6,,False,False,False,False,False,False,NORMAL,29.6,
4664,311.660541,False,0.0,0.0,0.0,0.0,False,False,,,True,True,False,False,False,False,False,False,NORMAL,29.6,,False,False,False,False,False,False,NORMAL,29.6,
4665,311.727364,False,0.0,0.0,0.0,0.0,False,False,,,True,True,False,False,False,False,False,False,NORMAL,29.6,,False,False,False,False,False,False,NORMAL,29.6,
4666,311.794186,False,0.0,0.0,0.0,0.0,False,False,,,True,True,False,False,False,False,False,False,NORMAL,29.6,,False,False,False,False,False,False,NORMAL,29.6,
4667,311.861009,False,0.0,0.0,0.0,0.0,False,False,,,True,True,False,False,False,False,False,False,NORMAL,29.6,,False,False,False,False,False,False,NORMAL,29.6,
4668,311.927832,False,0.0,0.0,0.0,0.0,False,False,,,True,True,False,False,False,False,False,False,NORMAL,29.6,,False,False,False,False,False,False,NORMAL,29.6,
4669,311.994654,False,0.0,0.0,0.0,0.0,False,False,,,True,True,False,False,False,False,False,False,NORMAL,29.6,,False,False,False,False,False,False,NORMAL,29.6,
4670,312.061477,False,0.0,0.0,0.0,0.0,False,False,,,True,True,False,False,False,False,False,False,NORMAL,29.7,,False,False,False,False,False,False,NORMAL,29.7,
4671,312.128299,False,0.0,0.0,0.0,0.0,False,False,,,True,True,False,False,False,False,False,False,NORMAL,29.7,,False,False,False,False,False,False,NORMAL,29.7,
4672,312.195122,False,0.0,0.0,0.0,0.0,False,False,,,True,True,False,False,False,False,False,False,NORMAL,29.7,,False,False,False,False,False,False,NORMAL,29.7,
4673,312.261945,False,0.0,0.0,0.0,0.0,False,False,,,True,True,False,False,False,False,False,False,NORMAL,29.7,,False,False,False,False,False,False,NORMAL,29.7,
4674,312.328767,False,0.0,0.0,0.0,0.0,False,False,,,True,True,False,False,False,False,False,False,NORMAL,29.7,,False,False,False,False,False,False,NORMAL,29.7,
4675,312.395590,False,0.0,0.0,0.0,0.0,False,False,,,True,True,False,False,False,False,False,False,NORMAL,29.7,,False,False,False,False,False,False,NORMAL,29.7,
4676,312.462412,False,0.0,0.0,0.0,0.0,False,False,,,True,True,False,False,False,False,False,False,NORMAL,29.7,,False,False,False,False,False,False,NORMAL,29.7,
4677,312.529235,False,0.0,0.0,0.0,0.0,False,False,,,True,True,False,False,False,False,False,False,NORMAL,29.7,,False,False,False,False,False,False,NORMAL,29.7,
4678,312.596057,False,0.0,0.0,0.0,0.0,False,False,,,True,True,False,False,False,False,False,False,NORMAL,29.8,,False,False,False,False,False,False,NORMAL,29.8,
4679,312.662880,False,0.0,0.0,0.0,0.0,False,False,,,True,True,False,False,False,False,False,False,NORMAL,29.8,,False,False,False,False,False,False,NORMAL,29.8,
4680,312.729703,False,0.0,0.0,0.0,0.0,False,False,,,True,True,False,False,False,False,False,False,NORMAL,29.8,,False,False,False,False,False,False,NORMAL,29.8,
4681,312.796525,False,0.0,0.0,0.0,0.0,False,False,,,True,True,False,False,False,False,False,False,NORMAL,29.8,,False,False,False,False,False,False,NORMAL,29.8,
4682,312.863348,False,0.0,0.0,0.0,0.0,False,False,,,True,True,False,False,False,False,False,False,NORMAL,29.8,,False,False,False,False,False,False,NORMAL,29.8,
4683,312.930170,False,0.0,0.0,0.0,0.0,False,False,,,True,True,False,False,True,False,False,False,WARNING,65.0,LOOKING_AWAY,False,False,False,False,False,False,NORMAL,29.8,
4684,312.996993,False,0.0,0.0,0.0,0.0,False,False,,,True,True,False,False,True,False,False,False,WARNING,65.0,,False,False,False,False,False,False,NORMAL,29.8,
4685,313.063816,False,0.0,0.0,0.0,0.0,False,False,,,True,True,False,False,True,False,False,False,WARNING,65.0,,False,False,False,False,False,False,NORMAL,29.8,
4686,313.130638,False,0.0,0.0,0.0,0.0,False,False,,,True,True,False,False,True,False,False,False,WARNING,65.0,,False,False,True,False,False,False,WARNING,65.0,LOOKING_AWAY
4687,313.197461,False,0.0,0.0,0.0,0.0,False,False,,,True,True,False,False,True,False,False,False,WARNING,65.0,,False,False,True,False,False,False,WARNING,65.0,
4688,313.264283,False,0.0,0.0,0.0,0.0,False,False,,,True,True,False,False,True,False,False,False,WARNING,65.0,,False,False,True,False,False,False,WARNING,65.0,
4689,313.331106,False,0.0,0.0,0.0,0.0,False,False,,,True,True,False,False,True,False,False,False,WARNING,65.0,,False,False,True,False,False,False,WARNING,65.0,
4690,313.397928,False,0.0,0.0,0.0,0.0,True,True,,,True,True,False,False,True,False,False,False,WARNING,65.0,,False,False,False,False,False,False,WARNING,63.7,
4691,313.464751,False,0.0,0.0,0.0,0.0,False,False,,,True,True,False,False,True,False,False,False,WARNING,65.0,,False,False,False,False,False,False,WARNING,62.4,
4692,313.531574,False,0.0,0.0,0.0,0.0,True,True,,,True,True,False,False,True,False,False,False,WARNING,65.0,,False,False,False,False,False,False,WARNING,61.2,
4693,313.598396,False,0.0,0.0,0.0,0.0,True,True,,,True,True,False,False,True,False,False,False,WARNING,65.0,,False,False,False,False,False,False,WARNING,60.0,
4694,313.665219,False,0.0,0.0,0.0,0.0,False,False,,,True,True,False,False,True,False,False,False,WARNING,65.0,,False,False,False,False,False,False,WARNING,58.8,
4695,313.732041,False,0.0,0.0,0.0,0.0,False,False,,,True,True,False,False,True,False,False,False,WARNING,65.0,,False,False,False,False,False,False,WARNING,57.6,
4696,313.798864,False,0.0,0.0,0.0,0.0,False,False,,,True,True,False,False,True,False,False,False,WARNING,65.0,,False,False,False,False,False,False,WARNING,56.5,
4697,313.865687,False,0.0,0.0,0.0,0.0,False,False,,,True,True,False,False,True,False,False,False,WARNING,65.0,,False,False,False,False,False,False,WARNING,55.4,
4698,313.932509,False,0.0,0.0,0.0,0.0,False,False,,,True,True,False,False,False,False,False,False,WARNING,63.7,,False,False,False,False,False,False,WARNING,54.3,
4699,313.999332,False,0.0,0.0,0.0,0.0,False,False,,,True,True,False,False,False,False,False,False,WARNING,62.4,,False,False,False,False,False,False,WARNING,53.2,
4700,314.066154,False,0.0,0.0,0.0,0.0,False,False,,,True,True,False,False,False,False,False,False,WARNING,61.2,,False,False,False,False,False,False,WARNING,52.1,
4701,314.132977,False,0.0,0.0,0.0,0.0,False,False,,,True,True,False,False,False,False,False,False,WARNING,60.0,,False,False,False,False,False,False,WARNING,51.1,
4702,314.199800,False,0.0,0.0,0.0,0.0,False,False,,,True,True,False,False,False,False,False,False,WARNING,58.8,,False,False,False,False,False,False,WARNING,50.1,
4703,314.266622,False,0.0,0.0,0.0,0.0,False,False,,,True,True,False,False,False,False,False,False,WARNING,57.6,,False,False,False,False,False,False,WARNING,49.1,
4704,314.333445,False,0.0,0.0,0.0,0.0,False,False,,,True,True,False,False,False,False,False,False,WARNING,56.5,,False,False,False,False,False,False,WARNING,48.1,
4705,314.400267,False,0.0,0.0,0.0,0.0,False,False,,,True,True,False,False,False,False,False,False,WARNING,55.4,,False,False,False,False,False,False,WARNING,47.2,
4706,314.467090,False,0.0,0.0,0.0,0.0,False,False,,,True,True,False,False,False,False,False,False,WARNING,54.3,,False,False,False,False,False,False,WARNING,46.2,
4707,314.533912,False,0.0,0.0,0.0,0.0,False,False,,,True,True,False,False,False,False,False,False,WARNING,53.2,,False,False,False,False,False,False,WARNING,45.3,
4708,314.600735,False,0.0,0.0,0.0,0.0,False,False,,,True,True,False,False,False,False,False,False,WARNING,52.1,,False,False,False,False,False,False,WARNING,44.4,
4709,314.667558,False,0.0,0.0,0.0,0.0,False,False,,,True,True,False,False,False,False,False,False,WARNING,51.1,,False,False,False,False,False,False,WARNING,43.5,
4710,314.734380,False,0.0,0.0,0.0,0.0,False,False,,,True,True,False,False,False,False,False,False,WARNING,50.1,,False,False,False,False,False,False,WARNING,42.7,
4711,314.801203,False,0.0,0.0,0.0,0.0,False,False,,,True,True,False,False,False,False,False,False,WARNING,49.1,,False,False,False,False,False,False,WARNING,41.8,
4712,314.868025,False,0.0,0.0,0.0,0.0,False,False,,,True,True,False,False,False,False,False,False,WARNING,48.1,,False,False,False,False,False,False,WARNING,41.0,
4713,314.934848,False,0.0,0.0,0.0,0.0,False,False,,,True,True,False,False,False,False,False,False,WARNING,47.2,,False,False,False,False,False,False,WARNING,40.2,
4714,315.001671,False,0.0,0.0,0.0,0.0,False,False,,,True,True,False,False,False,False,False,False,WARNING,46.2,,False,False,False,False,False,False,NORMAL,39.4,
4715,315.068493,False,0.0,0.0,0.0,0.0,False,False,,,True,True,False,False,False,False,False,False,WARNING,45.3,,False,False,False,False,False,False,NORMAL,38.6,
4716,315.135316,False,0.0,0.0,0.0,0.0,False,False,,,True,True,False,False,False,False,False,False,WARNING,44.4,,False,False,False,False,False,False,NORMAL,37.8,
4717,315.202138,False,0.0,0.0,0.0,0.0,False,False,,,True,True,False,False,False,False,False,False,WARNING,43.5,,False,False,False,False,False,False,NORMAL,37.1,
4718,315.268961,False,0.0,0.0,0.0,0.0,False,False,,,True,True,False,False,False,False,False,False,WARNING,42.7,,False,False,False,False,False,False,NORMAL,36.3,
4719,315.335783,False,0.0,0.0,0.0,0.0,False,False,,,True,True,False,False,False,False,False,False,WARNING,41.8,,False,False,False,False,False,False,NORMAL,35.6,
4720,315.402606,False,0.0,0.0,0.0,0.0,False,False,,,True,True,False,False,False,False,False,False,WARNING,41.0,,False,False,False,False,False,False,NORMAL,34.9,
4721,315.469429,False,0.0,0.0,0.0,0.0,False,False,,,True,True,False,False,False,False,False,False,WARNING,40.2,,False,False,False,False,False,False,NORMAL,34.2,
4722,315.536251,False,0.0,0.0,0.0,0.0,False,False,,,True,True,False,False,False,False,False,False,NORMAL,39.4,,False,False,False,False,False,False,NORMAL,33.5,
4723,315.603074,False,0.0,0.0,0.0,0.0,True,True,,,True,True,False,False,False,False,False,False,NORMAL,38.6,,False,False,False,False,False,False,NORMAL,32.9,
4724,315.669896,False,0.0,0.0,0.0,0.0,True,True,,,True,True,False,False,False,False,False,False,NORMAL,37.8,,False,False,False,False,False,False,NORMAL,32.2,
4725,315.736719,False,0.0,0.0,0.0,0.0,False,False,,,True,True,False,False,False,False,False,False,NORMAL,37.1,,False,False,False,False,False,False,NORMAL,31.6,
4726,315.803542,False,0.0,0.0,0.0,0.0,True,True,,,True,True,False,False,False,False,False,False,NORMAL,36.3,,False,False,False,False,False,False,NORMAL,31.0,
4727,315.870364,False,0.0,0.0,0.0,0.0,False,False,,,True,True,False,False,False,False,False,False,NORMAL,35.6,,False,False,False,False,False,False,NORMAL,30.4,
4728,315.937187,False,0.0,0.0,0.0,0.0,False,False,,,True,True,False,False,False,False,False,False,NORMAL,34.9,,False,False,False,False,False,False,NORMAL,30.4,
4729,316.004009,False,0.0,0.0,0.0,0.0,False,False,,,True,True,False,False,False,False,False,False,NORMAL,34.2,,False,False,False,False,False,False,NORMAL,30.4,
4730,316.070832,False,0.0,0.0,0.0,0.0,False,False,,,True,True,False,False,False,False,False,False,NORMAL,33.5,,False,False,False,False,False,False,NORMAL,30.5,
4731,316.137655,False,0.0,0.0,0.0,0.0,False,False,,,True,True,False,False,False,False,False,False,NORMAL,32.9,,False,False,False,False,False,False,NORMAL,30.5,
4732,316.204477,False,0.0,0.0,0.0,0.0,False,False,,,True,True,False,False,False,False,False,False,NORMAL,32.2,,False,False,False,False,False,False,NORMAL,30.5,
4733,316.271300,False,0.0,0.0,0.0,0.0,False,False,,,True,True,False,False,False,False,False,False,NORMAL,31.6,,False,False,False,False,False,False,NORMAL,30.5,
4734,316.338122,False,0.0,0.0,0.0,0.0,False,False,,,True,True,False,False,False,False,False,False,NORMAL,31.0,,False,False,False,False,False,False,NORMAL,30.5,
4735,316.404945,False,0.0,0.0,0.0,0.0,False,False,,,True,True,False,False,False,False,False,False,NORMAL,30.5,,False,False,False,False,False,False,NORMAL,30.5,
4736,316.471767,False,0.0,0.0,0.0,0.0,False,False,,,True,True,False,False,False,False,False,False,NORMAL,30.5,,False,False,False,False,False,False,NORMAL,30.5,
4737,316.538590,False,0.0,0.0,0.0,0.0,False,False,,,True,True,False,False,False,False,False,False,NORMAL,30.5,,False,False,False,False,False,False,NORMAL,30.5,
4738,316.605413,False,0.0,0.0,0.0,0.0,False,False,,,True,True,False,False,False,False,False,False,NORMAL,30.5,,False,False,False,False,False,False,NORMAL,30.5,
