frame_index,t,face_detected,ear,mar,yaw,pitch,pose_person,pose_fresh,pose_yaw_rel,pose_pitch_rel,calibrated_A,calibrated_B,A_drowsiness_acute,A_yawning,A_looking_away,A_looking_down,A_phone_usage,A_driver_absence,A_risk_level,A_risk_score,A_events,B_drowsiness_acute,B_yawning,B_looking_away,B_looking_down,B_phone_usage,B_driver_absence,B_risk_level,B_risk_score,B_events
0,0.000000,False,0.0,0.0,0.0,0.0,False,False,,,False,False,False,False,False,False,False,False,NORMAL,0.0,,False,False,False,False,False,False,NORMAL,0.0,
1,0.040000,False,0.0,0.0,0.0,0.0,False,False,,,False,False,False,False,False,False,False,False,NORMAL,0.0,,False,False,False,False,False,False,NORMAL,0.0,
2,0.080000,False,0.0,0.0,0.0,0.0,False,False,,,False,False,False,False,False,False,False,False,NORMAL,0.0,,False,False,False,False,False,False,NORMAL,0.0,
3,0.120000,False,0.0,0.0,0.0,0.0,False,False,,,False,False,False,False,False,False,False,False,NORMAL,0.0,,False,False,False,False,False,False,NORMAL,0.0,
4,0.160000,False,0.0,0.0,0.0,0.0,False,False,,,False,False,False,False,False,False,False,False,NORMAL,0.0,,False,False,False,False,False,False,NORMAL,0.0,
5,0.200000,False,0.0,0.0,0.0,0.0,False,False,,,False,False,False,False,False,False,False,False,NORMAL,0.0,,False,False,False,False,False,False,NORMAL,0.0,
6,0.240000,False,0.0,0.0,0.0,0.0,False,False,,,False,False,False,False,False,False,False,False,NORMAL,0.0,,False,False,False,False,False,False,NORMAL,0.0,
7,0.280000,False,0.0,0.0,0.0,0.0,False,False,,,False,False,False,False,False,False,False,False,NORMAL,0.0,,False,False,False,False,False,False,NORMAL,0.0,
8,0.320000,False,0.0,0.0,0.0,0.0,False,False,,,False,False,False,False,False,False,False,False,NORMAL,0.0,,False,False,False,False,False,False,NORMAL,0.0,
9,0.360000,False,0.0,0.0,0.0,0.0,False,False,,,False,False,False,False,False,False,False,False,NORMAL,0.0,,False,False,False,False,False,False,NORMAL,0.0,
10,0.400000,False,0.0,0.0,0.0,0.0,False,False,,,False,False,False,False,False,False,False,False,NORMAL,0.0,,False,False,False,False,False,False,NORMAL,0.0,
11,0.440000,False,0.0,0.0,0.0,0.0,False,False,,,False,False,False,False,False,False,False,False,NORMAL,0.0,,False,False,False,False,False,False,NORMAL,0.0,
12,0.480000,False,0.0,0.0,0.0,0.0,False,False,,,False,False,False,False,False,False,False,False,NORMAL,0.0,,False,False,False,False,False,False,NORMAL,0.0,
13,0.520000,False,0.0,0.0,0.0,0.0,False,False,,,False,False,False,False,False,False,False,False,NORMAL,0.0,,False,False,False,False,False,False,NORMAL,0.0,
14,0.560000,False,0.0,0.0,0.0,0.0,False,False,,,False,False,False,False,False,False,False,False,NORMAL,0.0,,False,False,False,False,False,False,NORMAL,0.0,
15,0.600000,False,0.0,0.0,0.0,0.0,False,False,,,False,False,False,False,False,False,False,False,NORMAL,0.0,,False,False,False,False,False,False,NORMAL,0.0,
16,0.640000,False,0.0,0.0,0.0,0.0,False,False,,,False,False,False,False,False,False,False,False,NORMAL,0.0,,False,False,False,False,False,False,NORMAL,0.0,
17,0.680000,False,0.0,0.0,0.0,0.0,False,False,,,False,False,False,False,False,False,False,False,NORMAL,0.0,,False,False,False,False,False,False,NORMAL,0.0,
18,0.720000,False,0.0,0.0,0.0,0.0,False,False,,,False,False,False,False,False,False,False,False,NORMAL,0.0,,False,False,False,False,False,False,NORMAL,0.0,
19,0.760000,False,0.0,0.0,0.0,0.0,False,False,,,False,False,False,False,False,False,False,False,NORMAL,0.0,,False,False,False,False,False,False,NORMAL,0.0,
20,0.800000,False,0.0,0.0,0.0,0.0,False,False,,,False,False,False,False,False,False,False,False,NORMAL,0.0,,False,False,False,False,False,False,NORMAL,0.0,
21,0.840000,False,0.0,0.0,0.0,0.0,False,False,,,False,False,False,False,False,False,False,False,NORMAL,0.0,,False,False,False,False,False,False,NORMAL,0.0,
22,0.880000,False,0.0,0.0,0.0,0.0,False,False,,,False,False,False,False,False,False,False,False,NORMAL,0.0,,False,False,False,False,False,False,NORMAL,0.0,
23,0.920000,False,0.0,0.0,0.0,0.0,False,False,,,False,False,False,False,False,False,False,False,NORMAL,0.0,,False,False,False,False,False,False,NORMAL,0.0,
24,0.960000,False,0.0,0.0,0.0,0.0,False,False,,,False,False,False,False,False,False,False,False,NORMAL,0.0,,False,False,False,False,False,False,NORMAL,0.0,
25,1.000000,False,0.0,0.0,0.0,0.0,False,False,,,False,False,False,False,False,False,False,False,NORMAL,0.0,,False,False,False,False,False,False,NORMAL,0.0,
26,1.040000,False,0.0,0.0,0.0,0.0,False,False,,,False,False,False,False,False,False,False,False,NORMAL,0.0,,False,False,False,False,False,False,NORMAL,0.0,
27,1.080000,False,0.0,0.0,0.0,0.0,False,False,,,False,False,False,False,False,False,False,False,NORMAL,0.0,,False,False,False,False,False,False,NORMAL,0.0,
28,1.120000,False,0.0,0.0,0.0,0.0,False,False,,,False,False,False,False,False,False,False,False,NORMAL,0.0,,False,False,False,False,False,False,NORMAL,0.0,
29,1.160000,False,0.0,0.0,0.0,0.0,False,False,,,False,False,False,False,False,False,False,False,NORMAL,0.0,,False,False,False,False,False,False,NORMAL,0.0,
30,1.200000,True,0.281,0.009,0.2,12.5,True,True,,,False,False,False,False,False,False,False,False,NORMAL,0.0,,False,False,False,False,False,False,NORMAL,0.0,
31,1.240000,True,0.281,0.009,0.2,12.5,True,True,,,False,False,False,False,False,False,False,False,NORMAL,0.0,,False,False,False,False,False,False,NORMAL,0.0,
32,1.280000,True,0.28,0.009,0.2,12.5,True,True,,,False,False,False,False,False,False,False,False,NORMAL,0.0,,False,False,False,False,False,False,NORMAL,0.0,
33,1.320000,True,0.28,0.009,0.2,12.5,True,True,,,False,False,False,False,False,False,False,False,NORMAL,0.0,,False,False,False,False,False,False,NORMAL,0.0,
34,1.360000,True,0.28,0.009,0.2,12.5,True,True,,,False,False,False,False,False,False,False,False,NORMAL,0.0,,False,False,False,False,False,False,NORMAL,0.0,
35,1.400000,True,0.28,0.009,0.2,12.5,True,True,,,False,False,False,False,False,False,False,False,NORMAL,0.0,,False,False,False,False,False,False,NORMAL,0.0,
36,1.440000,True,0.28,0.009,0.2,12.5,True,True,,,False,False,False,False,False,False,False,False,NORMAL,0.0,,False,False,False,False,False,False,NORMAL,0.0,
37,1.480000,True,0.28,0.009,0.2,12.5,True,True,,,False,False,False,False,False,False,False,False,NORMAL,0.0,,False,False,False,False,False,False,NORMAL,0.0,
38,1.520000,True,0.28,0.009,0.2,12.5,True,True,,,False,False,False,False,False,False,False,False,NORMAL,0.0,,False,False,False,False,False,False,NORMAL,0.0,
39,1.560000,True,0.28,0.009,0.2,12.5,True,True,,,False,False,False,False,False,False,False,False,NORMAL,0.0,,False,False,False,False,False,False,NORMAL,0.0,
40,1.600000,True,0.279,0.009,0.2,12.5,True,True,,,False,False,False,False,False,False,False,False,NORMAL,0.0,,False,False,False,False,False,False,NORMAL,0.0,
41,1.640000,True,0.28,0.009,0.3,12.3,True,True,,,False,False,False,False,False,False,False,False,NORMAL,0.0,,False,False,False,False,False,False,NORMAL,0.0,
42,1.680000,True,0.28,0.009,0.3,12.2,True,True,,,False,False,False,False,False,False,False,False,NORMAL,0.0,,False,False,False,False,False,False,NORMAL,0.0,
43,1.720000,True,0.28,0.009,0.3,12.1,True,True,,,False,False,False,False,False,False,False,False,NORMAL,0.0,,False,False,False,False,False,False,NORMAL,0.0,
44,1.760000,True,0.28,0.009,0.4,11.9,True,True,,,False,False,False,False,False,False,False,False,NORMAL,0.0,,False,False,False,False,False,False,NORMAL,0.0,
45,1.800000,True,0.281,0.009,0.4,11.8,True,True,,,False,False,False,False,False,False,False,False,NORMAL,0.0,,False,False,False,False,False,False,NORMAL,0.0,
46,1.840000,True,0.281,0.009,0.4,11.7,True,True,,,False,False,False,False,False,False,False,False,NORMAL,0.0,,False,False,False,False,False,False,NORMAL,0.0,
47,1.880000,True,0.281,0.009,0.4,11.6,True,True,,,False,False,False,False,False,False,False,False,NORMAL,0.0,,False,False,False,False,False,False,NORMAL,0.0,
48,1.920000,True,0.282,0.009,0.5,11.4,True,True,,,False,False,False,False,False,False,False,False,NORMAL,0.0,,False,False,False,False,False,False,NORMAL,0.0,
49,1.960000,True,0.282,0.009,0.5,11.2,True,True,,,False,False,False,False,False,False,False,False,NORMAL,0.0,,False,False,False,False,False,False,NORMAL,0.0,
50,2.000000,True,0.282,0.009,0.5,11.1,True,True,,,False,False,False,False,False,False,False,False,NORMAL,0.0,,False,False,False,False,False,False,NORMAL,0.0,
51,2.040000,True,0.282,0.009,0.5,11.0,True,True,,,False,False,False,False,False,False,False,False,NORMAL,0.0,,False,False,False,False,False,False,NORMAL,0.0,
52,2.080000,True,0.283,0.009,0.6,10.9,True,True,,,False,False,False,False,False,False,False,False,NORMAL,0.0,,False,False,False,False,False,False,NORMAL,0.0,
53,2.120000,True,0.283,0.009,0.6,10.8,True,True,,,False,False,False,False,False,False,False,False,NORMAL,0.0,,False,False,False,False,False,False,NORMAL,0.0,
54,2.160000,True,0.283,0.009,0.6,10.7,True,True,,,False,False,False,False,False,False,False,False,NORMAL,0.0,,False,False,False,False,False,False,NORMAL,0.0,
55,2.200000,True,0.283,0.009,0.6,10.6,True,True,,,False,False,False,False,False,False,False,False,NORMAL,0.0,,False,False,False,False,False,False,NORMAL,0.0,
56,2.240000,True,0.283,0.009,0.6,10.6,True,True,,,False,False,False,False,False,False,False,False,NORMAL,0.0,,False,False,False,False,False,False,NORMAL,0.0,
57,2.280000,True,0.284,0.009,0.6,10.5,True,True,,,False,False,False,False,False,False,False,False,NORMAL,0.0,,False,False,False,False,False,False,NORMAL,0.0,
58,2.320000,True,0.284,0.009,0.6,10.4,True,True,,,False,False,False,False,False,False,False,False,NORMAL,0.0,,False,False,False,False,False,False,NORMAL,0.0,
59,2.360000,True,0.284,0.009,0.6,10.4,True,True,,,False,False,False,False,False,False,False,False,NORMAL,0.0,,False,False,False,False,False,False,NORMAL,0.0,
60,2.400000,True,0.284,0.009,0.7,10.3,True,True,,,False,False,False,False,False,False,False,False,NORMAL,0.0,,False,False,False,False,False,False,NORMAL,0.0,
61,2.440000,True,0.284,0.009,0.7,10.2,True,True,,,False,False,False,False,False,False,False,False,NORMAL,0.0,,False,False,False,False,False,False,NORMAL,0.0,
62,2.480000,True,0.284,0.009,0.7,10.2,True,True,,,False,False,False,False,False,False,False,False,NORMAL,0.0,,False,False,False,False,False,False,NORMAL,0.0,
63,2.520000,True,0.284,0.009,0.7,10.2,True,True,,,False,False,False,False,False,False,False,False,NORMAL,0.0,,False,False,False,False,False,False,NORMAL,0.0,
64,2.560000,True,0.285,0.009,0.7,10.1,True,True,,,False,False,False,False,False,False,False,False,NORMAL,0.0,,False,False,False,False,False,False,NORMAL,0.0,
65,2.600000,True,0.286,0.009,0.7,10.1,True,True,,,False,False,False,False,False,False,False,False,NORMAL,0.0,,False,False,False,False,False,False,NORMAL,0.0,
66,2.640000,True,0.286,0.009,0.6,10.1,True,True,,,False,False,False,False,False,False,False,False,NORMAL,0.0,,False,False,False,False,False,False,NORMAL,0.0,
67,2.680000,True,0.286,0.009,0.6,10.1,True,True,,,False,False,False,False,False,False,False,False,NORMAL,0.0,,False,False,False,False,False,False,NORMAL,0.0,
68,2.720000,True,0.287,0.009,0.6,10.0,True,True,,,False,False,False,False,False,False,False,False,NORMAL,0.0,,False,False,False,False,False,False,NORMAL,0.0,
69,2.760000,True,0.287,0.009,0.6,10.0,True,True,,,False,False,False,False,False,False,False,False,NORMAL,0.0,,False,False,False,False,False,False,NORMAL,0.0,
70,2.800000,True,0.288,0.009,0.6,10.0,True,True,,,False,False,False,False,False,False,False,False,NORMAL,0.0,,False,False,False,False,False,False,NORMAL,0.0,
71,2.840000,True,0.288,0.009,0.6,10.0,True,True,,,False,False,False,False,False,False,False,False,NORMAL,0.0,,False,False,False,False,False,False,NORMAL,0.0,
72,2.880000,True,0.288,0.009,0.6,9.9,True,True,,,False,False,False,False,False,False,False,False,NORMAL,0.0,,False,False,False,False,False,False,NORMAL,0.0,
73,2.920000,True,0.288,0.008,0.5,10.0,True,True,,,False,False,False,False,False,False,False,False,NORMAL,0.0,,False,False,False,False,False,False,NORMAL,0.0,
74,2.960000,True,0.288,0.008,0.5,10.0,True,True,,,False,False,False,False,False,False,False,False,NORMAL,0.0,,False,False,False,False,False,False,NORMAL,0.0,
75,3.000000,True,0.288,0.007,0.5,10.0,True,True,,,False,False,False,False,False,False,False,False,NORMAL,0.0,,False,False,False,False,False,False,NORMAL,0.0,
76,3.040000,True,0.288,0.007,0.5,10.0,True,True,,,False,False,False,False,False,False,False,False,NORMAL,0.0,,False,False,False,False,False,False,NORMAL,0.0,
77,3.080000,True,0.288,0.007,0.5,10.1,True,True,,,False,False,False,False,False,False,False,False,NORMAL,0.0,,False,False,False,False,False,False,NORMAL,0.0,
78,3.120000,True,0.288,0.007,0.5,10.2,True,True,,,False,False,False,False,False,False,False,False,NORMAL,0.0,,False,False,False,False,False,False,NORMAL,0.0,
79,3.160000,True,0.287,0.008,0.5,10.5,True,True,,,False,False,False,False,False,False,False,False,NORMAL,0.0,,False,False,False,False,False,False,NORMAL,0.0,
80,3.200000,True,0.287,0.015,0.4,10.7,True,True,,,False,False,False,False,False,False,False,False,NORMAL,0.0,,False,False,False,False,False,False,NORMAL,0.0,
81,3.240000,True,0.299,0.02,-0.6,10.7,True,True,,,False,False,False,False,False,False,False,False,NORMAL,0.0,,False,False,False,False,False,False,NORMAL,0.0,
82,3.280000,True,0.302,0.021,-1.1,10.9,True,True,,,False,False,False,False,False,False,False,False,NORMAL,0.0,,False,False,False,False,False,False,NORMAL,0.0,
83,3.320000,True,0.305,0.02,-1.5,10.8,True,True,,,False,False,False,False,False,False,False,False,NORMAL,0.0,,False,False,False,False,False,False,NORMAL,0.0,
84,3.360000,True,0.302,0.018,-1.7,10.8,True,True,,,False,False,False,False,False,False,False,False,NORMAL,0.0,,False,False,False,False,False,False,NORMAL,0.0,
85,3.400000,True,0.298,0.02,-1.8,10.9,True,True,,,False,False,False,False,False,False,False,False,NORMAL,0.0,,False,False,False,False,False,False,NORMAL,0.0,
86,3.440000,True,0.303,0.02,-1.6,10.9,True,True,,,False,False,False,False,False,False,False,False,NORMAL,0.0,,False,False,False,False,False,False,NORMAL,0.0,
87,3.480000,True,0.3,0.018,-1.6,11.0,True,True,,,False,False,False,False,False,False,False,False,NORMAL,0.0,,False,False,False,False,False,False,NORMAL,0.0,
88,3.520000,True,0.308,0.014,-1.3,10.9,True,True,,,False,False,False,False,False,False,False,False,NORMAL,0.0,,False,False,False,False,False,False,NORMAL,0.0,
89,3.560000,True,0.31,0.012,-1.3,10.9,True,True,,,False,False,False,False,False,False,False,False,NORMAL,0.0,,False,False,False,False,False,False,NORMAL,0.0,
90,3.600000,True,0.31,0.01,-1.2,11.0,True,True,,,False,False,False,False,False,False,False,False,NORMAL,0.0,,False,False,False,False,False,False,NORMAL,0.0,
91,3.640000,True,0.314,0.009,-1.1,11.0,True,True,,,False,False,False,False,False,False,False,False,NORMAL,0.0,,False,False,False,False,False,False,NORMAL,0.0,
92,3.680000,True,0.314,0.008,-1.1,11.0,True,True,,,False,False,False,False,False,False,False,False,NORMAL,0.0,,False,False,False,False,False,False,NORMAL,0.0,
93,3.720000,True,0.313,0.008,-1.2,11.0,True,True,,,False,False,False,False,False,False,False,False,NORMAL,0.0,,False,False,False,False,False,False,NORMAL,0.0,
94,3.760000,True,0.314,0.008,-1.2,11.0,True,True,,,False,False,False,False,False,False,False,False,NORMAL,0.0,,False,False,False,False,False,False,NORMAL,0.0,
95,3.800000,True,0.314,0.008,-1.3,11.1,True,True,,,False,False,False,False,False,False,False,False,NORMAL,0.0,,False,False,False,False,False,False,NORMAL,0.0,
96,3.840000,True,0.312,0.008,-1.2,11.2,True,True,,,False,False,False,False,False,False,False,False,NORMAL,0.0,,False,False,False,False,False,False,NORMAL,0.0,
97,3.880000,True,0.313,0.008,-1.2,11.2,True,True,,,False,False,False,False,False,False,False,False,NORMAL,0.0,,False,False,False,False,False,False,NORMAL,0.0,
98,3.920000,True,0.313,0.007,-1.2,11.2,True,True,,,False,False,False,False,False,False,False,False,NORMAL,0.0,,False,False,False,False,False,False,NORMAL,0.0,
99,3.960000,True,0.311,0.007,-1.2,11.3,True,True,,,False,False,False,False,False,False,False,False,NORMAL,0.0,,False,False,False,False,False,False,NORMAL,0.0,
100,4.000000,True,0.308,0.006,-1.2,11.3,True,True,,,False,False,False,False,False,False,False,False,NORMAL,0.0,,False,False,False,False,False,False,NORMAL,0.0,
101,4.040000,True,0.311,0.006,-1.3,11.4,True,True,,,False,False,False,False,False,False,False,False,NORMAL,0.0,,False,False,False,False,False,False,NORMAL,0.0,
102,4.080000,True,0.313,0.006,-1.3,11.5,True,True,,,False,False,False,False,False,False,False,False,NORMAL,0.0,,False,False,False,False,False,False,NORMAL,0.0,
103,4.120000,True,0.315,0.006,-1.3,11.5,True,True,,,False,False,False,False,False,False,False,False,NORMAL,0.0,,False,False,False,False,False,False,NORMAL,0.0,
104,4.160000,True,0.317,0.006,-1.3,11.5,True,True,,,False,False,False,False,False,False,False,False,NORMAL,0.0,,False,False,False,False,False,False,NORMAL,0.0,
105,4.200000,True,0.318,0.007,-1.3,11.5,True,True,,,False,False,False,False,False,False,False,False,NORMAL,0.0,,False,False,False,False,False,False,NORMAL,0.0,
106,4.240000,True,0.32,0.007,-1.3,11.5,True,True,,,False,False,False,False,False,False,False,False,NORMAL,0.0,,False,False,False,False,False,False,NORMAL,0.0,
107,4.280000,True,0.319,0.007,-1.3,11.6,True,True,,,False,False,False,False,False,False,False,False,NORMAL,0.0,,False,False,False,False,False,False,NORMAL,0.0,
108,4.320000,True,0.32,0.007,-1.3,11.6,True,True,,,False,False,False,False,False,False,False,False,NORMAL,0.0,,False,False,False,False,False,False,NORMAL,0.0,
109,4.360000,True,0.318,0.008,-1.4,11.6,True,True,,,False,False,False,False,False,False,False,False,NORMAL,0.0,,False,False,False,False,False,False,NORMAL,0.0,
110,4.400000,True,0.318,0.008,-1.3,11.6,True,True,,,False,False,False,False,False,False,False,False,NORMAL,0.0,,False,False,False,False,False,False,NORMAL,0.0,
111,4.440000,True,0.319,0.008,-1.3,11.6,True,True,,,False,False,False,False,False,False,False,False,NORMAL,0.0,,False,False,False,False,False,False,NORMAL,0.0,
112,4.480000,True,0.321,0.008,-1.3,11.7,True,True,,,False,False,False,False,False,False,False,False,NORMAL,0.0,,False,False,False,False,False,False,NORMAL,0.0,
113,4.520000,True,0.319,0.007,-1.4,11.7,True,True,,,False,False,False,False,False,False,False,False,NORMAL,0.0,,False,False,False,False,False,False,NORMAL,0.0,
114,4.560000,True,0.318,0.008,-1.4,11.8,True,True,,,False,False,False,False,False,False,False,False,NORMAL,0.0,,False,False,False,False,False,False,NORMAL,0.0,
115,4.600000,True,0.317,0.007,-1.4,11.8,True,True,,,False,False,False,False,False,False,False,False,NORMAL,0.0,,False,False,False,False,False,False,NORMAL,0.0,
116,4.640000,True,0.315,0.007,-1.4,11.9,True,True,,,False,False,False,False,False,False,False,False,NORMAL,0.0,,False,False,False,False,False,False,NORMAL,0.0,
117,4.680000,True,0.315,0.006,-1.4,11.9,True,True,,,False,False,False,False,False,False,False,False,NORMAL,0.0,,False,False,False,False,False,False,NORMAL,0.0,
118,4.720000,True,0.314,0.007,-1.4,11.9,True,True,,,False,False,False,False,False,False,False,False,NORMAL,0.0,,False,False,False,False,False,False,NORMAL,0.0,
119,4.760000,True,0.313,0.006,-1.4,11.9,True,True,,,False,False,False,False,False,False,False,False,NORMAL,0.0,,False,False,False,False,False,False,NORMAL,0.0,
120,4.800000,True,0.312,0.007,-1.4,12.0,True,True,,,False,False,False,False,False,False,False,False,NORMAL,0.0,,False,False,False,False,False,False,NORMAL,0.0,
121,4.840000,True,0.311,0.006,-1.4,11.9,True,True,,,False,False,False,False,False,False,False,False,NORMAL,0.0,,False,False,False,False,False,False,NORMAL,0.0,
122,4.880000,True,0.31,0.006,-1.4,11.9,True,True,,,False,False,False,False,False,False,False,False,NORMAL,0.0,,False,False,False,False,False,False,NORMAL,0.0,
123,4.920000,True,0.309,0.006,-1.5,12.0,True,True,,,False,False,False,False,False,False,False,False,NORMAL,0.0,,False,False,False,False,False,False,NORMAL,0.0,
124,4.960000,True,0.308,0.006,-1.5,12.1,True,True,,,False,False,False,False,False,False,False,False,NORMAL,0.0,,False,False,False,False,False,False,NORMAL,0.0,
125,5.000000,True,0.29,0.006,-2.0,11.9,True,True,,,False,False,False,False,False,False,False,False,NORMAL,0.0,,False,False,False,False,False,False,NORMAL,0.0,
126,5.040000,False,0.0,0.0,0.0,0.0,True,True,,,False,False,False,False,False,False,False,False,NORMAL,0.0,,False,False,False,False,False,False,NORMAL,0.0,
127,5.080000,False,0.0,0.0,0.0,0.0,False,False,,,False,False,False,False,False,False,False,False,NORMAL,0.0,,False,False,False,False,False,False,NORMAL,0.0,
128,5.120000,False,0.0,0.0,0.0,0.0,True,True,,,False,False,False,False,False,False,False,False,NORMAL,0.0,,False,False,False,False,False,False,NORMAL,0.0,
129,5.160000,False,0.0,0.0,0.0,0.0,True,True,,,False,False,False,False,False,False,False,False,NORMAL,0.0,,False,False,False,False,False,False,NORMAL,0.0,
130,5.200000,False,0.0,0.0,0.0,0.0,False,False,,,False,False,False,False,False,False,False,False,NORMAL,0.0,,False,False,False,False,False,False,NORMAL,0.0,
131,5.240000,False,0.0,0.0,0.0,0.0,False,False,,,False,False,False,False,False,False,False,False,NORMAL,0.0,,False,False,False,False,False,False,NORMAL,0.0,
132,5.280000,False,0.0,0.0,0.0,0.0,False,False,,,False,False,False,False,False,False,False,False,NORMAL,0.0,,False,False,False,False,False,False,NORMAL,0.0,
133,5.320000,False,0.0,0.0,0.0,0.0,True,True,,,False,False,False,False,False,False,False,False,NORMAL,0.0,,False,False,False,False,False,False,NORMAL,0.0,
134,5.360000,False,0.0,0.0,0.0,0.0,True,True,,,False,False,False,False,False,False,False,False,NORMAL,0.0,,False,False,False,False,False,False,NORMAL,0.0,
135,5.400000,False,0.0,0.0,0.0,0.0,True,True,,,False,False,False,False,False,False,False,False,NORMAL,0.0,,False,False,False,False,False,False,NORMAL,0.0,
136,5.440000,False,0.0,0.0,0.0,0.0,True,True,,,False,False,False,False,False,False,False,False,NORMAL,0.0,,False,False,False,False,False,False,NORMAL,0.0,
137,5.480000,False,0.0,0.0,0.0,0.0,True,True,,,False,False,False,False,False,False,False,False,NORMAL,0.0,,False,False,False,False,False,False,NORMAL,0.0,
138,5.520000,False,0.0,0.0,0.0,0.0,False,False,,,False,False,False,False,False,False,False,False,NORMAL,0.0,,False,False,False,False,False,False,NORMAL,0.0,
139,5.560000,False,0.0,0.0,0.0,0.0,False,False,,,False,False,False,False,False,False,False,False,NORMAL,0.0,,False,False,False,False,False,False,NORMAL,0.0,
140,5.600000,False,0.0,0.0,0.0,0.0,True,True,,,False,False,False,False,False,False,False,False,NORMAL,0.0,,False,False,False,False,False,False,NORMAL,0.0,
141,5.640000,False,0.0,0.0,0.0,0.0,False,False,,,False,False,False,False,False,False,False,False,NORMAL,0.0,,False,False,False,False,False,False,NORMAL,0.0,
142,5.680000,False,0.0,0.0,0.0,0.0,False,False,,,False,False,False,False,False,False,False,False,NORMAL,0.0,,False,False,False,False,False,False,NORMAL,0.0,
143,5.720000,False,0.0,0.0,0.0,0.0,True,True,,,False,False,False,False,False,False,False,False,NORMAL,0.0,,False,False,False,False,False,False,NORMAL,0.0,
144,5.760000,False,0.0,0.0,0.0,0.0,False,False,,,False,False,False,False,False,False,False,False,NORMAL,0.0,,False,False,False,False,False,False,NORMAL,0.0,
145,5.800000,False,0.0,0.0,0.0,0.0,True,True,,,False,False,False,False,False,False,False,False,NORMAL,0.0,,False,False,False,False,False,False,NORMAL,0.0,
146,5.840000,False,0.0,0.0,0.0,0.0,True,True,,,False,False,False,False,False,False,False,False,NORMAL,0.0,,False,False,False,False,False,False,NORMAL,0.0,
147,5.880000,False,0.0,0.0,0.0,0.0,False,False,,,False,False,False,False,False,False,False,False,NORMAL,0.0,,False,False,False,False,False,False,NORMAL,0.0,
148,5.920000,False,0.0,0.0,0.0,0.0,True,True,,,False,False,False,False,False,False,False,False,NORMAL,0.0,,False,False,False,False,False,False,NORMAL,0.0,
149,5.960000,False,0.0,0.0,0.0,0.0,True,True,,,False,False,False,False,False,False,False,False,NORMAL,0.0,,False,False,False,False,False,False,NORMAL,0.0,
150,6.000000,False,0.0,0.0,0.0,0.0,True,True,,,False,False,False,False,False,False,False,False,NORMAL,0.0,,False,False,False,False,False,False,NORMAL,0.0,
151,6.040000,False,0.0,0.0,0.0,0.0,True,True,,,False,False,False,False,False,False,False,False,NORMAL,0.0,,False,False,False,False,False,False,NORMAL,0.0,
152,6.080000,False,0.0,0.0,0.0,0.0,True,True,,,False,False,False,False,False,False,False,False,NORMAL,0.0,,False,False,False,False,False,False,NORMAL,0.0,
153,6.120000,False,0.0,0.0,0.0,0.0,True,True,,,False,False,False,False,False,False,False,False,NORMAL,0.0,,False,False,False,False,False,False,NORMAL,0.0,
154,6.160000,False,0.0,0.0,0.0,0.0,True,True,,,False,False,False,False,False,False,False,False,NORMAL,0.0,,False,False,False,False,False,False,NORMAL,0.0,
155,6.200000,False,0.0,0.0,0.0,0.0,True,True,,,False,False,False,False,False,False,False,False,NORMAL,0.0,,False,False,False,False,False,False,NORMAL,0.0,
156,6.240000,False,0.0,0.0,0.0,0.0,True,True,,,False,False,False,False,False,False,False,False,NORMAL,0.0,,False,False,False,False,False,False,NORMAL,0.0,
157,6.280000,False,0.0,0.0,0.0,0.0,True,True,,,False,False,False,False,False,False,False,False,NORMAL,0.0,,False,False,False,False,False,False,NORMAL,0.0,
158,6.320000,False,0.0,0.0,0.0,0.0,True,True,,,False,False,False,False,False,False,False,False,NORMAL,0.0,,False,False,False,False,False,False,NORMAL,0.0,
159,6.360000,False,0.0,0.0,0.0,0.0,True,True,,,False,False,False,False,False,False,False,False,NORMAL,0.0,,False,False,False,False,False,False,NORMAL,0.0,
160,6.400000,False,0.0,0.0,0.0,0.0,True,True,,,False,False,False,False,False,False,False,False,NORMAL,0.0,,False,False,False,False,False,False,NORMAL,0.0,
161,6.440000,True,0.277,0.016,-2.0,13.8,True,True,,,True,True,False,False,False,False,False,False,NORMAL,0.0,,False,False,False,False,False,False,NORMAL,0.0,
162,6.480000,True,0.277,0.016,-2.0,13.8,True,True,-0.0115,0.0108,True,True,False,False,False,False,False,False,NORMAL,0.0,,False,False,False,False,False,False,NORMAL,0.0,
163,6.520000,True,0.277,0.016,-2.0,13.8,True,True,-0.011,0.0103,True,True,False,False,False,False,False,False,NORMAL,0.0,,False,False,False,False,False,False,NORMAL,0.0,
164,6.560000,True,0.277,0.016,-2.0,13.8,True,True,-0.0108,0.0097,True,True,False,False,False,False,False,False,NORMAL,0.0,,False,False,False,False,False,False,NORMAL,0.0,
165,6.600000,True,0.277,0.016,-2.0,13.8,True,True,-0.011,0.0096,True,True,False,False,False,False,False,False,NORMAL,0.0,,False,False,False,False,False,False,NORMAL,0.0,
166,6.640000,True,0.277,0.016,-2.0,13.8,True,True,-0.011,0.0097,True,True,False,False,False,False,False,False,NORMAL,0.0,,False,False,False,False,False,False,NORMAL,0.0,
167,6.680000,True,0.277,0.016,-2.0,13.8,True,True,-0.0113,0.0099,True,True,False,False,False,False,False,False,NORMAL,0.0,,False,False,False,False,False,False,NORMAL,0.0,
168,6.720000,True,0.277,0.016,-2.0,13.8,True,True,-0.0113,0.01,True,True,False,False,False,False,False,False,NORMAL,0.0,,False,False,False,False,False,False,NORMAL,0.0,
169,6.760000,True,0.277,0.016,-2.0,13.9,True,True,-0.0113,0.0101,True,True,False,False,False,False,False,False,NORMAL,0.0,,False,False,False,False,False,False,NORMAL,0.0,
170,6.800000,True,0.276,0.016,-2.0,13.9,True,True,-0.011,0.0102,True,True,False,False,False,False,False,False,NORMAL,0.0,,False,False,False,False,False,False,NORMAL,0.0,
171,6.840000,True,0.276,0.015,-2.0,13.9,True,True,-0.0111,0.01,True,True,False,False,False,False,False,False,NORMAL,0.0,,False,False,False,False,False,False,NORMAL,0.0,
172,6.880000,True,0.276,0.015,-2.0,13.9,True,True,-0.0122,0.0098,True,True,False,False,False,False,False,False,NORMAL,0.0,,False,False,False,False,False,False,NORMAL,0.0,
173,6.920000,True,0.277,0.015,-2.0,13.5,True,True,-0.0113,0.0021,True,True,False,False,False,False,False,False,NORMAL,0.0,,False,False,False,False,False,False,NORMAL,0.0,
174,6.960000,True,0.277,0.015,-2.0,13.3,True,True,-0.0103,0.0021,True,True,False,False,False,False,False,False,NORMAL,0.0,,False,False,False,False,False,False,NORMAL,0.0,
175,7.000000,True,0.278,0.015,-2.0,13.0,True,True,-0.0091,0.0022,True,True,False,False,False,False,False,False,NORMAL,0.0,,False,False,False,False,False,False,NORMAL,0.0,
176,7.040000,True,0.278,0.015,-2.0,12.9,True,True,-0.0036,0.0025,True,True,False,False,False,False,False,False,NORMAL,0.0,,False,False,False,False,False,False,NORMAL,0.0,
177,7.080000,True,0.279,0.015,-2.0,12.8,True,True,-0.0032,0.0022,True,True,False,False,False,False,False,False,NORMAL,0.0,,False,False,False,False,False,False,NORMAL,0.0,
178,7.120000,True,0.279,0.015,-2.0,12.8,True,True,-0.0052,0.0125,True,True,False,False,False,False,False,False,NORMAL,0.0,,False,False,False,False,False,False,NORMAL,0.0,
179,7.160000,True,0.279,0.015,-2.0,12.9,True,True,-0.0045,0.0123,True,True,False,False,False,False,False,False,NORMAL,0.0,,False,False,False,False,False,False,NORMAL,0.0,
180,7.200000,True,0.279,0.015,-2.0,12.9,True,True,-0.0046,0.0123,True,True,False,False,False,False,False,False,NORMAL,0.0,,False,False,False,False,False,False,NORMAL,0.0,
181,7.240000,True,0.279,0.015,-2.0,13.0,True,True,-0.0049,0.012,True,True,False,False,False,False,False,False,NORMAL,0.0,,False,False,False,False,False,False,NORMAL,0.0,
182,7.280000,True,0.278,0.015,-2.0,13.0,True,True,-0.0049,0.0121,True,True,False,False,False,False,False,False,NORMAL,0.0,,False,False,False,False,False,False,NORMAL,0.0,
183,7.320000,True,0.278,0.015,-2.0,13.1,True,True,-0.0049,0.0121,True,True,False,False,False,False,False,False,NORMAL,0.0,,False,False,False,False,False,False,NORMAL,0.0,
184,7.360000,True,0.278,0.016,-2.0,13.1,True,True,-0.0049,0.0121,True,True,False,False,False,False,False,False,NORMAL,0.0,,False,False,False,False,False,False,NORMAL,0.0,
185,7.400000,True,0.278,0.016,-2.0,13.2,True,True,-0.0046,0.0125,True,True,False,False,False,False,False,False,NORMAL,0.0,,False,False,False,False,False,False,NORMAL,0.0,
186,7.440000,True,0.278,0.016,-2.0,13.2,True,True,-0.0046,0.0124,True,True,False,False,False,False,False,False,NORMAL,0.0,,False,False,False,False,False,False,NORMAL,0.0,
187,7.480000,True,0.278,0.016,-2.0,13.2,True,True,-0.0044,0.0116,True,True,False,False,False,False,False,False,NORMAL,0.0,,False,False,False,False,False,False,NORMAL,0.0,
188,7.520000,True,0.279,0.016,-2.0,13.1,True,True,-0.0037,0.0067,True,True,False,False,False,False,False,False,NORMAL,0.0,,False,False,False,False,False,False,NORMAL,0.0,
189,7.560000,True,0.279,0.016,-2.0,13.0,True,True,-0.0033,0.0063,True,True,False,False,False,False,False,False,NORMAL,0.0,,False,False,False,False,False,False,NORMAL,0.0,
190,7.600000,True,0.28,0.016,-2.0,12.9,True,True,-0.0039,0.0068,True,True,False,False,False,False,False,False,NORMAL,0.0,,False,False,False,False,False,False,NORMAL,0.0,
191,7.640000,True,0.281,0.016,-2.0,12.8,True,True,-0.0053,0.0055,True,True,False,False,False,False,False,False,NORMAL,0.0,,False,False,False,False,False,False,NORMAL,0.0,
192,7.680000,True,0.281,0.016,-2.0,12.8,True,True,-0.01,0.0066,True,True,False,False,False,False,False,False,NORMAL,0.0,,False,False,False,False,False,False,NORMAL,0.0,
193,7.720000,True,0.282,0.016,-2.0,12.7,True,True,-0.0105,0.0062,True,True,False,False,False,False,False,False,NORMAL,0.0,,False,False,False,False,False,False,NORMAL,0.0,
194,7.760000,True,0.282,0.016,-2.0,12.6,True,True,-0.0102,0.0064,True,True,False,False,False,False,False,False,NORMAL,0.0,,False,False,False,False,False,False,NORMAL,0.0,
195,7.800000,True,0.283,0.015,-2.0,12.6,True,True,-0.0103,0.0064,True,True,False,False,False,False,False,False,NORMAL,0.0,,False,False,False,False,False,False,NORMAL,0.0,
196,7.840000,True,0.283,0.015,-2.0,12.5,True,True,-0.0103,0.0062,True,True,False,False,False,False,False,False,NORMAL,0.0,,False,False,False,False,False,False,NORMAL,0.0,
197,7.880000,True,0.284,0.015,-2.0,12.5,True,True,-0.0098,0.0067,True,True,False,False,False,False,False,False,NORMAL,0.0,,False,False,False,False,False,False,NORMAL,0.0,
198,7.920000,True,0.284,0.015,-2.0,12.5,True,True,-0.0098,0.0067,True,True,False,False,False,False,False,False,NORMAL,0.0,,False,False,False,False,False,False,NORMAL,0.0,
199,7.960000,True,0.285,0.015,-2.0,12.5,True,True,-0.0096,0.0066,True,True,False,False,False,False,False,False,NORMAL,0.0,,False,False,False,False,False,False,NORMAL,0.0,
200,8.000000,True,0.294,0.012,-1.8,11.9,True,True,0.0023,-0.027,True,True,False,False,False,False,False,False,NORMAL,0.0,,False,False,False,False,False,False,NORMAL,0.0,
201,8.040000,True,0.298,0.011,-1.7,11.3,True,True,0.0024,-0.0268,True,True,False,False,False,False,False,False,NORMAL,0.0,,False,False,False,False,False,False,NORMAL,0.0,
202,8.080000,True,0.302,0.01,-1.7,10.8,True,True,0.0026,-0.0271,True,True,False,False,False,False,False,False,NORMAL,0.0,,False,False,False,False,False,False,NORMAL,0.0,
203,8.120000,True,0.305,0.009,-1.6,10.4,True,True,0.0016,-0.0275,True,True,False,False,False,False,False,False,NORMAL,0.0,,False,False,False,False,False,False,NORMAL,0.0,
204,8.160000,True,0.306,0.008,-1.5,10.1,True,True,0.0015,-0.0272,True,True,False,False,False,False,False,False,NORMAL,0.0,,False,False,False,False,False,False,NORMAL,0.0,
205,8.200000,True,0.307,0.008,-1.4,9.8,True,True,0.0015,-0.0274,True,True,False,False,False,False,False,False,NORMAL,0.0,,False,False,False,False,False,False,NORMAL,0.0,
206,8.240000,True,0.308,0.007,-1.4,9.6,True,True,0.0014,-0.0268,True,True,False,False,False,False,False,False,NORMAL,0.0,,False,False,False,False,False,False,NORMAL,0.0,
207,8.280000,True,0.309,0.007,-1.4,9.5,True,True,0.0014,-0.0271,True,True,False,False,False,False,False,False,NORMAL,0.0,,False,False,False,False,False,False,NORMAL,0.0,
208,8.320000,True,0.309,0.007,-1.3,9.4,True,True,0.0064,-0.0276,True,True,False,False,False,False,False,False,NORMAL,0.0,,False,False,False,False,False,False,NORMAL,0.0,
209,8.360000,True,0.31,0.006,-1.3,9.2,True,True,0.0067,-0.0276,True,True,False,False,False,False,False,False,NORMAL,0.0,,False,False,False,False,False,False,NORMAL,0.0,
210,8.400000,True,0.311,0.006,-1.2,9.2,True,True,0.0065,-0.0283,True,True,False,False,False,False,False,False,NORMAL,0.0,,False,False,False,False,False,False,NORMAL,0.0,
211,8.440000,True,0.311,0.006,-1.2,9.1,True,True,0.0067,-0.0283,True,True,False,False,False,False,False,False,NORMAL,0.0,,False,False,False,False,False,False,NORMAL,0.0,
212,8.480000,True,0.311,0.006,-1.2,9.0,True,True,0.0068,-0.0277,True,True,False,False,False,False,False,False,NORMAL,0.0,,False,False,False,False,False,False,NORMAL,0.0,
213,8.520000,True,0.311,0.006,-1.1,8.9,True,True,0.0063,-0.0272,True,True,False,False,False,False,False,False,NORMAL,0.0,,False,False,False,False,False,False,NORMAL,0.0,
214,8.560000,True,0.311,0.006,-1.1,8.9,True,True,0.0064,-0.0274,True,True,False,False,False,False,False,False,NORMAL,0.0,,False,False,False,False,False,False,NORMAL,0.0,
215,8.600000,True,0.311,0.006,-1.1,8.9,True,True,0.0059,-0.027,True,True,False,False,False,False,False,False,NORMAL,0.0,,False,False,False,False,False,False,NORMAL,0.0,
216,8.640000,True,0.311,0.006,-1.1,8.8,True,True,0.0059,-0.027,True,True,False,False,False,False,False,False,NORMAL,0.0,,False,False,False,False,False,False,NORMAL,0.0,
217,8.680000,True,0.31,0.006,-1.1,8.8,True,True,0.0057,-0.0259,True,True,False,False,False,False,False,False,NORMAL,0.0,,False,False,False,False,False,False,NORMAL,0.0,
218,8.720000,True,0.309,0.005,-1.0,8.8,True,True,0.0035,-0.0322,True,True,False,False,False,False,False,False,NORMAL,0.0,,False,False,False,False,False,False,NORMAL,0.0,
219,8.760000,True,0.306,0.004,-1.0,8.7,True,True,0.0034,-0.0314,True,True,False,False,False,False,False,False,NORMAL,0.0,,False,False,False,False,False,False,NORMAL,0.0,
220,8.800000,True,0.304,0.004,-1.0,8.6,True,True,0.003,-0.0316,True,True,False,False,False,False,False,False,NORMAL,0.0,,False,False,False,False,False,False,NORMAL,0.0,
221,8.840000,True,0.303,0.004,-0.9,8.6,True,True,0.0032,-0.0311,True,True,False,False,False,False,False,False,NORMAL,0.0,,False,False,False,False,False,False,NORMAL,0.0,
222,8.880000,True,0.301,0.003,-0.9,8.6,True,True,0.0031,-0.0312,True,True,False,False,False,False,False,False,NORMAL,0.0,,False,False,False,False,False,False,NORMAL,0.0,
223,8.920000,True,0.299,0.003,-0.9,8.6,True,True,0.0045,-0.0317,True,True,False,False,False,False,False,False,NORMAL,0.0,,False,False,False,False,False,False,NORMAL,0.0,
224,8.960000,True,0.297,0.003,-0.9,8.6,True,True,0.0046,-0.0341,True,True,False,False,False,False,False,False,NORMAL,0.0,,False,False,False,False,False,False,NORMAL,0.0,
225,9.000000,True,0.295,0.003,-0.8,8.5,True,True,0.006,-0.033,True,True,False,False,False,False,False,False,NORMAL,0.0,,False,False,False,False,False,False,NORMAL,0.0,
226,9.040000,True,0.294,0.003,-0.8,8.5,True,True,0.0045,-0.0337,True,True,False,False,False,False,False,False,NORMAL,0.0,,False,False,False,False,False,False,NORMAL,0.0,
227,9.080000,True,0.293,0.002,-0.8,8.5,True,True,0.0055,-0.0315,True,True,False,False,False,False,False,False,NORMAL,0.0,,False,False,False,False,False,False,NORMAL,0.0,
228,9.120000,True,0.292,0.002,-0.8,8.4,True,True,0.0072,-0.0328,True,True,False,False,False,False,False,False,NORMAL,0.0,,False,False,False,False,False,False,NORMAL,0.0,
229,9.160000,True,0.292,0.003,-0.8,8.2,True,True,0.0063,-0.0332,True,True,False,False,False,False,False,False,NORMAL,0.0,,False,False,False,False,False,False,NORMAL,0.0,
230,9.200000,True,0.291,0.003,-0.8,8.2,True,True,0.0059,-0.0332,True,True,False,False,False,False,False,False,NORMAL,0.0,,False,False,False,False,False,False,NORMAL,0.0,
231,9.240000,True,0.291,0.003,-0.8,8.1,True,True,0.0063,-0.0334,True,True,False,False,False,False,False,False,NORMAL,0.0,,False,False,False,False,False,False,NORMAL,0.0,
232,9.280000,True,0.291,0.003,-0.9,8.1,True,True,0.0061,-0.0328,True,True,False,False,False,False,False,False,NORMAL,0.0,,False,False,False,False,False,False,NORMAL,0.0,
233,9.320000,True,0.287,0.003,-0.9,8.2,True,True,0.0059,-0.0351,True,True,False,False,False,False,False,False,NORMAL,0.0,,False,False,False,False,False,False,NORMAL,0.0,
234,9.360000,True,0.283,0.003,-0.9,8.2,True,True,0.0059,-0.0347,True,True,False,False,False,False,False,False,NORMAL,0.0,,False,False,False,False,False,False,NORMAL,0.0,
235,9.400000,True,0.28,0.003,-0.9,8.3,True,True,0.0064,-0.0347,True,True,False,False,False,False,False,False,NORMAL,0.0,,False,False,False,False,False,False,NORMAL,0.0,
236,9.440000,True,0.273,0.002,-0.9,8.3,True,True,0.004,-0.0347,True,True,False,False,False,False,False,False,NORMAL,0.0,,False,False,False,False,False,False,NORMAL,0.0,
237,9.480000,True,0.267,0.002,-0.9,8.4,True,True,0.0042,-0.0347,True,True,False,False,False,False,False,False,NORMAL,0.0,,False,False,False,False,False,False,NORMAL,0.0,
238,9.520000,True,0.262,0.002,-0.9,8.4,True,True,0.0045,-0.036,True,True,False,False,False,False,False,False,NORMAL,0.0,,False,False,False,False,False,False,NORMAL,0.0,
239,9.560000,True,0.258,0.002,-0.9,8.4,True,True,0.0046,-0.0361,True,True,False,False,False,False,False,False,NORMAL,0.0,,False,False,False,False,False,False,NORMAL,0.0,
240,9.600000,True,0.254,0.002,-0.9,8.5,True,True,0.0043,-0.0362,True,True,False,False,False,False,False,False,NORMAL,0.0,,False,False,False,False,False,False,NORMAL,0.0,
241,9.640000,True,0.25,0.002,-0.9,8.5,True,True,0.0044,-0.036,True,True,False,False,False,False,False,False,NORMAL,0.0,,False,False,False,False,False,False,NORMAL,0.0,
242,9.680000,True,0.247,0.003,-0.9,8.6,True,True,0.004,-0.0353,True,True,False,False,False,False,False,False,NORMAL,0.0,,False,False,False,False,False,False,NORMAL,0.0,
243,9.720000,True,0.244,0.003,-0.9,8.6,True,True,0.004,-0.0354,True,True,False,False,False,False,False,False,NORMAL,0.0,,False,False,False,False,False,False,NORMAL,0.0,
244,9.760000,True,0.242,0.003,-0.9,8.6,True,True,0.004,-0.0353,True,True,False,False,False,False,False,False,NORMAL,0.0,,False,False,False,False,False,False,NORMAL,0.0,
245,9.800000,True,0.24,0.003,-0.9,8.6,True,True,0.0042,-0.035,True,True,False,False,False,False,False,False,NORMAL,0.0,,False,False,False,False,False,False,NORMAL,0.0,
246,9.840000,True,0.238,0.003,-0.9,8.7,True,True,0.0042,-0.035,True,True,False,False,False,False,False,False,NORMAL,0.0,,False,False,False,False,False,False,NORMAL,0.0,
247,9.880000,True,0.237,0.003,-0.9,8.7,True,True,0.0042,-0.035,True,True,False,False,False,False,False,False,NORMAL,0.0,,False,False,False,False,False,False,NORMAL,0.0,
248,9.920000,True,0.236,0.003,-0.9,8.7,True,True,0.004,-0.0355,True,True,False,False,False,False,False,False,NORMAL,0.0,,False,False,False,False,False,False,NORMAL,0.0,
249,9.960000,True,0.235,0.003,-0.9,8.7,True,True,0.004,-0.0354,True,True,False,False,False,False,False,False,NORMAL,0.0,,False,False,False,False,False,False,NORMAL,0.0,
250,10.000000,True,0.234,0.003,-0.9,8.8,True,True,0.004,-0.0354,True,True,False,False,False,False,False,False,NORMAL,0.0,,False,False,False,False,False,False,NORMAL,0.0,
251,10.040000,True,0.234,0.003,-0.9,8.8,True,True,0.0044,-0.035,True,True,False,False,False,False,False,False,NORMAL,0.0,,False,False,False,False,False,False,NORMAL,0.0,
252,10.080000,True,0.233,0.003,-0.9,8.8,True,True,0.0045,-0.035,True,True,False,False,False,False,False,False,NORMAL,0.0,,False,False,False,False,False,False,NORMAL,0.0,
253,10.120000,True,0.233,0.004,-0.9,8.8,True,True,0.0044,-0.035,True,True,False,False,False,False,False,False,NORMAL,0.0,,False,False,False,False,False,False,NORMAL,0.0,
254,10.160000,True,0.232,0.004,-0.9,8.8,True,True,0.0044,-0.035,True,True,False,False,False,False,False,False,NORMAL,0.0,,False,False,False,False,False,False,NORMAL,0.0,
255,10.200000,True,0.232,0.004,-1.0,8.8,True,True,0.0044,-0.035,True,True,False,False,False,False,False,False,NORMAL,0.0,,False,False,False,False,False,False,NORMAL,0.0,
256,10.240000,True,0.233,0.004,-1.0,8.9,True,True,0.0016,-0.0343,True,True,False,False,False,False,False,False,NORMAL,0.0,,False,False,False,False,False,False,NORMAL,0.0,
257,10.280000,True,0.233,0.004,-1.0,8.9,True,True,0.0015,-0.0343,True,True,False,False,False,False,False,False,NORMAL,0.0,,False,False,False,False,False,False,NORMAL,0.0,
258,10.320000,True,0.234,0.004,-1.0,8.9,True,True,0.0016,-0.0342,True,True,False,False,False,False,False,False,NORMAL,0.0,,False,False,False,False,False,False,NORMAL,0.0,
259,10.360000,True,0.235,0.004,-1.0,8.9,True,True,0.0018,-0.0342,True,True,False,False,False,False,False,False,NORMAL,0.0,,False,False,False,False,False,False,NORMAL,0.0,
260,10.400000,True,0.235,0.004,-1.0,8.9,True,True,0.0016,-0.0342,True,True,False,False,False,False,False,False,NORMAL,0.0,,False,False,False,False,False,False,NORMAL,0.0,
261,10.440000,True,0.235,0.004,-1.0,8.9,True,True,0.0015,-0.0343,True,True,False,False,False,False,False,False,NORMAL,0.0,,False,False,False,False,False,False,NORMAL,0.0,
262,10.480000,True,0.236,0.004,-1.0,8.9,True,True,0.0017,-0.0344,True,True,False,False,False,False,False,False,NORMAL,0.0,,False,False,False,False,False,False,NORMAL,0.0,
263,10.520000,True,0.236,0.004,-1.0,9.0,True,True,0.0015,-0.0343,True,True,False,False,False,False,False,False,NORMAL,0.0,,False,False,False,False,False,False,NORMAL,0.0,
264,10.560000,True,0.236,0.004,-1.0,9.0,True,True,0.0016,-0.0342,True,True,False,False,False,False,False,False,NORMAL,0.0,,False,False,False,False,False,False,NORMAL,0.0,
265,10.600000,True,0.237,0.005,-1.0,9.0,True,True,0.0018,-0.0342,True,True,False,False,False,False,False,False,NORMAL,0.0,,False,False,False,False,False,False,NORMAL,0.0,
266,10.640000,True,0.237,0.005,-1.0,9.0,True,True,0.0016,-0.0342,True,True,False,False,False,False,False,False,NORMAL,0.0,,False,False,False,False,False,False,NORMAL,0.0,
267,10.680000,True,0.237,0.005,-1.0,9.0,True,True,0.0015,-0.0342,True,True,False,False,False,False,False,False,NORMAL,0.0,,False,False,False,False,False,False,NORMAL,0.0,
268,10.720000,True,0.238,0.005,-1.0,9.0,True,True,0.0017,-0.0343,True,True,False,False,False,False,False,False,NORMAL,0.0,,False,False,False,False,False,False,NORMAL,0.0,
269,10.760000,True,0.238,0.005,-1.0,9.0,True,True,0.0015,-0.0342,True,True,False,False,False,False,False,False,NORMAL,0.0,,False,False,False,False,False,False,NORMAL,0.0,
270,10.800000,True,0.238,0.005,-1.0,9.0,True,True,0.0016,-0.0342,True,True,False,False,False,False,False,False,NORMAL,0.0,,False,False,False,False,False,False,NORMAL,0.0,
271,10.840000,True,0.238,0.005,-1.0,9.0,True,True,0.0017,-0.0342,True,True,False,False,False,False,False,False,NORMAL,0.0,,False,False,False,False,False,False,NORMAL,0.0,
272,10.880000,True,0.238,0.005,-1.0,9.0,True,True,0.0037,-0.0347,True,True,False,False,False,False,False,False,NORMAL,0.0,,False,False,False,False,False,False,NORMAL,0.0,
273,10.920000,True,0.239,0.004,-1.0,9.0,True,True,0.0034,-0.0345,True,True,False,False,False,False,False,False,NORMAL,0.0,,False,False,False,False,False,False,NORMAL,0.0,
274,10.960000,True,0.239,0.004,-1.0,9.0,True,True,0.003,-0.0343,True,True,False,False,False,False,False,False,NORMAL,0.0,,False,False,False,False,False,False,NORMAL,0.0,
275,11.000000,True,0.239,0.004,-1.0,9.0,True,True,0.0031,-0.0346,True,True,False,False,False,False,False,False,NORMAL,0.0,,False,False,False,False,False,False,NORMAL,0.0,
276,11.040000,True,0.24,0.004,-1.0,9.1,True,True,0.0029,-0.0347,True,True,False,False,False,False,False,False,NORMAL,0.0,,False,False,False,False,False,False,NORMAL,0.0,
277,11.080000,True,0.24,0.004,-1.0,9.1,True,True,0.0029,-0.0348,True,True,False,False,False,False,False,False,NORMAL,0.0,,False,False,False,False,False,False,NORMAL,0.0,
278,11.120000,True,0.24,0.004,-1.0,9.1,True,True,0.0027,-0.035,True,True,False,False,False,False,False,False,NORMAL,0.0,,False,False,False,False,False,False,NORMAL,0.0,
279,11.160000,True,0.24,0.004,-1.0,9.1,True,True,0.0027,-0.0352,True,True,False,False,False,False,False,False,NORMAL,0.0,,False,False,False,False,False,False,NORMAL,0.0,
280,11.200000,True,0.241,0.004,-1.0,9.1,True,True,0.0026,-0.0352,True,True,False,False,False,False,False,False,NORMAL,0.0,,False,False,False,False,False,False,NORMAL,0.0,
281,11.240000,True,0.241,0.004,-1.0,9.1,True,True,0.0026,-0.0352,True,True,False,False,False,False,False,False,NORMAL,0.0,,False,False,False,False,False,False,NORMAL,0.0,
282,11.280000,True,0.241,0.004,-1.0,9.1,True,True,0.0029,-0.036,True,True,False,False,False,False,False,False,NORMAL,0.0,,False,False,False,False,False,False,NORMAL,0.0,
283,11.320000,True,0.241,0.004,-1.0,9.1,True,True,0.0028,-0.036,True,True,False,False,False,False,False,False,NORMAL,0.0,,False,False,False,False,False,False,NORMAL,0.0,
284,11.360000,True,0.241,0.004,-1.0,9.1,True,True,0.0027,-0.036,True,True,False,False,False,False,False,False,NORMAL,0.0,,False,False,False,False,False,False,NORMAL,0.0,
285,11.400000,True,0.241,0.004,-1.0,9.1,True,True,0.0034,-0.0359,True,True,False,False,False,False,False,False,NORMAL,0.0,,False,False,False,False,False,False,NORMAL,0.0,
286,11.440000,True,0.241,0.004,-1.0,9.1,True,True,0.0035,-0.0359,True,True,False,False,False,False,False,False,NORMAL,0.0,,False,False,False,False,False,False,NORMAL,0.0,
287,11.480000,True,0.241,0.004,-1.0,9.1,True,True,0.0037,-0.0353,True,True,False,False,False,False,False,False,NORMAL,0.0,,False,False,False,False,False,False,NORMAL,0.0,
288,11.520000,True,0.242,0.004,-1.0,9.1,True,True,0.0032,-0.0348,True,True,False,False,False,False,False,False,NORMAL,0.0,,False,False,False,False,False,False,NORMAL,0.0,
289,11.560000,True,0.242,0.004,-1.0,9.1,True,True,0.0039,-0.0346,True,True,False,False,False,False,False,False,NORMAL,0.0,,False,False,False,False,False,False,NORMAL,0.0,
290,11.600000,True,0.242,0.004,-1.0,9.0,True,True,0.0041,-0.0345,True,True,False,False,False,False,False,False,NORMAL,0.0,,False,False,False,False,False,False,NORMAL,0.0,
291,11.640000,True,0.242,0.004,-1.0,9.0,True,True,0.004,-0.0344,True,True,False,False,False,False,False,False,NORMAL,0.0,,False,False,False,False,False,False,NORMAL,0.0,
292,11.680000,True,0.242,0.004,-1.0,9.0,True,True,0.004,-0.0345,True,True,False,False,False,False,False,False,NORMAL,0.0,,False,False,False,False,False,False,NORMAL,0.0,
293,11.720000,True,0.242,0.004,-1.1,9.0,True,True,0.004,-0.0345,True,True,False,False,False,False,False,False,NORMAL,0.0,,False,False,False,False,False,False,NORMAL,0.0,
294,11.760000,True,0.242,0.004,-1.1,9.0,True,True,0.0042,-0.0343,True,True,False,False,False,False,False,False,NORMAL,0.0,,False,False,False,False,False,False,NORMAL,0.0,
295,11.800000,True,0.242,0.004,-1.1,9.0,True,True,0.0042,-0.0342,True,True,False,False,False,False,False,False,NORMAL,0.0,,False,False,False,False,False,False,NORMAL,0.0,
296,11.840000,True,0.242,0.004,-1.1,9.0,True,True,0.0042,-0.0343,True,True,False,False,False,False,False,False,NORMAL,0.0,,False,False,False,False,False,False,NORMAL,0.0,
297,11.880000,True,0.242,0.004,-1.1,9.0,True,True,0.004,-0.0344,True,True,False,False,False,False,False,False,NORMAL,0.0,,False,False,False,False,False,False,NORMAL,0.0,
298,11.920000,True,0.242,0.004,-1.1,9.0,True,True,0.004,-0.0343,True,True,False,False,False,False,False,False,NORMAL,0.0,,False,False,False,False,False,False,NORMAL,0.0,
299,11.960000,True,0.242,0.004,-1.1,9.0,True,True,0.0041,-0.0347,True,True,False,False,False,False,False,False,NORMAL,0.0,,False,False,False,False,False,False,NORMAL,0.0,
300,12.000000,True,0.242,0.004,-1.1,9.0,True,True,0.004,-0.0343,True,True,False,False,False,False,False,False,NORMAL,0.0,,False,False,False,False,False,False,NORMAL,0.0,
301,12.040000,True,0.24,0.004,-1.1,8.6,True,True,-0.0056,-0.0382,True,True,False,False,False,False,False,False,NORMAL,0.0,,False,False,False,False,False,False,NORMAL,0.0,
302,12.080000,True,0.236,0.004,-1.2,8.2,True,True,-0.0057,-0.0378,True,True,False,False,False,False,False,False,NORMAL,0.0,,False,False,False,False,False,False,NORMAL,0.0,
303,12.120000,True,0.234,0.004,-1.2,8.0,True,True,-0.0041,-0.038,True,True,False,False,False,False,False,False,NORMAL,0.0,,False,False,False,False,False,False,NORMAL,0.0,
304,12.160000,True,0.231,0.004,-1.2,7.8,True,True,-0.0046,-0.0376,True,True,False,False,False,False,False,False,NORMAL,0.0,,False,False,False,False,False,False,NORMAL,0.0,
305,12.200000,True,0.229,0.004,-1.2,7.6,True,True,-0.0047,-0.0377,True,True,False,False,False,False,False,False,NORMAL,0.0,,False,False,False,False,False,False,NORMAL,0.0,
306,12.240000,True,0.227,0.004,-1.2,7.4,True,True,-0.0041,-0.0377,True,True,False,False,False,False,False,False,NORMAL,0.0,,False,False,False,False,False,False,NORMAL,0.0,
307,12.280000,True,0.225,0.004,-1.3,7.3,True,True,-0.0044,-0.0375,True,True,False,False,False,False,False,False,NORMAL,0.0,,False,False,False,False,False,False,NORMAL,0.0,
308,12.320000,True,0.224,0.004,-1.3,7.2,True,True,-0.0044,-0.0375,True,True,False,False,False,False,False,False,NORMAL,0.0,,False,False,False,False,False,False,NORMAL,0.0,
309,12.360000,True,0.224,0.004,-1.3,7.1,True,True,-0.005,-0.0373,True,True,False,False,False,False,False,False,NORMAL,0.0,,False,False,False,False,False,False,NORMAL,0.0,
310,12.400000,True,0.223,0.003,-1.3,7.0,True,True,-0.0051,-0.0373,True,True,False,False,False,False,False,False,NORMAL,0.0,,False,False,False,False,False,False,NORMAL,0.0,
311,12.440000,True,0.228,0.004,-1.2,7.0,True,True,-0.0055,-0.0313,True,True,False,False,False,False,False,False,NORMAL,0.0,,False,False,False,False,False,False,NORMAL,0.0,
312,12.480000,True,0.231,0.004,-1.2,7.1,True,True,-0.0049,-0.0316,True,True,False,False,False,False,False,False,NORMAL,0.0,,False,False,False,False,False,False,NORMAL,0.0,
313,12.520000,True,0.235,0.004,-1.2,7.1,True,True,-0.0046,-0.0314,True,True,False,False,False,False,False,False,NORMAL,0.0,,False,False,False,False,False,False,NORMAL,0.0,
314,12.560000,True,0.238,0.004,-1.2,7.0,True,True,-0.0047,-0.0314,True,True,False,False,False,False,False,False,NORMAL,0.0,,False,False,False,False,False,False,NORMAL,0.0,
315,12.600000,True,0.24,0.004,-1.2,7.0,True,True,-0.004,-0.0313,True,True,False,False,False,False,False,False,NORMAL,0.0,,False,False,False,False,False,False,NORMAL,0.0,
316,12.640000,True,0.243,0.004,-1.2,7.0,True,True,-0.0036,-0.0314,True,True,False,False,False,False,False,False,NORMAL,0.0,,False,False,False,False,False,False,NORMAL,0.0,
317,12.680000,True,0.245,0.004,-1.1,7.0,True,True,-0.0037,-0.0314,True,True,False,False,False,False,False,False,NORMAL,0.0,,False,False,False,False,False,False,NORMAL,0.0,
318,12.720000,True,0.247,0.004,-1.1,6.9,True,True,-0.0037,-0.0312,True,True,False,False,False,False,False,False,NORMAL,0.0,,False,False,False,False,False,False,NORMAL,0.0,
319,12.760000,True,0.249,0.004,-1.1,6.9,True,True,-0.0036,-0.0311,True,True,False,False,False,False,False,False,NORMAL,0.0,,False,False,False,False,False,False,NORMAL,0.0,
320,12.800000,True,0.251,0.004,-1.1,6.9,True,True,-0.0007,-0.0293,True,True,False,False,False,False,False,False,NORMAL,0.0,,False,False,False,False,False,False,NORMAL,0.0,
321,12.840000,True,0.252,0.005,-1.1,6.9,True,True,-0.0001,-0.0298,True,True,False,False,False,False,False,False,NORMAL,0.0,,False,False,False,False,False,False,NORMAL,0.0,
322,12.880000,True,0.253,0.005,-1.1,6.8,True,True,-0.0008,-0.0294,True,True,False,False,False,False,False,False,NORMAL,0.0,,False,False,False,False,False,False,NORMAL,0.0,
323,12.920000,True,0.254,0.005,-1.1,6.9,True,True,-0.0021,-0.0269,True,True,False,False,False,False,False,False,NORMAL,0.0,,False,False,False,False,False,False,NORMAL,0.0,
324,12.960000,True,0.255,0.005,-1.1,7.0,True,True,-0.0011,-0.0279,True,True,False,False,False,False,False,False,NORMAL,0.0,,False,False,False,False,False,False,NORMAL,0.0,
325,13.000000,True,0.256,0.005,-1.1,7.0,True,True,-0.0026,-0.0285,True,True,False,False,False,False,False,False,NORMAL,0.0,,False,False,False,False,False,False,NORMAL,0.0,
326,13.040000,True,0.257,0.005,-1.1,7.0,True,True,-0.0026,-0.0287,True,True,False,False,False,False,False,False,NORMAL,0.0,,False,False,False,False,False,False,NORMAL,0.0,
327,13.080000,True,0.259,0.005,-1.1,7.1,True,True,-0.0026,-0.0288,True,True,False,False,False,False,False,False,NORMAL,0.0,,False,False,False,False,False,False,NORMAL,0.0,
328,13.120000,True,0.259,0.005,-1.1,7.1,True,True,-0.0026,-0.0289,True,True,False,False,False,False,False,False,NORMAL,0.0,,False,False,False,False,False,False,NORMAL,0.0,
329,13.160000,True,0.26,0.005,-1.1,7.1,True,True,-0.0023,-0.0291,True,True,False,False,False,False,False,False,NORMAL,0.0,,False,False,False,False,False,False,NORMAL,0.0,
330,13.200000,True,0.26,0.005,-1.1,7.1,True,True,-0.0025,-0.0282,True,True,False,False,False,False,False,False,NORMAL,0.0,,False,False,False,False,False,False,NORMAL,0.0,
331,13.240000,True,0.261,0.005,-1.2,7.2,True,True,-0.0027,-0.0281,True,True,False,False,False,False,False,False,NORMAL,0.0,,False,False,False,False,False,False,NORMAL,0.0,
332,13.280000,True,0.262,0.005,-1.2,7.2,True,True,-0.0029,-0.0289,True,True,False,False,False,False,False,False,NORMAL,0.0,,False,False,False,False,False,False,NORMAL,0.0,
333,13.320000,True,0.263,0.005,-1.2,7.3,True,True,-0.002,-0.0286,True,True,False,False,False,False,False,False,NORMAL,0.0,,False,False,False,False,False,False,NORMAL,0.0,
334,13.360000,True,0.264,0.005,-1.2,7.3,True,True,-0.0014,-0.0282,True,True,False,False,False,False,False,False,NORMAL,0.0,,False,False,False,False,False,False,NORMAL,0.0,
335,13.400000,True,0.265,0.005,-1.2,7.4,True,True,-0.0001,-0.0299,True,True,False,False,False,False,False,False,NORMAL,0.0,,False,False,False,False,False,False,NORMAL,0.0,
336,13.440000,True,0.266,0.004,-1.2,7.4,True,True,-0.0027,-0.0307,True,True,False,False,False,False,False,False,NORMAL,0.0,,False,False,False,False,False,False,NORMAL,0.0,
337,13.480000,True,0.268,0.004,-1.2,7.5,True,True,-0.0018,-0.0306,True,True,False,False,False,False,False,False,NORMAL,0.0,,False,False,False,False,False,False,NORMAL,0.0,
338,13.520000,True,0.269,0.004,-1.2,7.5,True,True,-0.002,-0.0306,True,True,False,False,False,False,False,False,NORMAL,0.0,,False,False,False,False,False,False,NORMAL,0.0,
339,13.560000,True,0.27,0.004,-1.1,7.6,True,True,-0.0017,-0.031,True,True,False,False,False,False,False,False,NORMAL,0.0,,False,False,False,False,False,False,NORMAL,0.0,
340,13.600000,True,0.272,0.004,-1.2,7.6,True,True,-0.0019,-0.0311,True,True,False,False,False,False,False,False,NORMAL,0.0,,False,False,False,False,False,False,NORMAL,0.0,
341,13.640000,True,0.272,0.004,-1.1,7.7,True,True,-0.0019,-0.0311,True,True,False,False,False,False,False,False,NORMAL,0.0,,False,False,False,False,False,False,NORMAL,0.0,
342,13.680000,True,0.274,0.004,-1.1,7.7,True,True,-0.002,-0.031,True,True,False,False,False,False,False,False,NORMAL,0.0,,False,False,False,False,False,False,NORMAL,0.0,
343,13.720000,True,0.275,0.004,-1.1,7.7,True,True,-0.002,-0.0309,True,True,False,False,False,False,False,False,NORMAL,0.0,,False,False,False,False,False,False,NORMAL,0.0,
344,13.760000,True,0.275,0.004,-1.1,7.8,True,True,-0.0023,-0.0304,True,True,False,False,False,False,False,False,NORMAL,0.0,,False,False,False,False,False,False,NORMAL,0.0,
345,13.800000,True,0.276,0.004,-1.1,7.8,True,True,0.0026,-0.0258,True,True,False,False,False,False,False,False,NORMAL,0.0,,False,False,False,False,False,False,NORMAL,0.0,
346,13.840000,True,0.277,0.004,-1.1,7.8,True,True,0.0022,-0.0263,True,True,False,False,False,False,False,False,NORMAL,0.0,,False,False,False,False,False,False,NORMAL,0.0,
347,13.880000,True,0.277,0.004,-1.1,7.8,True,True,0.0022,-0.0264,True,True,False,False,False,False,False,False,NORMAL,0.0,,False,False,False,False,False,False,NORMAL,0.0,
348,13.920000,True,0.277,0.004,-1.1,7.9,True,True,0.0028,-0.0262,True,True,False,False,False,False,False,False,NORMAL,0.0,,False,False,False,False,False,False,NORMAL,0.0,
349,13.960000,True,0.277,0.004,-1.0,7.9,True,True,0.0027,-0.0262,True,True,False,False,False,False,False,False,NORMAL,0.0,,False,False,False,False,False,False,NORMAL,0.0,
350,14.000000,True,0.278,0.005,-1.0,7.9,True,True,0.0032,-0.0265,True,True,False,False,False,False,False,False,NORMAL,0.0,,False,False,False,False,False,False,NORMAL,0.0,
351,14.040000,True,0.278,0.005,-1.0,7.9,True,True,0.0025,-0.026,True,True,False,False,False,False,False,False,NORMAL,0.0,,False,False,False,False,False,False,NORMAL,0.0,
352,14.080000,True,0.278,0.005,-1.0,7.9,True,True,0.0053,-0.0268,True,True,False,False,False,False,False,False,NORMAL,0.0,,False,False,False,False,False,False,NORMAL,0.0,
353,14.120000,True,0.279,0.005,-0.9,7.9,True,True,0.0057,-0.0267,True,True,False,False,False,False,False,False,NORMAL,0.0,,False,False,False,False,False,False,NORMAL,0.0,
354,14.160000,True,0.279,0.005,-0.9,7.9,True,True,0.0039,-0.027,True,True,False,False,False,False,False,False,NORMAL,0.0,,False,False,False,False,False,False,NORMAL,0.0,
355,14.200000,True,0.275,0.006,-6.0,8.0,True,True,-0.1411,-0.0383,True,True,False,False,False,False,False,False,NORMAL,0.0,,False,False,False,False,False,False,NORMAL,0.0,
356,14.240000,True,0.278,0.008,-8.7,8.2,True,True,-0.1396,-0.0381,True,True,False,False,False,False,False,False,NORMAL,0.0,,False,False,False,False,False,False,NORMAL,0.0,
357,14.280000,True,0.277,0.009,-10.5,8.2,True,True,-0.1406,-0.0393,True,True,False,False,False,False,False,False,NORMAL,0.0,,False,False,False,False,False,False,NORMAL,0.0,
358,14.320000,True,0.327,0.008,-21.8,6.1,True,True,-0.2654,-0.0604,True,True,False,False,False,False,False,False,NORMAL,0.0,,False,False,False,False,False,False,NORMAL,0.0,
359,14.360000,True,0.362,0.007,-27.9,4.9,True,True,-0.2651,-0.0604,True,True,False,False,False,False,False,False,NORMAL,0.0,,False,False,False,False,False,False,NORMAL,0.0,
360,14.400000,True,0.377,0.006,-31.2,4.3,True,True,-0.266,-0.0602,True,True,False,False,False,False,False,False,NORMAL,0.0,,False,False,False,False,False,False,NORMAL,0.0,
361,14.440000,True,0.389,0.004,-34.0,4.1,True,True,-0.2751,-0.0631,True,True,False,False,False,False,False,False,NORMAL,0.0,,False,False,False,False,False,False,NORMAL,0.0,
362,14.480000,True,0.392,0.006,-35.4,3.7,True,True,-0.275,-0.0632,True,True,False,False,False,False,False,False,NORMAL,0.0,,False,False,False,False,False,False,NORMAL,0.0,
363,14.520000,True,0.393,0.005,-36.0,3.8,True,True,-0.2751,-0.0635,True,True,False,False,False,False,False,False,NORMAL,0.0,,False,False,False,False,False,False,NORMAL,0.0,
364,14.560000,True,0.394,0.005,-36.4,3.9,True,True,-0.2751,-0.0636,True,True,False,False,False,False,False,False,NORMAL,0.0,,False,False,False,False,False,False,NORMAL,0.0,
365,14.600000,True,0.394,0.006,-37.1,3.8,True,True,-0.2753,-0.0657,True,True,False,False,False,False,False,False,NORMAL,0.0,,False,False,False,False,False,False,NORMAL,0.0,
366,14.640000,True,0.397,0.008,-37.6,3.6,True,True,-0.2747,-0.0661,True,True,False,False,False,False,False,False,NORMAL,0.0,,False,False,False,False,False,False,NORMAL,0.0,
367,14.680000,True,0.397,0.008,-37.9,3.7,True,True,-0.2747,-0.066,True,True,False,False,False,False,False,False,NORMAL,0.0,,False,False,False,False,False,False,NORMAL,0.0,
368,14.720000,True,0.398,0.009,-37.9,3.9,True,True,-0.2743,-0.0657,True,True,False,False,False,False,False,False,NORMAL,0.0,,False,False,False,False,False,False,NORMAL,0.0,
369,14.760000,True,0.403,0.008,-38.0,3.9,True,True,-0.2758,-0.0661,True,True,False,False,False,False,False,False,NORMAL,0.0,,False,False,False,False,False,False,NORMAL,0.0,
370,14.800000,True,0.403,0.009,-38.0,3.9,True,True,-0.2755,-0.0641,True,True,False,False,False,False,False,False,NORMAL,0.0,,False,False,False,False,False,False,NORMAL,0.0,
371,14.840000,True,0.405,0.009,-38.2,3.9,True,True,-0.2759,-0.0637,True,True,False,False,False,False,False,False,NORMAL,0.0,,False,False,False,False,False,False,NORMAL,0.0,
372,14.880000,True,0.407,0.009,-38.2,4.0,True,True,-0.2759,-0.064,True,True,False,False,False,False,False,False,NORMAL,0.0,,False,False,False,False,False,False,NORMAL,0.0,
373,14.920000,True,0.408,0.008,-38.2,4.0,True,True,-0.276,-0.0645,True,True,False,False,False,False,False,False,NORMAL,0.0,,False,False,False,False,False,False,NORMAL,0.0,
374,14.960000,True,0.409,0.008,-38.2,4.3,True,True,-0.2752,-0.0644,True,True,False,False,False,False,False,False,NORMAL,0.0,,False,False,False,False,False,False,NORMAL,0.0,
375,15.000000,True,0.408,0.009,-38.4,4.4,True,True,-0.2758,-0.0644,True,True,False,False,False,False,False,False,NORMAL,0.0,,False,False,False,False,False,False,NORMAL,0.0,
376,15.040000,True,0.406,0.008,-38.3,4.3,True,True,-0.2765,-0.0634,True,True,False,False,False,False,False,False,NORMAL,0.0,,False,False,False,False,False,False,NORMAL,0.0,
377,15.080000,True,0.408,0.008,-38.3,4.6,True,True,-0.2764,-0.0653,True,True,False,False,False,False,False,False,NORMAL,0.0,,False,False,False,False,False,False,NORMAL,0.0,
378,15.120000,True,0.405,0.009,-38.3,4.7,True,True,-0.2767,-0.0652,True,True,False,False,False,False,False,False,NORMAL,0.0,,False,False,False,False,False,False,NORMAL,0.0,
379,15.160000,True,0.403,0.008,-38.2,4.8,True,True,-0.2757,-0.0653,True,True,False,False,False,False,False,False,NORMAL,0.0,,False,False,False,False,False,False,NORMAL,0.0,
380,15.200000,True,0.401,0.009,-38.4,4.6,True,True,-0.275,-0.0655,True,True,False,False,False,False,False,False,NORMAL,0.0,,False,False,False,False,False,False,NORMAL,0.0,
381,15.240000,True,0.401,0.009,-38.2,4.7,True,True,-0.2738,-0.0647,True,True,False,False,False,False,False,False,NORMAL,0.0,,False,False,False,False,False,False,NORMAL,0.0,
382,15.280000,True,0.399,0.008,-38.3,4.6,True,True,-0.2739,-0.0648,True,True,False,False,False,False,False,False,NORMAL,0.0,,False,False,False,False,False,False,NORMAL,0.0,
383,15.320000,True,0.403,0.008,-38.1,4.7,True,True,-0.2739,-0.065,True,True,False,False,False,False,False,False,NORMAL,0.0,,False,False,False,False,False,False,NORMAL,0.0,
384,15.360000,True,0.401,0.01,-38.4,4.3,True,True,-0.2762,-0.064,True,True,False,False,False,False,False,False,NORMAL,0.0,,False,False,False,False,False,False,NORMAL,0.0,
385,15.400000,True,0.396,0.008,-38.0,4.0,True,True,-0.2722,-0.0622,True,True,False,False,False,False,False,False,NORMAL,0.0,,False,False,False,False,False,False,NORMAL,0.0,
386,15.440000,True,0.393,0.005,-37.9,4.2,True,True,-0.2716,-0.0625,True,True,False,False,False,False,False,False,NORMAL,0.0,,False,False,False,False,False,False,NORMAL,0.0,
387,15.480000,True,0.391,0.007,-37.7,4.2,True,True,-0.2711,-0.0624,True,True,False,False,False,False,False,False,NORMAL,0.0,,False,False,False,False,False,False,NORMAL,0.0,
388,15.520000,True,0.39,0.006,-37.6,4.4,True,True,-0.275,-0.0619,True,True,False,False,False,False,False,False,NORMAL,0.0,,False,False,False,False,False,False,NORMAL,0.0,
389,15.560000,True,0.391,0.007,-37.7,4.5,True,True,-0.2747,-0.0621,True,True,False,False,False,False,False,False,NORMAL,0.0,,False,False,False,False,False,False,NORMAL,0.0,
390,15.600000,True,0.391,0.006,-37.9,4.5,True,True,-0.2759,-0.0618,True,True,False,False,False,False,False,False,NORMAL,0.0,,False,False,False,False,False,False,NORMAL,0.0,
391,15.640000,True,0.388,0.006,-37.7,4.7,True,True,-0.2753,-0.0605,True,True,False,False,False,False,False,False,NORMAL,0.0,,False,False,False,False,False,False,NORMAL,0.0,
392,15.680000,True,0.388,0.008,-37.8,4.6,True,True,-0.2745,-0.0598,True,True,False,False,False,False,False,False,NORMAL,0.0,,False,False,False,False,False,False,NORMAL,0.0,
393,15.720000,True,0.388,0.007,-37.9,4.5,True,True,-0.2748,-0.0599,True,True,False,False,False,False,False,False,NORMAL,0.0,,False,False,False,False,False,False,NORMAL,0.0,
394,15.760000,True,0.388,0.007,-38.0,4.6,True,True,-0.2743,-0.0598,True,True,False,False,False,False,False,False,NORMAL,0.0,,False,False,False,False,False,False,NORMAL,0.0,
395,15.800000,True,0.381,0.008,-37.6,4.6,True,True,-0.2675,-0.0576,True,True,False,False,False,False,False,False,NORMAL,0.0,,False,False,False,False,False,False,NORMAL,0.0,
396,15.840000,True,0.379,0.008,-37.5,4.6,True,True,-0.268,-0.0578,True,True,False,False,False,False,False,False,NORMAL,0.0,,False,False,False,False,False,False,NORMAL,0.0,
397,15.880000,True,0.378,0.008,-37.4,4.6,True,True,-0.268,-0.0582,True,True,False,False,False,False,False,False,NORMAL,0.0,,False,False,False,False,False,False,NORMAL,0.0,
398,15.920000,True,0.378,0.008,-37.4,4.6,True,True,-0.2687,-0.058,True,True,False,False,False,False,False,False,NORMAL,0.0,,False,False,False,False,False,False,NORMAL,0.0,
399,15.960000,True,0.379,0.008,-37.4,4.7,True,True,-0.2687,-0.0579,True,True,False,False,False,False,False,False,NORMAL,0.0,,False,False,False,False,False,False,NORMAL,0.0,
400,16.000000,True,0.332,0.005,-34.0,5.0,True,True,-0.2128,-0.0541,True,True,False,False,False,False,False,False,NORMAL,0.0,,False,False,False,False,False,False,NORMAL,0.0,
401,16.040000,True,0.307,0.006,-32.0,5.4,True,True,-0.213,-0.0542,True,True,False,False,False,False,False,False,NORMAL,0.0,,False,False,False,False,False,False,NORMAL,0.0,
402,16.080000,True,0.295,0.006,-31.0,5.7,True,True,-0.2129,-0.054,True,True,False,False,False,False,False,False,NORMAL,0.0,,False,False,False,False,False,False,NORMAL,0.0,
403,16.120000,True,0.287,0.007,-30.2,5.9,True,True,-0.2129,-0.0539,True,True,False,False,False,False,False,False,NORMAL,0.0,,False,False,False,False,False,False,NORMAL,0.0,
404,16.160000,True,0.283,0.008,-29.8,6.1,True,True,-0.2129,-0.0538,True,True,False,False,False,False,False,False,NORMAL,0.0,,False,False,False,False,False,False,NORMAL,0.0,
405,16.200000,True,0.281,0.008,-29.5,6.2,True,True,-0.2128,-0.0537,True,True,False,False,False,False,False,False,NORMAL,0.0,,False,False,False,False,False,False,NORMAL,0.0,
406,16.240000,True,0.279,0.009,-29.3,6.4,True,True,-0.2127,-0.0536,True,True,False,False,False,False,False,False,NORMAL,0.0,,False,False,False,False,False,False,NORMAL,0.0,
407,16.280000,True,0.278,0.009,-29.2,6.5,True,True,-0.2128,-0.0537,True,True,False,False,False,False,False,False,NORMAL,0.0,,False,False,False,False,False,False,NORMAL,0.0,
408,16.320000,True,0.277,0.009,-29.1,6.6,True,True,-0.2128,-0.0536,True,True,False,False,False,False,False,False,NORMAL,0.0,,False,False,False,False,False,False,NORMAL,0.0,
409,16.360000,True,0.276,0.01,-29.0,6.6,True,True,-0.2126,-0.0536,True,True,False,False,False,False,False,False,NORMAL,0.0,,False,False,False,False,False,False,NORMAL,0.0,
410,16.400000,True,0.275,0.01,-26.7,6.7,True,True,-0.1394,-0.0553,True,True,False,False,False,False,False,False,NORMAL,0.0,,False,False,False,False,False,False,NORMAL,0.0,
411,16.440000,True,0.275,0.012,-24.8,6.9,True,True,-0.1395,-0.0555,True,True,False,False,False,False,False,False,NORMAL,0.0,,False,False,False,False,False,False,NORMAL,0.0,
412,16.480000,True,0.274,0.013,-23.5,7.1,True,True,-0.1394,-0.0552,True,True,False,False,False,False,False,False,NORMAL,0.0,,False,False,False,False,False,False,NORMAL,0.0,
413,16.520000,True,0.274,0.014,-22.3,7.2,True,True,-0.1394,-0.0554,True,True,False,False,False,False,False,False,NORMAL,0.0,,False,False,False,False,False,False,NORMAL,0.0,
414,16.560000,True,0.273,0.014,-21.5,7.3,True,True,-0.1395,-0.0554,True,True,False,False,False,False,False,False,NORMAL,0.0,,False,False,False,False,False,False,NORMAL,0.0,
415,16.600000,True,0.274,0.015,-20.8,7.4,True,True,-0.1397,-0.0548,True,True,False,False,False,False,False,False,NORMAL,0.0,,False,False,False,False,False,False,NORMAL,0.0,
416,16.640000,True,0.274,0.015,-20.2,7.5,True,True,-0.1401,-0.054,True,True,False,False,False,False,False,False,NORMAL,0.0,,False,False,False,False,False,False,NORMAL,0.0,
417,16.680000,True,0.275,0.016,-19.7,7.6,True,True,-0.1407,-0.0525,True,True,False,False,False,False,False,False,NORMAL,0.0,,False,False,False,False,False,False,NORMAL,0.0,
418,16.720000,True,0.275,0.016,-19.3,7.7,True,True,-0.1407,-0.0526,True,True,False,False,False,False,False,False,NORMAL,0.0,,False,False,False,False,False,False,NORMAL,0.0,
419,16.760000,True,0.274,0.018,-19.0,7.8,True,True,-0.1414,-0.052,True,True,False,False,False,False,False,False,NORMAL,0.0,,False,False,False,False,False,False,NORMAL,0.0,
420,16.800000,True,0.275,0.018,-18.7,7.8,True,True,-0.1413,-0.0519,True,True,False,False,False,False,False,False,NORMAL,0.0,,False,False,False,False,False,False,NORMAL,0.0,
421,16.840000,True,0.274,0.018,-18.4,7.8,True,True,-0.1413,-0.0519,True,True,False,False,False,False,False,False,NORMAL,0.0,,False,False,False,False,False,False,NORMAL,0.0,
422,16.880000,True,0.273,0.018,-18.2,7.9,True,True,-0.1409,-0.0527,True,True,False,False,False,False,False,False,NORMAL,0.0,,False,False,False,False,False,False,NORMAL,0.0,
423,16.920000,True,0.273,0.019,-18.0,7.9,True,True,-0.141,-0.0527,True,True,False,False,False,False,False,False,NORMAL,0.0,,False,False,False,False,False,False,NORMAL,0.0,
424,16.960000,True,0.274,0.019,-17.9,7.9,True,True,-0.141,-0.0527,True,True,False,False,False,False,False,False,NORMAL,0.0,,False,False,False,False,False,False,NORMAL,0.0,
425,17.000000,True,0.274,0.019,-17.7,7.9,True,True,-0.1411,-0.0526,True,True,False,False,False,False,False,False,NORMAL,0.0,,False,False,False,False,False,False,NORMAL,0.0,
426,17.040000,True,0.273,0.019,-17.5,7.9,True,True,-0.1411,-0.0527,True,True,False,False,False,False,False,False,NORMAL,0.0,,False,False,False,False,False,False,NORMAL,0.0,
427,17.080000,True,0.273,0.019,-17.4,8.0,True,True,-0.1411,-0.0527,True,True,False,False,False,False,False,False,NORMAL,0.0,,False,False,False,False,False,False,NORMAL,0.0,
428,17.120000,True,0.273,0.019,-17.3,7.9,True,True,-0.1408,-0.0524,True,True,False,False,False,False,False,False,NORMAL,0.0,,False,False,False,False,False,False,NORMAL,0.0,
429,17.160000,True,0.273,0.02,-17.2,7.9,True,True,-0.1409,-0.0524,True,True,False,False,False,False,False,False,NORMAL,0.0,,False,False,False,False,False,False,NORMAL,0.0,
430,17.200000,True,0.275,0.02,-17.1,7.9,True,True,-0.1407,-0.0527,True,True,False,False,False,False,False,False,NORMAL,0.0,,False,False,False,False,False,False,NORMAL,0.0,
431,17.240000,True,0.274,0.021,-17.0,7.8,True,True,-0.1417,-0.0541,True,True,False,False,False,False,False,False,NORMAL,0.0,,False,False,False,False,False,False,NORMAL,0.0,
432,17.280000,True,0.274,0.02,-17.0,7.8,True,True,-0.1414,-0.0552,True,True,False,False,False,False,False,False,NORMAL,0.0,,False,False,False,False,False,False,NORMAL,0.0,
433,17.320000,True,0.267,0.02,-15.1,7.7,True,True,-0.048,-0.0386,True,True,False,False,False,False,False,False,NORMAL,0.0,,False,False,False,False,False,False,NORMAL,0.0,
434,17.360000,True,0.264,0.019,-13.5,7.6,True,True,-0.0483,-0.038,True,True,False,False,False,False,False,False,NORMAL,0.0,,False,False,False,False,False,False,NORMAL,0.0,
435,17.400000,True,0.263,0.018,-12.2,7.6,True,True,-0.0482,-0.0381,True,True,False,False,False,False,False,False,NORMAL,0.0,,False,False,False,False,False,False,NORMAL,0.0,
436,17.440000,True,0.261,0.018,-11.2,7.7,True,True,-0.0485,-0.038,True,True,False,False,False,False,False,False,NORMAL,0.0,,False,False,False,False,False,False,NORMAL,0.0,
437,17.480000,True,0.259,0.018,-10.4,7.6,True,True,-0.0492,-0.0383,True,True,False,False,False,False,False,False,NORMAL,0.0,,False,False,False,False,False,False,NORMAL,0.0,
438,17.520000,True,0.257,0.017,-9.7,7.7,True,True,-0.0492,-0.0381,True,True,False,False,False,False,False,False,NORMAL,0.0,,False,False,False,False,False,False,NORMAL,0.0,
439,17.560000,True,0.256,0.017,-9.1,7.8,True,True,-0.0487,-0.038,True,True,False,False,False,False,False,False,NORMAL,0.0,,False,False,False,False,False,False,NORMAL,0.0,
440,17.600000,True,0.255,0.017,-8.5,7.8,True,True,-0.0486,-0.0381,True,True,False,False,False,False,False,False,NORMAL,0.0,,False,False,False,False,False,False,NORMAL,0.0,
441,17.640000,True,0.255,0.017,-8.1,7.8,True,True,-0.0486,-0.0382,True,True,False,False,False,False,False,False,NORMAL,0.0,,False,False,False,False,False,False,NORMAL,0.0,
442,17.680000,True,0.254,0.017,-7.7,7.9,True,True,-0.0487,-0.0381,True,True,False,False,False,False,False,False,NORMAL,0.0,,False,False,False,False,False,False,NORMAL,0.0,
443,17.720000,True,0.254,0.017,-7.4,7.9,True,True,-0.0491,-0.038,True,True,False,False,False,False,False,False,NORMAL,0.0,,False,False,False,False,False,False,NORMAL,0.0,
444,17.760000,True,0.254,0.017,-7.1,7.9,True,True,-0.0491,-0.0379,True,True,False,False,False,False,False,False,NORMAL,0.0,,False,False,False,False,False,False,NORMAL,0.0,
445,17.800000,True,0.255,0.017,-6.3,8.1,True,True,-0.0243,-0.0402,True,True,False,False,False,False,False,False,NORMAL,0.0,,False,False,False,False,False,False,NORMAL,0.0,
446,17.840000,True,0.255,0.017,-5.6,8.1,True,True,-0.0245,-0.0403,True,True,False,False,False,False,False,False,NORMAL,0.0,,False,False,False,False,False,False,NORMAL,0.0,
447,17.880000,True,0.255,0.017,-5.1,8.1,True,True,-0.0249,-0.0403,True,True,False,False,False,False,False,False,NORMAL,0.0,,False,False,False,False,False,False,NORMAL,0.0,
448,17.920000,True,0.255,0.017,-4.6,8.1,True,True,-0.0199,-0.04,True,True,False,False,False,False,False,False,NORMAL,0.0,,False,False,False,False,False,False,NORMAL,0.0,
449,17.960000,True,0.256,0.017,-4.3,8.2,True,True,-0.0204,-0.0397,True,True,False,False,False,False,False,False,NORMAL,0.0,,False,False,False,False,False,False,NORMAL,0.0,
450,18.000000,True,0.256,0.017,-3.9,8.2,True,True,-0.0205,-0.0394,True,True,False,False,False,False,False,False,NORMAL,0.0,,False,False,False,False,False,False,NORMAL,0.0,
451,18.040000,True,0.257,0.017,-3.7,8.2,True,True,-0.0204,-0.0394,True,True,False,False,False,False,False,False,NORMAL,0.0,,False,False,False,False,False,False,NORMAL,0.0,
452,18.080000,True,0.257,0.017,-3.5,8.2,True,True,-0.0203,-0.0395,True,True,False,False,False,False,False,False,NORMAL,0.0,,False,False,False,False,False,False,NORMAL,0.0,
453,18.120000,True,0.258,0.017,-3.3,8.2,True,True,-0.0204,-0.0395,True,True,False,False,False,False,False,False,NORMAL,0.0,,False,False,False,False,False,False,NORMAL,0.0,
454,18.160000,True,0.259,0.017,-3.1,8.2,True,True,-0.0204,-0.0394,True,True,False,False,False,False,False,False,NORMAL,0.0,,False,False,False,False,False,False,NORMAL,0.0,
455,18.200000,True,0.259,0.017,-3.0,8.2,True,True,-0.0201,-0.04,True,True,False,False,False,False,False,False,NORMAL,0.0,,False,False,False,False,False,False,NORMAL,0.0,
456,18.240000,True,0.261,0.017,-2.8,8.3,True,True,-0.0243,-0.0405,True,True,False,False,False,False,False,False,NORMAL,0.0,,False,False,False,False,False,False,NORMAL,0.0,
457,18.280000,True,0.263,0.017,-2.6,8.3,True,True,-0.0242,-0.0403,True,True,False,False,False,False,False,False,NORMAL,0.0,,False,False,False,False,False,False,NORMAL,0.0,
458,18.320000,True,0.264,0.017,-2.5,8.4,True,True,-0.0244,-0.04,True,True,False,False,False,False,False,False,NORMAL,0.0,,False,False,False,False,False,False,NORMAL,0.0,
459,18.360000,True,0.265,0.017,-2.4,8.4,True,True,-0.0244,-0.0401,True,True,False,False,False,False,False,False,NORMAL,0.0,,False,False,False,False,False,False,NORMAL,0.0,
460,18.400000,True,0.248,0.019,5.4,9.1,True,True,0.1363,-0.0259,True,True,False,False,False,False,False,False,NORMAL,0.0,,False,False,False,False,False,False,NORMAL,0.0,
461,18.440000,True,0.242,0.02,9.5,9.6,True,True,0.1371,-0.0252,True,True,False,False,False,False,False,False,NORMAL,0.0,,False,False,False,False,False,False,NORMAL,0.0,
462,18.480000,True,0.234,0.02,12.0,10.0,True,True,0.1371,-0.025,True,True,False,False,False,False,False,False,NORMAL,0.0,,False,False,False,False,False,False,NORMAL,0.0,
463,18.520000,True,0.263,0.021,20.6,10.1,True,True,0.236,-0.0328,True,True,False,False,False,False,False,False,NORMAL,0.0,,False,False,False,False,False,False,NORMAL,0.0,
464,18.560000,True,0.288,0.021,24.7,9.6,True,True,0.236,-0.0313,True,True,False,False,False,False,False,False,NORMAL,0.0,,False,False,False,False,False,False,NORMAL,0.0,
465,18.600000,True,0.298,0.021,26.6,9.4,True,True,0.2354,-0.0311,True,True,False,False,False,False,False,False,NORMAL,0.0,,False,False,False,False,False,False,NORMAL,0.0,
466,18.640000,True,0.338,0.024,32.1,7.7,True,True,0.2984,-0.0561,True,True,False,False,False,False,False,False,NORMAL,0.0,,False,False,False,False,False,False,NORMAL,0.0,
467,18.680000,True,0.371,0.021,34.5,7.6,True,True,0.2978,-0.0555,True,True,False,False,False,False,False,False,NORMAL,0.0,,False,False,False,False,False,False,NORMAL,0.0,
468,18.720000,True,0.387,0.018,35.7,7.7,True,True,0.2977,-0.0559,True,True,False,False,False,False,False,False,NORMAL,0.0,,False,False,False,False,False,False,NORMAL,0.0,
469,18.760000,True,0.394,0.017,36.4,7.7,True,True,0.2985,-0.0561,True,True,False,False,False,False,False,False,NORMAL,0.0,,False,False,False,False,False,False,NORMAL,0.0,
470,18.800000,True,0.397,0.017,36.6,7.7,True,True,0.2997,-0.0561,True,True,False,False,False,False,False,False,NORMAL,0.0,,False,False,False,False,False,False,NORMAL,0.0,
471,18.840000,True,0.392,0.013,37.5,7.2,True,True,0.3186,-0.0567,True,True,False,False,False,False,False,False,NORMAL,0.0,,False,False,False,False,False,False,NORMAL,0.0,
472,18.880000,True,0.397,0.014,38.0,7.4,True,True,0.3186,-0.0571,True,True,False,False,False,False,False,False,NORMAL,0.0,,False,False,False,False,False,False,NORMAL,0.0,
473,18.920000,True,0.395,0.013,38.0,7.4,True,True,0.3182,-0.0571,True,True,False,False,False,False,False,False,NORMAL,0.0,,False,False,False,False,False,False,NORMAL,0.0,
474,18.960000,True,0.389,0.011,37.9,7.4,True,True,0.3181,-0.0572,True,True,False,False,False,False,False,False,NORMAL,0.0,,False,False,False,False,False,False,NORMAL,0.0,
475,19.000000,True,0.387,0.011,38.0,7.5,True,True,0.3182,-0.0572,True,True,False,False,False,False,False,False,NORMAL,0.0,,False,False,False,False,False,False,NORMAL,0.0,
476,19.040000,True,0.385,0.011,37.9,7.5,True,True,0.3174,-0.0574,True,True,False,False,False,False,False,False,NORMAL,0.0,,False,False,False,False,False,False,NORMAL,0.0,
477,19.080000,True,0.383,0.011,37.9,7.5,True,True,0.3175,-0.0573,True,True,False,False,False,False,False,False,NORMAL,0.0,,False,False,False,False,False,False,NORMAL,0.0,
478,19.120000,True,0.382,0.01,37.9,7.6,True,True,0.3182,-0.0568,True,True,False,False,False,False,False,False,NORMAL,0.0,,False,False,False,False,False,False,NORMAL,0.0,
479,19.160000,True,0.382,0.01,38.1,7.6,True,True,0.3189,-0.0566,True,True,False,False,False,False,False,False,NORMAL,0.0,,False,False,False,False,False,False,NORMAL,0.0,
480,19.200000,True,0.39,0.01,38.2,7.6,True,True,0.3282,-0.068,True,True,False,False,False,False,False,False,NORMAL,0.0,,False,False,False,False,False,False,NORMAL,0.0,
481,19.240000,True,0.394,0.009,38.2,7.5,True,True,0.3268,-0.066,True,True,False,False,False,False,False,False,NORMAL,0.0,,False,False,False,False,False,False,NORMAL,0.0,
482,19.280000,True,0.402,0.01,38.7,7.4,True,True,0.3275,-0.069,True,True,False,False,False,False,False,False,NORMAL,0.0,,False,False,False,False,False,False,NORMAL,0.0,
483,19.320000,True,0.404,0.01,38.8,7.3,True,True,0.3275,-0.0686,True,True,False,False,False,False,False,False,NORMAL,0.0,,False,False,False,False,False,False,NORMAL,0.0,
484,19.360000,True,0.406,0.01,38.9,7.4,True,True,0.328,-0.0689,True,True,False,False,False,False,False,False,NORMAL,0.0,,False,False,False,False,False,False,NORMAL,0.0,
485,19.400000,True,0.407,0.009,39.3,7.4,True,True,0.3335,-0.0722,True,True,False,False,False,False,False,False,NORMAL,0.0,,False,False,False,False,False,False,NORMAL,0.0,
486,19.440000,True,0.415,0.008,39.7,7.4,True,True,0.3333,-0.0724,True,True,False,False,False,False,False,False,NORMAL,0.0,,False,False,False,False,False,False,NORMAL,0.0,
487,19.480000,True,0.414,0.009,39.6,7.3,True,True,0.3343,-0.0722,True,True,False,False,False,False,False,False,NORMAL,0.0,,False,False,False,False,False,False,NORMAL,0.0,
488,19.520000,True,0.418,0.01,39.5,7.3,True,True,0.3336,-0.0715,True,True,False,False,False,False,False,False,NORMAL,0.0,,False,False,False,False,False,False,NORMAL,0.0,
489,19.560000,True,0.42,0.012,39.7,7.2,True,True,0.3327,-0.0719,True,True,False,False,False,False,False,False,NORMAL,0.0,,False,False,False,False,False,False,NORMAL,0.0,
490,19.600000,True,0.419,0.013,39.6,7.3,True,True,0.3331,-0.0715,True,True,False,False,False,False,False,False,NORMAL,0.0,,False,False,False,False,False,False,NORMAL,0.0,
491,19.640000,True,0.422,0.013,39.4,7.4,True,True,0.3299,-0.0703,True,True,False,False,False,False,False,False,NORMAL,0.0,,False,False,False,False,False,False,NORMAL,0.0,
492,19.680000,True,0.419,0.012,39.5,7.4,True,True,0.3307,-0.0693,True,True,False,False,False,False,False,False,NORMAL,0.0,,False,False,False,False,False,False,NORMAL,0.0,
493,19.720000,True,0.409,0.01,39.4,7.2,True,True,0.3305,-0.0689,True,True,False,False,False,False,False,False,NORMAL,0.0,,False,False,False,False,False,False,NORMAL,0.0,
494,19.760000,True,0.403,0.008,39.3,7.1,True,True,0.331,-0.069,True,True,False,False,False,False,False,False,NORMAL,0.0,,False,False,False,False,False,False,NORMAL,0.0,
495,19.800000,True,0.403,0.008,39.3,6.9,True,True,0.3309,-0.069,True,True,False,False,False,False,False,False,NORMAL,0.0,,False,False,False,False,False,False,NORMAL,0.0,
496,19.840000,True,0.408,0.01,38.8,7.2,True,True,0.3196,-0.0649,True,True,False,False,False,False,False,False,NORMAL,0.0,,False,False,False,False,False,False,NORMAL,0.0,
497,19.880000,True,0.404,0.011,38.2,7.3,True,True,0.3193,-0.0629,True,True,False,False,False,False,False,False,NORMAL,0.0,,False,False,False,False,False,False,NORMAL,0.0,
498,19.920000,True,0.401,0.01,37.9,7.4,True,True,0.3187,-0.0613,True,True,False,False,False,False,False,False,NORMAL,0.0,,False,False,False,False,False,False,NORMAL,0.0,
499,19.960000,True,0.399,0.011,37.6,7.4,True,True,0.3186,-0.0613,True,True,False,False,False,False,False,False,NORMAL,0.0,,False,False,False,False,False,False,NORMAL,0.0,
500,20.000000,True,0.362,0.006,36.4,7.9,True,True,0.2819,-0.0588,True,True,False,False,False,False,False,False,NORMAL,0.0,,False,False,False,False,False,False,NORMAL,0.0,
501,20.040000,True,0.339,0.011,35.6,8.2,True,True,0.2819,-0.0595,True,True,False,False,False,False,False,False,NORMAL,0.0,,False,False,False,False,False,False,NORMAL,0.0,
502,20.080000,True,0.329,0.012,35.2,8.3,True,True,0.2819,-0.0593,True,True,False,False,False,False,False,False,NORMAL,0.0,,False,False,False,False,False,False,NORMAL,0.0,
503,20.120000,True,0.294,0.01,32.0,7.5,True,True,0.2341,-0.0489,True,True,False,False,False,False,False,False,NORMAL,0.0,,False,False,False,False,False,False,NORMAL,0.0,
504,20.160000,True,0.283,0.01,30.2,6.8,True,True,0.2344,-0.0494,True,True,False,False,False,False,False,False,NORMAL,0.0,,False,False,False,False,False,False,NORMAL,0.0,
505,20.200000,True,0.278,0.01,29.3,6.4,True,True,0.2336,-0.0492,True,True,False,False,False,False,False,False,NORMAL,0.0,,False,False,False,False,False,False,NORMAL,0.0,
506,20.240000,True,0.275,0.01,27.9,6.4,True,True,0.2168,-0.0482,True,True,False,False,False,False,False,False,NORMAL,0.0,,False,False,False,False,False,False,NORMAL,0.0,
507,20.280000,True,0.273,0.009,27.1,6.4,True,True,0.2168,-0.0479,True,True,False,False,False,False,False,False,NORMAL,0.0,,False,False,False,False,False,False,NORMAL,0.0,
508,20.320000,True,0.273,0.009,26.5,6.4,True,True,0.2168,-0.0479,True,True,False,False,False,False,False,False,NORMAL,0.0,,False,False,False,False,False,False,NORMAL,0.0,
509,20.360000,True,0.273,0.009,26.2,6.4,True,True,0.2169,-0.0477,True,True,False,False,False,False,False,False,NORMAL,0.0,,False,False,False,False,False,False,NORMAL,0.0,
510,20.400000,True,0.275,0.008,26.0,6.4,True,True,0.217,-0.0479,True,True,False,False,False,False,False,False,NORMAL,0.0,,False,False,False,False,False,False,NORMAL,0.0,
511,20.440000,True,0.267,0.008,24.3,6.4,True,True,0.1856,-0.0501,True,True,False,False,False,False,False,False,NORMAL,0.0,,False,False,False,False,False,False,NORMAL,0.0,
512,20.480000,True,0.262,0.008,23.3,6.6,True,True,0.1853,-0.0514,True,True,False,False,False,False,False,False,NORMAL,0.0,,False,False,False,False,False,False,NORMAL,0.0,
513,20.520000,True,0.26,0.008,22.6,6.7,True,True,0.1849,-0.0514,True,True,False,False,False,False,False,False,NORMAL,0.0,,False,False,False,False,False,False,NORMAL,0.0,
514,20.560000,True,0.26,0.008,22.2,6.9,True,True,0.1856,-0.0515,True,True,False,False,False,False,False,False,NORMAL,0.0,,False,False,False,False,False,False,NORMAL,0.0,
515,20.600000,True,0.254,0.009,20.6,6.8,True,True,0.1438,-0.0532,True,True,False,False,False,False,False,False,NORMAL,0.0,,False,False,False,False,False,False,NORMAL,0.0,
516,20.640000,True,0.251,0.008,19.5,6.8,True,True,0.144,-0.0534,True,True,False,False,False,False,False,False,NORMAL,0.0,,False,False,False,False,False,False,NORMAL,0.0,
517,20.680000,True,0.25,0.008,18.7,6.9,True,True,0.1442,-0.0537,True,True,False,False,False,False,False,False,NORMAL,0.0,,False,False,False,False,False,False,NORMAL,0.0,
518,20.720000,True,0.249,0.009,17.4,6.8,True,True,0.1137,-0.0544,True,True,False,False,False,False,False,False,NORMAL,0.0,,False,False,False,False,False,False,NORMAL,0.0,
519,20.760000,True,0.247,0.009,16.4,6.8,True,True,0.1138,-0.0549,True,True,False,False,False,False,False,False,NORMAL,0.0,,False,False,False,False,False,False,NORMAL,0.0,
520,20.800000,True,0.246,0.009,15.6,6.8,True,True,0.1132,-0.0551,True,True,False,False,False,False,False,False,NORMAL,0.0,,False,False,False,False,False,False,NORMAL,0.0,
521,20.840000,True,0.244,0.01,15.0,6.8,True,True,0.1132,-0.0555,True,True,False,False,False,False,False,False,NORMAL,0.0,,False,False,False,False,False,False,NORMAL,0.0,
522,20.880000,True,0.243,0.01,14.4,6.8,True,True,0.1128,-0.0553,True,True,False,False,False,False,False,False,NORMAL,0.0,,False,False,False,False,False,False,NORMAL,0.0,
523,20.920000,True,0.246,0.01,13.8,6.7,True,True,0.0752,-0.05,True,True,False,False,False,False,False,False,NORMAL,0.0,,False,False,False,False,False,False,NORMAL,0.0,
524,20.960000,True,0.248,0.01,13.3,6.7,True,True,0.0749,-0.0501,True,True,False,False,False,False,False,False,NORMAL,0.0,,False,False,False,False,False,False,NORMAL,0.0,
525,21.000000,True,0.25,0.011,12.8,6.6,True,True,0.0748,-0.05,True,True,False,False,False,False,False,False,NORMAL,0.0,,False,False,False,False,False,False,NORMAL,0.0,
526,21.040000,True,0.251,0.011,12.3,6.6,True,True,0.0735,-0.05,True,True,False,False,False,False,False,False,NORMAL,0.0,,False,False,False,False,False,False,NORMAL,0.0,
527,21.080000,True,0.252,0.011,11.9,6.6,True,True,0.0736,-0.05,True,True,False,False,False,False,False,False,NORMAL,0.0,,False,False,False,False,False,False,NORMAL,0.0,
528,21.120000,True,0.253,0.011,11.5,6.6,True,True,0.0748,-0.0496,True,True,False,False,False,False,False,False,NORMAL,0.0,,False,False,False,False,False,False,NORMAL,0.0,
529,21.160000,True,0.253,0.011,11.2,6.6,True,True,0.0761,-0.0489,True,True,False,False,False,False,False,False,NORMAL,0.0,,False,False,False,False,False,False,NORMAL,0.0,
530,21.200000,True,0.253,0.01,10.9,6.7,True,True,0.0751,-0.0485,True,True,False,False,False,False,False,False,NORMAL,0.0,,False,False,False,False,False,False,NORMAL,0.0,
531,21.240000,True,0.253,0.01,10.6,6.7,True,True,0.0753,-0.0488,True,True,False,False,False,False,False,False,NORMAL,0.0,,False,False,False,False,False,False,NORMAL,0.0,
532,21.280000,True,0.253,0.01,10.4,6.7,True,True,0.0744,-0.0488,True,True,False,False,False,False,False,False,NORMAL,0.0,,False,False,False,False,False,False,NORMAL,0.0,
533,21.320000,True,0.253,0.01,10.2,6.7,True,True,0.0497,-0.0573,True,True,False,False,False,False,False,False,NORMAL,0.0,,False,False,False,False,False,False,NORMAL,0.0,
534,21.360000,True,0.254,0.01,10.1,6.7,True,True,0.0496,-0.0572,True,True,False,False,False,False,False,False,NORMAL,0.0,,False,False,False,False,False,False,NORMAL,0.0,
535,21.400000,True,0.257,0.01,9.9,6.7,True,True,0.0499,-0.0575,True,True,False,False,False,False,False,False,NORMAL,0.0,,False,False,False,False,False,False,NORMAL,0.0,
536,21.440000,True,0.258,0.01,9.8,6.6,True,True,0.05,-0.0575,True,True,False,False,False,False,False,False,NORMAL,0.0,,False,False,False,False,False,False,NORMAL,0.0,
537,21.480000,True,0.259,0.01,9.7,6.6,True,True,0.05,-0.0575,True,True,False,False,False,False,False,False,NORMAL,0.0,,False,False,False,False,False,False,NORMAL,0.0,
538,21.520000,True,0.259,0.01,9.5,6.6,True,True,0.049,-0.0575,True,True,False,False,False,False,False,False,NORMAL,0.0,,False,False,False,False,False,False,NORMAL,0.0,
539,21.560000,True,0.26,0.01,9.4,6.6,True,True,0.049,-0.0573,True,True,False,False,False,False,False,False,NORMAL,0.0,,False,False,False,False,False,False,NORMAL,0.0,
540,21.600000,True,0.261,0.01,9.3,6.6,True,True,0.0494,-0.0578,True,True,False,False,False,False,False,False,NORMAL,0.0,,False,False,False,False,False,False,NORMAL,0.0,
541,21.640000,True,0.262,0.01,9.2,6.6,True,True,0.0493,-0.0578,True,True,False,False,False,False,False,False,NORMAL,0.0,,False,False,False,False,False,False,NORMAL,0.0,
542,21.680000,True,0.262,0.01,9.1,6.6,True,True,0.0492,-0.058,True,True,False,False,False,False,False,False,NORMAL,0.0,,False,False,False,False,False,False,NORMAL,0.0,
543,21.720000,True,0.262,0.01,9.0,6.6,True,True,0.0492,-0.0574,True,True,False,False,False,False,False,False,NORMAL,0.0,,False,False,False,False,False,False,NORMAL,0.0,
544,21.760000,True,0.262,0.01,8.8,6.5,True,True,0.0511,-0.0524,True,True,False,False,False,False,False,False,NORMAL,0.0,,False,False,False,False,False,False,NORMAL,0.0,
545,21.800000,True,0.257,0.01,8.3,6.5,True,True,0.0177,-0.0521,True,True,False,False,False,False,False,False,NORMAL,0.0,,False,False,False,False,False,False,NORMAL,0.0,
546,21.840000,True,0.253,0.009,7.8,6.4,True,True,0.0178,-0.052,True,True,False,False,False,False,False,False,NORMAL,0.0,,False,False,False,False,False,False,NORMAL,0.0,
547,21.880000,True,0.249,0.009,7.4,6.3,True,True,0.0172,-0.0517,True,True,False,False,False,False,False,False,NORMAL,0.0,,False,False,False,False,False,False,NORMAL,0.0,
548,21.920000,True,0.247,0.009,6.9,6.3,True,True,0.0173,-0.0518,True,True,False,False,False,False,False,False,NORMAL,0.0,,False,False,False,False,False,False,NORMAL,0.0,
549,21.960000,True,0.245,0.009,6.6,6.2,True,True,0.0174,-0.0518,True,True,False,False,False,False,False,False,NORMAL,0.0,,False,False,False,False,False,False,NORMAL,0.0,
550,22.000000,True,0.244,0.009,6.3,6.2,True,True,0.0179,-0.0515,True,True,False,False,False,False,False,False,NORMAL,0.0,,False,False,False,False,False,False,NORMAL,0.0,
551,22.040000,True,0.242,0.009,6.0,6.1,True,True,0.0179,-0.0515,True,True,False,False,False,False,False,False,NORMAL,0.0,,False,False,False,False,False,False,NORMAL,0.0,
552,22.080000,True,0.242,0.009,5.8,6.0,True,True,0.0179,-0.0516,True,True,False,False,False,False,False,False,NORMAL,0.0,,False,False,False,False,False,False,NORMAL,0.0,
553,22.120000,True,0.241,0.009,5.5,6.0,True,True,0.0176,-0.0516,True,True,False,False,False,False,False,False,NORMAL,0.0,,False,False,False,False,False,False,NORMAL,0.0,
554,22.160000,True,0.241,0.009,5.3,6.0,True,True,0.0176,-0.0516,True,True,False,False,False,False,False,False,NORMAL,0.0,,False,False,False,False,False,False,NORMAL,0.0,
555,22.200000,True,0.24,0.009,5.1,6.0,True,True,0.0178,-0.0512,True,True,False,False,False,False,False,False,NORMAL,0.0,,False,False,False,False,False,False,NORMAL,0.0,
556,22.240000,True,0.243,0.008,4.6,6.0,True,True,-0.0046,-0.055,True,True,False,False,False,False,False,False,NORMAL,0.0,,False,False,False,False,False,False,NORMAL,0.0,
557,22.280000,True,0.244,0.008,4.2,5.9,True,True,-0.0048,-0.055,True,True,False,False,False,False,False,False,NORMAL,0.0,,False,False,False,False,False,False,NORMAL,0.0,
558,22.320000,True,0.244,0.008,3.9,5.8,True,True,-0.0037,-0.0549,True,True,False,False,False,False,False,False,NORMAL,0.0,,False,False,False,False,False,False,NORMAL,0.0,
559,22.360000,True,0.245,0.007,3.6,5.7,True,True,-0.0036,-0.0551,True,True,False,False,False,False,False,False,NORMAL,0.0,,False,False,False,False,False,False,NORMAL,0.0,
560,22.400000,True,0.246,0.007,3.4,5.7,True,True,-0.0015,-0.0552,True,True,False,False,False,False,False,False,NORMAL,0.0,,False,False,False,False,False,False,NORMAL,0.0,
561,22.440000,True,0.247,0.007,3.2,5.7,True,True,-0.0016,-0.055,True,True,False,False,False,False,False,False,NORMAL,0.0,,False,False,False,False,False,False,NORMAL,0.0,
562,22.480000,True,0.248,0.007,3.1,5.8,True,True,-0.0022,-0.0553,True,True,False,False,False,False,False,False,NORMAL,0.0,,False,False,False,False,False,False,NORMAL,0.0,
563,22.520000,True,0.25,0.007,2.9,5.8,True,True,-0.0023,-0.0552,True,True,False,False,False,False,False,False,NORMAL,0.0,,False,False,False,False,False,False,NORMAL,0.0,
564,22.560000,True,0.251,0.007,2.8,5.8,True,True,-0.0023,-0.0552,True,True,False,False,False,False,False,False,NORMAL,0.0,,False,False,False,False,False,False,NORMAL,0.0,
565,22.600000,True,0.252,0.006,2.7,5.8,True,True,-0.0019,-0.0554,True,True,False,False,False,False,False,False,NORMAL,0.0,,False,False,False,False,False,False,NORMAL,0.0,
566,22.640000,True,0.253,0.006,2.6,5.8,True,True,-0.0019,-0.0554,True,True,False,False,False,False,False,False,NORMAL,0.0,,False,False,False,False,False,False,NORMAL,0.0,
567,22.680000,True,0.254,0.006,2.5,5.8,True,True,-0.0012,-0.0551,True,True,False,False,False,False,False,False,NORMAL,0.0,,False,False,False,False,False,False,NORMAL,0.0,
568,22.720000,True,0.255,0.006,2.4,5.8,True,True,0.0005,-0.0568,True,True,False,False,False,False,False,False,NORMAL,0.0,,False,False,False,False,False,False,NORMAL,0.0,
569,22.760000,True,0.255,0.006,2.3,5.7,True,True,0.0007,-0.0569,True,True,False,False,False,False,False,False,NORMAL,0.0,,False,False,False,False,False,False,NORMAL,0.0,
570,22.800000,True,0.257,0.006,2.2,5.7,True,True,0.0011,-0.0564,True,True,False,False,False,False,False,False,NORMAL,0.0,,False,False,False,False,False,False,NORMAL,0.0,
571,22.840000,True,0.257,0.006,2.1,5.7,True,True,0.0027,-0.057,True,True,False,False,False,False,False,False,NORMAL,0.0,,False,False,False,False,False,False,NORMAL,0.0,
572,22.880000,True,0.258,0.006,2.0,5.7,True,True,0.0022,-0.0568,True,True,False,False,False,False,False,False,NORMAL,0.0,,False,False,False,False,False,False,NORMAL,0.0,
573,22.920000,True,0.259,0.006,2.0,5.7,True,True,0.0025,-0.0566,True,True,False,False,False,False,False,False,NORMAL,0.0,,False,False,False,False,False,False,NORMAL,0.0,
574,22.960000,True,0.259,0.006,1.9,5.7,True,True,0.003,-0.057,True,True,False,False,False,False,False,False,NORMAL,0.0,,False,False,False,False,False,False,NORMAL,0.0,
575,23.000000,True,0.26,0.006,1.8,5.7,True,True,0.003,-0.0569,True,True,False,False,False,False,False,False,NORMAL,0.0,,False,False,False,False,False,False,NORMAL,0.0,
576,23.040000,True,0.26,0.006,1.7,5.6,True,True,0.002,-0.0577,True,True,False,False,False,False,False,False,NORMAL,0.0,,False,False,False,False,False,False,NORMAL,0.0,
577,23.080000,True,0.261,0.006,1.7,5.6,True,True,0.0005,-0.0578,True,True,False,False,False,False,False,False,NORMAL,0.0,,False,False,False,False,False,False,NORMAL,0.0,
578,23.120000,True,0.259,0.005,1.6,5.5,True,True,0.0037,-0.0596,True,True,False,False,False,False,False,False,NORMAL,0.0,,False,False,False,False,False,False,NORMAL,0.0,
579,23.160000,True,0.258,0.005,1.6,5.4,True,True,0.0025,-0.0591,True,True,False,False,False,False,False,False,NORMAL,0.0,,False,False,False,False,False,False,NORMAL,0.0,
580,23.200000,True,0.257,0.005,1.6,5.3,True,True,0.0026,-0.0588,True,True,False,False,False,False,False,False,NORMAL,0.0,,False,False,False,False,False,False,NORMAL,0.0,
581,23.240000,True,0.256,0.005,1.5,5.3,True,True,0.0024,-0.0587,True,True,False,False,False,False,False,False,NORMAL,0.0,,False,False,False,False,False,False,NORMAL,0.0,
582,23.280000,True,0.255,0.005,1.5,5.2,True,True,0.0029,-0.0588,True,True,False,False,False,False,False,False,NORMAL,0.0,,False,False,False,False,False,False,NORMAL,0.0,
583,23.320000,True,0.254,0.005,1.5,5.1,True,True,0.0033,-0.0591,True,True,False,False,False,False,False,False,NORMAL,0.0,,False,False,False,False,False,False,NORMAL,0.0,
584,23.360000,True,0.253,0.005,1.5,5.1,True,True,0.0034,-0.0591,True,True,False,False,False,False,False,False,NORMAL,0.0,,False,False,False,False,False,False,NORMAL,0.0,
585,23.400000,True,0.252,0.005,1.4,5.0,True,True,0.0031,-0.0589,True,True,False,False,False,False,False,False,NORMAL,0.0,,False,False,False,False,False,False,NORMAL,0.0,
586,23.440000,True,0.251,0.005,1.4,4.9,True,True,0.0032,-0.0589,True,True,False,False,False,False,False,False,NORMAL,0.0,,False,False,False,False,False,False,NORMAL,0.0,
587,23.480000,True,0.251,0.005,1.4,4.9,True,True,0.003,-0.0587,True,True,False,False,False,False,False,False,NORMAL,0.0,,False,False,False,False,False,False,NORMAL,0.0,
588,23.520000,True,0.229,0.005,1.4,5.0,True,True,0.0064,-0.0541,True,True,False,False,False,False,False,False,NORMAL,0.0,,False,False,False,False,False,False,NORMAL,0.0,
589,23.560000,True,0.211,0.005,1.4,5.1,True,True,0.0066,-0.0541,True,True,False,False,False,False,False,False,NORMAL,0.0,,False,False,False,False,False,False,NORMAL,0.0,
590,23.600000,True,0.195,0.004,1.4,5.2,True,True,0.0058,-0.0537,True,True,False,False,False,False,False,False,NORMAL,0.0,,False,False,False,False,False,False,NORMAL,0.0,
591,23.640000,True,0.18,0.004,1.3,5.3,True,True,0.0065,-0.0533,True,True,False,False,False,False,False,False,NORMAL,0.0,,False,False,False,False,False,False,NORMAL,0.0,
592,23.680000,True,0.167,0.004,1.3,5.4,True,True,0.005,-0.0526,True,True,False,False,False,False,False,False,NORMAL,0.0,,False,False,False,False,False,False,NORMAL,0.0,
593,23.720000,True,0.155,0.004,1.3,5.5,True,True,0.0055,-0.0524,True,True,False,False,False,False,False,False,NORMAL,0.0,,False,False,False,False,False,False,NORMAL,0.0,
594,23.760000,True,0.144,0.004,1.3,5.5,True,True,0.0053,-0.053,True,True,False,False,False,False,False,False,NORMAL,1.6,,False,False,False,False,False,False,NORMAL,1.6,
595,23.800000,True,0.134,0.004,1.3,5.6,True,True,0.0052,-0.053,True,True,False,False,False,False,False,False,NORMAL,3.1,,False,False,False,False,False,False,NORMAL,3.1,
596,23.840000,True,0.124,0.004,1.2,5.6,True,True,0.0053,-0.052,True,True,False,False,False,False,False,False,NORMAL,4.7,,False,False,False,False,False,False,NORMAL,4.7,
597,23.880000,True,0.115,0.004,1.2,5.7,True,True,0.0068,-0.0527,True,True,False,False,False,False,False,False,NORMAL,6.2,,False,False,False,False,False,False,NORMAL,6.2,
598,23.920000,True,0.107,0.004,1.2,5.7,True,True,0.0067,-0.0533,True,True,False,False,False,False,False,False,NORMAL,7.8,,False,False,False,False,False,False,NORMAL,7.8,
599,23.960000,True,0.099,0.004,1.2,5.7,True,True,0.0068,-0.0531,True,True,False,False,False,False,False,False,NORMAL,9.3,,False,False,False,False,False,False,NORMAL,9.3,
600,24.000000,True,0.093,0.004,1.2,5.8,True,True,0.0064,-0.0533,True,True,False,False,False,False,False,False,NORMAL,10.9,,False,False,False,False,False,False,NORMAL,10.9,
601,24.040000,True,0.087,0.004,1.2,5.8,True,True,0.0065,-0.0532,True,True,False,False,False,False,False,False,NORMAL,12.4,,False,False,False,False,False,False,NORMAL,12.4,
602,24.080000,True,0.082,0.004,1.2,5.8,True,True,0.0064,-0.0532,True,True,False,False,False,False,False,False,NORMAL,14.0,,False,False,False,False,False,False,NORMAL,14.0,
603,24.120000,True,0.077,0.004,1.2,5.9,True,True,0.0068,-0.0531,True,True,False,False,False,False,False,False,NORMAL,15.6,,False,False,False,False,False,False,NORMAL,15.6,
604,24.160000,True,0.072,0.004,1.2,5.9,True,True,0.0067,-0.0532,True,True,False,False,False,False,False,False,NORMAL,17.1,,False,False,False,False,False,False,NORMAL,17.1,
605,24.200000,True,0.068,0.004,1.2,5.9,True,True,0.0067,-0.0532,True,True,False,False,False,False,False,False,NORMAL,18.7,,False,False,False,False,False,False,NORMAL,18.7,
606,24.240000,True,0.064,0.004,1.2,5.9,True,True,0.007,-0.0538,True,True,False,False,False,False,False,False,NORMAL,20.2,,False,False,False,False,False,False,NORMAL,20.2,
607,24.280000,True,0.061,0.004,1.1,6.0,True,True,0.007,-0.0538,True,True,False,False,False,False,False,False,NORMAL,21.8,,False,False,False,False,False,False,NORMAL,21.8,
608,24.320000,True,0.057,0.004,1.1,6.0,True,True,0.009,-0.0544,True,True,False,False,False,False,False,False,NORMAL,23.3,,False,False,False,False,False,False,NORMAL,23.3,
609,24.360000,True,0.052,0.004,1.1,6.0,True,True,0.0081,-0.0538,True,True,False,False,False,False,False,False,NORMAL,24.9,,False,False,False,False,False,False,NORMAL,24.9,
610,24.400000,True,0.049,0.004,1.1,6.0,True,True,0.0075,-0.0527,True,True,False,False,False,False,False,False,NORMAL,26.4,,False,False,False,False,False,False,NORMAL,26.4,
611,24.440000,True,0.045,0.004,1.1,6.0,True,True,0.0072,-0.0533,True,True,False,False,False,False,False,False,NORMAL,28.0,,False,False,False,False,False,False,NORMAL,28.0,
612,24.480000,True,0.042,0.004,1.1,6.1,True,True,0.0071,-0.0533,True,True,False,False,False,False,False,False,NORMAL,29.6,,False,False,False,False,False,False,NORMAL,29.6,
613,24.520000,True,0.039,0.004,1.1,6.1,True,True,0.0071,-0.0534,True,True,False,False,False,False,False,False,NORMAL,31.1,,False,False,False,False,False,False,NORMAL,31.1,
614,24.560000,True,0.037,0.004,1.1,6.1,True,True,0.008,-0.0541,True,True,False,False,False,False,False,False,NORMAL,32.7,,False,False,False,False,False,False,NORMAL,32.7,
615,24.600000,True,0.034,0.004,1.2,6.2,True,True,0.008,-0.0541,True,True,False,False,False,False,False,False,NORMAL,34.2,,False,False,False,False,False,False,NORMAL,34.2,
616,24.640000,True,0.032,0.004,1.2,6.2,True,True,0.0078,-0.0541,True,True,False,False,False,False,False,False,NORMAL,35.8,,False,False,False,False,False,False,NORMAL,35.8,
617,24.680000,True,0.03,0.004,1.2,6.2,True,True,0.0079,-0.0542,True,True,False,False,False,False,False,False,NORMAL,37.3,,False,False,False,False,False,False,NORMAL,37.3,
618,24.720000,True,0.028,0.004,1.2,6.2,True,True,0.0078,-0.0541,True,True,False,False,False,False,False,False,NORMAL,38.9,,False,False,False,False,False,False,NORMAL,38.9,
619,24.760000,True,0.026,0.004,1.2,6.3,True,True,0.008,-0.0543,True,True,False,False,False,False,False,False,WARNING,40.4,,False,False,False,False,False,False,WARNING,40.4,
620,24.800000,True,0.026,0.004,1.2,6.3,True,True,0.0096,-0.0541,True,True,False,False,False,False,False,False,WARNING,42.0,,False,False,False,False,False,False,WARNING,42.0,
621,24.840000,True,0.026,0.004,1.2,6.3,True,True,0.0092,-0.055,True,True,False,False,False,False,False,False,WARNING,43.6,,False,False,False,False,False,False,WARNING,43.6,
622,24.880000,True,0.026,0.004,1.2,6.3,True,True,0.0094,-0.0546,True,True,False,False,False,False,False,False,WARNING,45.1,,False,False,False,False,False,False,WARNING,45.1,
623,24.920000,True,0.026,0.004,1.2,6.3,True,True,0.0103,-0.0547,True,True,False,False,False,False,False,False,WARNING,46.7,,False,False,False,False,False,False,WARNING,46.7,
624,24.960000,True,0.026,0.004,1.2,6.4,True,True,0.0117,-0.0538,True,True,False,False,False,False,False,False,WARNING,48.2,,False,False,False,False,False,False,WARNING,48.2,
625,25.000000,True,0.026,0.004,1.2,6.4,True,True,0.0117,-0.0541,True,True,False,False,False,False,False,False,WARNING,49.8,,False,False,False,False,False,False,WARNING,49.8,
626,25.040000,True,0.025,0.004,1.2,6.4,True,True,0.0111,-0.0539,True,True,False,False,False,False,False,False,WARNING,51.3,,False,False,False,False,False,False,WARNING,51.3,
627,25.080000,True,0.025,0.004,1.2,6.4,True,True,0.0111,-0.0538,True,True,False,False,False,False,False,False,WARNING,52.9,,False,False,False,False,False,False,WARNING,52.9,
628,25.120000,True,0.025,0.004,1.2,6.4,True,True,0.0115,-0.0537,True,True,False,False,False,False,False,False,WARNING,54.4,,False,False,False,False,False,False,WARNING,54.4,
629,25.160000,True,0.025,0.004,1.2,6.4,True,True,0.0114,-0.0535,True,True,False,False,False,False,False,False,WARNING,56.0,,False,False,False,False,False,False,WARNING,56.0,
630,25.200000,True,0.021,0.004,1.2,6.3,True,True,0.009,-0.0597,True,True,False,False,False,False,False,False,WARNING,57.6,,False,False,False,False,False,False,WARNING,57.6,
631,25.240000,True,0.019,0.004,1.1,6.3,True,True,0.0084,-0.0592,True,True,False,False,False,False,False,False,WARNING,59.1,,False,False,False,False,False,False,WARNING,59.1,
632,25.280000,True,0.019,0.004,1.1,6.3,True,True,0.0084,-0.0593,True,True,False,False,False,False,False,False,WARNING,60.7,,False,False,False,False,False,False,WARNING,60.7,
633,25.320000,True,0.019,0.004,1.1,6.3,True,True,0.0082,-0.0592,True,True,False,False,False,False,False,False,WARNING,62.2,,False,False,False,False,False,False,WARNING,62.2,
634,25.360000,True,0.021,0.004,1.1,6.3,True,True,0.0082,-0.0592,True,True,False,False,False,False,False,False,WARNING,63.8,,False,False,False,False,False,False,WARNING,63.8,
635,25.400000,True,0.022,0.004,1.1,6.3,True,True,0.0082,-0.0592,True,True,False,False,False,False,False,False,WARNING,65.3,,False,False,False,False,False,False,WARNING,65.3,
636,25.440000,True,0.024,0.003,1.0,6.2,True,True,0.0081,-0.0593,True,True,False,False,False,False,False,False,WARNING,66.9,,False,False,False,False,False,False,WARNING,66.9,
637,25.480000,True,0.026,0.003,1.0,6.2,True,True,0.0081,-0.0594,True,True,False,False,False,False,False,False,WARNING,68.4,,False,False,False,False,False,False,WARNING,68.4,
638,25.520000,True,0.028,0.003,1.0,6.2,True,True,0.0081,-0.0593,True,True,True,False,False,False,False,False,DANGER,90.0,DROWSINESS_ACUTE,True,False,False,False,False,False,DANGER,90.0,DROWSINESS_ACUTE
639,25.560000,True,0.03,0.003,1.0,6.2,True,True,0.0081,-0.0593,True,True,True,False,False,False,False,False,DANGER,90.0,,True,False,False,False,False,False,DANGER,90.0,
640,25.600000,True,0.032,0.004,1.0,6.2,True,True,0.0126,-0.0598,True,True,True,False,False,False,False,False,DANGER,90.0,,True,False,False,False,False,False,DANGER,90.0,
641,25.640000,True,0.033,0.004,1.0,6.2,True,True,0.0121,-0.0597,True,True,True,False,False,False,False,False,DANGER,90.0,,True,False,False,False,False,False,DANGER,90.0,
642,25.680000,True,0.035,0.005,1.0,6.2,True,True,0.0138,-0.0605,True,True,True,False,False,False,False,False,DANGER,90.0,,True,False,False,False,False,False,DANGER,90.0,
643,25.720000,True,0.036,0.004,1.0,6.3,True,True,0.0156,-0.0632,True,True,True,False,False,False,False,False,DANGER,90.0,,True,False,False,False,False,False,DANGER,90.0,
644,25.760000,True,0.037,0.005,1.0,6.3,True,True,0.0156,-0.0633,True,True,True,False,False,False,False,False,DANGER,90.0,,True,False,False,False,False,False,DANGER,90.0,
645,25.800000,True,0.038,0.005,1.0,6.3,True,True,0.0149,-0.0635,True,True,True,False,False,False,False,False,DANGER,90.0,,True,False,False,False,False,False,DANGER,90.0,
646,25.840000,True,0.039,0.005,1.0,6.3,True,True,0.0149,-0.0634,True,True,True,False,False,False,False,False,DANGER,90.0,,True,False,False,False,False,False,DANGER,90.0,
647,25.880000,True,0.039,0.005,1.0,6.3,True,True,0.0151,-0.0633,True,True,True,False,False,False,False,False,DANGER,90.0,,True,False,False,False,False,False,DANGER,90.0,
648,25.920000,True,0.039,0.005,1.0,6.3,True,True,0.0148,-0.0635,True,True,True,False,False,False,False,False,DANGER,90.0,,True,False,False,False,False,False,DANGER,90.0,
649,25.960000,True,0.039,0.005,1.0,6.3,True,True,0.0147,-0.0635,True,True,True,False,False,False,False,False,DANGER,90.0,,True,False,False,False,False,False,DANGER,90.0,
650,26.000000,True,0.038,0.005,1.1,6.4,True,True,0.0147,-0.0635,True,True,True,False,False,False,False,False,DANGER,90.0,,True,False,False,False,False,False,DANGER,90.0,
651,26.040000,True,0.038,0.006,1.1,6.4,True,True,0.0152,-0.0637,True,True,True,False,False,False,False,False,DANGER,90.0,,True,False,False,False,False,False,DANGER,90.0,
652,26.080000,True,0.038,0.006,1.1,6.4,True,True,0.016,-0.0637,True,True,True,False,False,False,False,False,DANGER,90.0,,True,False,False,False,False,False,DANGER,90.0,
653,26.120000,True,0.038,0.006,1.1,6.3,True,True,0.0228,-0.0658,True,True,True,False,False,False,False,False,DANGER,90.0,,True,False,False,False,False,False,DANGER,90.0,
654,26.160000,True,0.038,0.006,1.1,6.3,True,True,0.0227,-0.066,True,True,True,False,False,False,False,False,DANGER,90.0,,True,False,False,False,False,False,DANGER,90.0,
655,26.200000,True,0.038,0.006,1.1,6.3,True,True,0.0231,-0.0659,True,True,True,False,False,False,False,False,DANGER,90.0,,True,False,False,False,False,False,DANGER,90.0,
656,26.240000,True,0.039,0.006,1.1,6.3,True,True,0.0221,-0.0672,True,True,True,False,False,False,False,False,DANGER,90.0,,True,False,False,False,False,False,DANGER,90.0,
657,26.280000,True,0.039,0.005,1.1,6.3,True,True,0.0229,-0.0673,True,True,True,False,False,False,False,False,DANGER,90.0,,True,False,False,False,False,False,DANGER,90.0,
658,26.320000,True,0.039,0.005,1.1,6.3,True,True,0.0222,-0.0672,True,True,True,False,False,False,False,False,DANGER,90.0,,True,False,False,False,False,False,DANGER,90.0,
659,26.360000,True,0.039,0.005,1.1,6.3,True,True,0.0223,-0.0671,True,True,True,False,False,False,False,False,DANGER,90.0,,True,False,False,False,False,False,DANGER,90.0,
660,26.400000,True,0.04,0.005,1.1,6.3,True,True,0.0222,-0.0673,True,True,True,False,False,False,False,False,DANGER,90.0,,True,False,False,False,False,False,DANGER,90.0,
661,26.440000,True,0.04,0.005,1.1,6.3,True,True,0.0222,-0.0674,True,True,True,False,False,False,False,False,DANGER,90.0,,True,False,False,False,False,False,DANGER,90.0,
662,26.480000,True,0.039,0.004,1.1,6.3,True,True,0.0216,-0.0673,True,True,True,False,False,False,False,False,DANGER,90.0,,True,False,False,False,False,False,DANGER,90.0,
663,26.520000,True,0.038,0.005,1.1,6.2,True,True,0.0193,-0.0745,True,True,True,False,False,False,False,False,DANGER,90.0,,True,False,False,False,False,False,DANGER,90.0,
664,26.560000,True,0.037,0.005,1.1,6.1,True,True,0.0193,-0.0743,True,True,True,False,False,False,False,False,DANGER,90.0,,True,False,False,False,False,False,DANGER,90.0,
665,26.600000,True,0.035,0.005,1.1,6.0,True,True,0.0194,-0.0744,True,True,True,False,False,False,False,False,DANGER,90.0,,True,False,False,False,False,False,DANGER,90.0,
666,26.640000,True,0.034,0.009,1.1,5.9,True,True,0.0285,-0.0785,True,True,True,False,False,False,False,False,DANGER,90.0,,True,False,False,False,False,False,DANGER,90.0,
667,26.680000,True,0.033,0.012,1.2,5.8,True,True,0.029,-0.0784,True,True,True,False,False,False,False,False,DANGER,90.0,,True,False,False,False,False,False,DANGER,90.0,
668,26.720000,True,0.032,0.014,1.2,5.6,True,True,0.0287,-0.0782,True,True,True,False,False,False,False,False,DANGER,90.0,,True,False,False,False,False,False,DANGER,90.0,
669,26.760000,True,0.031,0.015,1.2,5.5,True,True,0.0284,-0.0781,True,True,True,False,False,False,False,False,DANGER,90.0,,True,False,False,False,False,False,DANGER,90.0,
670,26.800000,True,0.031,0.016,1.3,5.4,True,True,0.0284,-0.0782,True,True,True,False,False,False,False,False,DANGER,90.0,,True,False,False,False,False,False,DANGER,90.0,
671,26.840000,True,0.031,0.017,1.3,5.4,True,True,0.0293,-0.0794,True,True,True,False,False,False,False,False,DANGER,90.0,,True,False,False,False,False,False,DANGER,90.0,
672,26.880000,True,0.031,0.016,1.3,5.3,True,True,0.0306,-0.0812,True,True,True,False,False,False,False,False,DANGER,90.0,,True,False,False,False,False,False,DANGER,90.0,
673,26.920000,True,0.03,0.016,1.4,5.2,True,True,0.0295,-0.0812,True,True,True,False,False,False,False,False,DANGER,90.0,,True,False,False,False,False,False,DANGER,90.0,
674,26.960000,True,0.03,0.016,1.4,5.1,True,True,0.0297,-0.0812,True,True,True,False,False,False,False,False,DANGER,90.0,,True,False,False,False,False,False,DANGER,90.0,
675,27.000000,True,0.03,0.017,1.4,5.1,True,True,0.03,-0.0809,True,True,True,False,False,False,False,False,DANGER,90.0,,True,False,False,False,False,False,DANGER,90.0,
676,27.040000,True,0.03,0.017,1.5,5.0,True,True,0.03,-0.0809,True,True,True,False,False,False,False,False,DANGER,90.0,,True,False,False,False,False,False,DANGER,90.0,
677,27.080000,True,0.03,0.017,1.5,5.0,True,True,0.0301,-0.0808,True,True,True,False,False,False,False,False,DANGER,90.0,,True,False,False,False,False,False,DANGER,90.0,
678,27.120000,True,0.031,0.015,1.5,4.9,True,True,0.0278,-0.0824,True,True,True,False,False,False,False,False,DANGER,90.0,,True,False,False,False,False,False,DANGER,90.0,
679,27.160000,True,0.031,0.012,1.5,4.9,True,True,0.0282,-0.0818,True,True,True,False,False,False,False,False,DANGER,90.0,,True,False,False,False,False,False,DANGER,90.0,
680,27.200000,True,0.031,0.01,1.5,4.9,True,True,0.0283,-0.0818,True,True,True,False,False,False,False,False,DANGER,90.0,,True,False,False,False,False,False,DANGER,90.0,
681,27.240000,True,0.032,0.009,1.5,5.0,True,True,0.0281,-0.082,True,True,True,False,False,False,False,False,DANGER,90.0,,True,False,False,False,False,False,DANGER,90.0,
682,27.280000,True,0.033,0.008,1.5,5.0,True,True,0.0281,-0.0819,True,True,True,False,False,False,False,False,DANGER,90.0,,True,False,False,False,False,False,DANGER,90.0,
683,27.320000,True,0.033,0.006,1.6,5.0,True,True,0.0281,-0.082,True,True,True,False,False,False,False,False,DANGER,90.0,,True,False,False,False,False,False,DANGER,90.0,
684,27.360000,True,0.034,0.006,1.6,5.0,True,True,0.0278,-0.082,True,True,True,False,False,False,False,False,DANGER,90.0,,True,False,False,False,False,False,DANGER,90.0,
685,27.400000,True,0.034,0.005,1.6,5.0,True,True,0.0278,-0.082,True,True,True,False,False,False,False,False,DANGER,90.0,,True,False,False,False,False,False,DANGER,90.0,
686,27.440000,True,0.035,0.004,1.6,5.0,True,True,0.0284,-0.0821,True,True,True,False,False,False,False,False,DANGER,90.0,,True,False,False,False,False,False,DANGER,90.0,
687,27.480000,True,0.036,0.004,1.6,5.0,True,True,0.0284,-0.0822,True,True,True,False,False,False,False,False,DANGER,90.0,,True,False,False,False,False,False,DANGER,90.0,
688,27.520000,True,0.04,0.004,1.6,5.0,True,True,0.0266,-0.0809,True,True,True,False,False,False,False,False,DANGER,90.0,,True,False,False,False,False,False,DANGER,90.0,
689,27.560000,True,0.045,0.004,1.6,5.1,True,True,0.0268,-0.081,True,True,True,False,False,False,False,False,DANGER,90.0,,True,False,False,False,False,False,DANGER,90.0,
690,27.600000,True,0.05,0.004,1.6,5.1,True,True,0.0268,-0.0815,True,True,True,False,False,False,False,False,DANGER,90.0,,True,False,False,False,False,False,DANGER,90.0,
691,27.640000,True,0.055,0.004,1.6,5.1,True,True,0.0268,-0.0815,True,True,True,False,False,False,False,False,DANGER,90.0,,True,False,False,False,False,False,DANGER,90.0,
692,27.680000,True,0.06,0.004,1.6,5.1,True,True,0.0268,-0.0815,True,True,True,False,False,False,False,False,DANGER,90.0,,True,False,False,False,False,False,DANGER,90.0,
693,27.720000,True,0.065,0.004,1.6,5.1,True,True,0.0266,-0.0816,True,True,True,False,False,False,False,False,DANGER,90.0,,True,False,False,False,False,False,DANGER,90.0,
694,27.760000,True,0.069,0.004,1.6,5.1,True,True,0.0267,-0.0816,True,True,True,False,False,False,False,False,DANGER,90.0,,True,False,False,False,False,False,DANGER,90.0,
695,27.800000,True,0.074,0.004,1.6,5.1,True,True,0.0269,-0.0817,True,True,True,False,False,False,False,False,DANGER,90.0,,True,False,False,False,False,False,DANGER,90.0,
696,27.840000,True,0.077,0.004,1.6,5.1,True,True,0.0269,-0.0815,True,True,True,False,False,False,False,False,DANGER,90.0,,True,False,False,False,False,False,DANGER,90.0,
697,27.880000,True,0.081,0.004,1.6,5.1,True,True,0.027,-0.0815,True,True,True,False,False,False,False,False,DANGER,90.0,,True,False,False,False,False,False,DANGER,90.0,
698,27.920000,True,0.084,0.004,1.6,5.1,True,True,0.0278,-0.0793,True,True,True,False,False,False,False,False,DANGER,90.0,,True,False,False,False,False,False,DANGER,90.0,
699,27.960000,True,0.087,0.004,1.6,5.1,True,True,0.0278,-0.0794,True,True,True,False,False,False,False,False,DANGER,90.0,,True,False,False,False,False,False,DANGER,90.0,
700,28.000000,True,0.089,0.004,1.6,5.1,True,True,0.0274,-0.0788,True,True,True,False,False,False,False,False,DANGER,90.0,,True,False,False,False,False,False,DANGER,90.0,
701,28.040000,True,0.091,0.004,1.6,5.1,True,True,0.0273,-0.0788,True,True,True,False,False,False,False,False,DANGER,90.0,,True,False,False,False,False,False,DANGER,90.0,
702,28.080000,True,0.094,0.004,1.6,5.1,True,True,0.027,-0.0789,True,True,True,False,False,False,False,False,DANGER,90.0,,True,False,False,False,False,False,DANGER,90.0,
703,28.120000,True,0.095,0.004,1.6,5.1,True,True,0.0269,-0.079,True,True,True,False,False,False,False,False,DANGER,90.0,,True,False,False,False,False,False,DANGER,90.0,
704,28.160000,True,0.097,0.004,1.6,5.1,True,True,0.0286,-0.0762,True,True,True,False,False,False,False,False,DANGER,90.0,,True,False,False,False,False,False,DANGER,90.0,
705,28.200000,True,0.099,0.004,1.6,5.1,True,True,0.0293,-0.0755,True,True,True,False,False,False,False,False,DANGER,90.0,,True,False,False,False,False,False,DANGER,90.0,
706,28.240000,True,0.1,0.004,1.7,5.1,True,True,0.0287,-0.0741,True,True,True,False,False,False,False,False,DANGER,90.0,,True,False,False,False,False,False,DANGER,90.0,
707,28.280000,True,0.102,0.004,1.7,5.2,True,True,0.0285,-0.0741,True,True,True,False,False,False,False,False,DANGER,90.0,,True,False,False,False,False,False,DANGER,90.0,
708,28.320000,True,0.103,0.004,1.7,5.2,True,True,0.0281,-0.0743,True,True,True,False,False,False,False,False,DANGER,90.0,,True,False,False,False,False,False,DANGER,90.0,
709,28.360000,True,0.104,0.004,1.7,5.2,True,True,0.0281,-0.0743,True,True,True,False,False,False,False,False,DANGER,90.0,,True,False,False,False,False,False,DANGER,90.0,
710,28.400000,True,0.102,0.004,1.7,5.2,True,True,0.0242,-0.069,True,True,True,False,False,False,False,False,DANGER,90.0,,True,False,False,False,False,False,DANGER,90.0,
711,28.440000,True,0.101,0.004,1.7,5.3,True,True,0.0247,-0.0686,True,True,True,False,False,False,False,False,DANGER,90.0,,True,False,False,False,False,False,DANGER,90.0,
712,28.480000,True,0.101,0.004,1.7,5.3,True,True,0.0245,-0.0686,True,True,True,False,False,False,False,False,DANGER,90.0,,True,False,False,False,False,False,DANGER,90.0,
713,28.520000,True,0.099,0.004,1.7,5.3,True,True,0.0245,-0.0685,True,True,True,False,False,False,False,False,DANGER,90.0,,True,False,False,False,False,False,DANGER,90.0,
714,28.560000,True,0.099,0.004,1.7,5.4,True,True,0.0244,-0.0683,True,True,True,False,False,False,False,False,DANGER,90.0,,True,False,False,False,False,False,DANGER,90.0,
715,28.600000,True,0.098,0.004,1.7,5.4,True,True,0.0245,-0.0684,True,True,True,False,False,False,False,False,DANGER,90.0,,True,False,False,False,False,False,DANGER,90.0,
716,28.640000,True,0.097,0.004,1.7,5.4,True,True,0.0246,-0.0684,True,True,True,False,False,False,False,False,DANGER,90.0,,True,False,False,False,False,False,DANGER,90.0,
717,28.680000,True,0.096,0.004,1.8,5.5,True,True,0.0245,-0.0689,True,True,True,False,False,False,False,False,DANGER,90.0,,True,False,False,False,False,False,DANGER,90.0,
718,28.720000,True,0.095,0.005,1.8,5.5,True,True,0.0245,-0.0689,True,True,True,False,False,False,False,False,DANGER,90.0,,True,False,False,False,False,False,DANGER,90.0,
719,28.760000,True,0.094,0.005,1.8,5.5,True,True,0.0244,-0.0697,True,True,True,False,False,False,False,False,DANGER,90.0,,True,False,False,False,False,False,DANGER,90.0,
720,28.800000,True,0.091,0.005,1.8,5.6,True,True,0.0233,-0.069,True,True,True,False,False,False,False,False,DANGER,90.0,,True,False,False,False,False,False,DANGER,90.0,
721,28.840000,True,0.089,0.005,1.8,5.6,True,True,0.0236,-0.0685,True,True,True,False,False,False,False,False,DANGER,90.0,,True,False,False,False,False,False,DANGER,90.0,
722,28.880000,True,0.087,0.005,1.8,5.6,True,True,0.0237,-0.0686,True,True,True,False,False,False,False,False,DANGER,90.0,,True,False,False,False,False,False,DANGER,90.0,
723,28.920000,True,0.085,0.005,1.8,5.6,True,True,0.0234,-0.0691,True,True,True,False,False,False,False,False,DANGER,90.0,,True,False,False,False,False,False,DANGER,90.0,
724,28.960000,True,0.083,0.005,1.8,5.6,True,True,0.0234,-0.0691,True,True,True,False,False,False,False,False,DANGER,90.0,,True,False,False,False,False,False,DANGER,90.0,
725,29.000000,True,0.081,0.005,1.8,5.6,True,True,0.0235,-0.0691,True,True,True,False,False,False,False,False,DANGER,90.0,,True,False,False,False,False,False,DANGER,90.0,
726,29.040000,True,0.079,0.005,1.8,5.7,True,True,0.0237,-0.0686,True,True,True,False,False,False,False,False,DANGER,90.0,,True,False,False,False,False,False,DANGER,90.0,
727,29.080000,True,0.077,0.005,1.8,5.7,True,True,0.0236,-0.0685,True,True,True,False,False,False,False,False,DANGER,90.0,,True,False,False,False,False,False,DANGER,90.0,
728,29.120000,True,0.075,0.005,1.8,5.7,True,True,0.024,-0.0672,True,True,True,False,False,False,False,False,DANGER,90.0,,True,False,False,False,False,False,DANGER,90.0,
729,29.160000,True,0.073,0.005,1.9,5.7,True,True,0.0241,-0.0678,True,True,True,False,False,False,False,False,DANGER,90.0,,True,False,False,False,False,False,DANGER,90.0,
730,29.200000,True,0.07,0.005,1.9,5.7,True,True,0.0285,-0.0575,True,True,True,False,False,False,False,False,DANGER,90.0,,True,False,False,False,False,False,DANGER,90.0,
731,29.240000,True,0.066,0.005,1.9,5.8,True,True,0.0283,-0.0576,True,True,True,False,False,False,False,False,DANGER,90.0,,True,False,False,False,False,False,DANGER,90.0,
732,29.280000,True,0.063,0.005,1.9,5.8,True,True,0.0282,-0.0567,True,True,True,False,False,False,False,False,DANGER,90.0,,True,False,False,False,False,False,DANGER,90.0,
733,29.320000,True,0.06,0.005,1.9,5.8,True,True,0.0281,-0.0568,True,True,True,False,False,False,False,False,DANGER,90.0,,True,False,False,False,False,False,DANGER,90.0,
734,29.360000,True,0.057,0.005,1.9,5.8,True,True,0.0283,-0.0573,True,True,True,False,False,False,False,False,DANGER,90.0,,True,False,False,False,False,False,DANGER,90.0,
735,29.400000,True,0.053,0.005,1.9,5.8,True,True,0.0297,-0.058,True,True,True,False,False,False,False,False,DANGER,90.0,,True,False,False,False,False,False,DANGER,90.0,
736,29.440000,True,0.05,0.005,1.9,5.8,True,True,0.0279,-0.0619,True,True,True,False,False,False,False,False,DANGER,90.0,,True,False,False,False,False,False,DANGER,90.0,
737,29.480000,True,0.047,0.005,1.9,5.9,True,True,0.028,-0.062,True,True,True,False,False,False,False,False,DANGER,90.0,,True,False,False,False,False,False,DANGER,90.0,
738,29.520000,True,0.045,0.005,1.9,5.9,True,True,0.0275,-0.0622,True,True,True,False,False,False,False,False,DANGER,90.0,,True,False,False,False,False,False,DANGER,90.0,
739,29.560000,True,0.042,0.005,1.9,5.9,True,True,0.0275,-0.062,True,True,True,False,False,False,False,False,DANGER,90.0,,True,False,False,False,False,False,DANGER,90.0,
740,29.600000,True,0.039,0.005,1.9,5.9,True,True,0.0272,-0.0604,True,True,True,False,False,False,False,False,DANGER,90.0,,True,False,False,False,False,False,DANGER,90.0,
741,29.640000,True,0.036,0.005,1.9,6.0,True,True,0.0283,-0.0592,True,True,True,False,False,False,False,False,DANGER,90.0,,True,False,False,False,False,False,DANGER,90.0,
742,29.680000,True,0.034,0.005,1.9,6.0,True,True,0.0285,-0.0594,True,True,True,False,False,False,False,False,DANGER,90.0,,True,False,False,False,False,False,DANGER,90.0,
743,29.720000,True,0.03,0.005,2.0,6.1,True,True,0.0317,-0.0602,True,True,True,False,False,False,False,False,DANGER,90.0,,True,False,False,False,False,False,DANGER,90.0,
744,29.760000,True,0.028,0.005,2.0,6.1,True,True,0.03,-0.0617,True,True,True,False,False,False,False,False,DANGER,90.0,,True,False,False,False,False,False,DANGER,90.0,
745,29.800000,True,0.027,0.006,2.0,6.1,True,True,0.0306,-0.0611,True,True,True,False,False,False,False,False,DANGER,90.0,,True,False,False,False,False,False,DANGER,90.0,
746,29.840000,True,0.027,0.006,2.0,6.1,True,True,0.0306,-0.0612,True,True,True,False,False,False,False,False,DANGER,90.0,,True,False,False,False,False,False,DANGER,90.0,
747,29.880000,True,0.026,0.006,2.0,6.1,True,True,0.0306,-0.0613,True,True,True,False,False,False,False,False,DANGER,90.0,,True,False,False,False,False,False,DANGER,90.0,
748,29.920000,True,0.026,0.007,2.0,6.2,True,True,0.0308,-0.0612,True,True,True,False,False,False,False,False,DANGER,90.0,,True,False,False,False,False,False,DANGER,90.0,
749,29.960000,True,0.027,0.007,2.0,6.2,True,True,0.0308,-0.0616,True,True,True,False,False,False,False,False,DANGER,90.0,,True,False,False,False,False,False,DANGER,90.0,
750,30.000000,True,0.027,0.007,2.0,6.2,True,True,0.0307,-0.0612,True,True,True,False,False,False,False,False,DANGER,90.0,,True,False,False,False,False,False,DANGER,90.0,
751,30.040000,True,0.028,0.007,2.0,6.2,True,True,0.0305,-0.061,True,True,True,False,False,False,False,False,DANGER,90.0,,True,False,False,False,False,False,DANGER,90.0,
752,30.080000,True,0.029,0.008,2.0,6.2,True,True,0.0298,-0.0605,True,True,True,False,False,False,False,False,DANGER,90.0,,True,False,False,False,False,False,DANGER,90.0,
753,30.120000,True,0.029,0.008,2.0,6.2,True,True,0.0277,-0.0635,True,True,True,False,False,False,False,False,DANGER,90.0,,True,False,False,False,False,False,DANGER,90.0,
754,30.160000,True,0.03,0.008,2.0,6.2,True,True,0.0267,-0.0624,True,True,True,False,False,False,False,False,DANGER,90.0,,True,False,False,False,False,False,DANGER,90.0,
755,30.200000,True,0.031,0.007,2.1,6.3,True,True,0.0263,-0.062,True,True,True,False,False,False,False,False,DANGER,90.0,,True,False,False,False,False,False,DANGER,90.0,
756,30.240000,True,0.032,0.007,2.1,6.3,True,True,0.0265,-0.0619,True,True,True,False,False,False,False,False,DANGER,90.0,,True,False,False,False,False,False,DANGER,90.0,
757,30.280000,True,0.033,0.007,2.1,6.4,True,True,0.0265,-0.0618,True,True,True,False,False,False,False,False,DANGER,90.0,,True,False,False,False,False,False,DANGER,90.0,
758,30.320000,True,0.034,0.007,2.1,6.4,True,True,0.0266,-0.0619,True,True,True,False,False,False,False,False,DANGER,90.0,,True,False,False,False,False,False,DANGER,90.0,
759,30.360000,True,0.035,0.007,2.1,6.4,True,True,0.0265,-0.0616,True,True,True,False,False,False,False,False,DANGER,90.0,,True,False,False,False,False,False,DANGER,90.0,
760,30.400000,True,0.035,0.007,2.1,6.5,True,True,0.0267,-0.0616,True,True,True,False,False,False,False,False,DANGER,90.0,,True,False,False,False,False,False,DANGER,90.0,
761,30.440000,True,0.036,0.007,2.1,6.5,True,True,0.0268,-0.0617,True,True,True,False,False,False,False,False,DANGER,90.0,,True,False,False,False,False,False,DANGER,90.0,
762,30.480000,True,0.037,0.007,2.1,6.5,True,True,0.0266,-0.0618,True,True,True,False,False,False,False,False,DANGER,90.0,,True,False,False,False,False,False,DANGER,90.0,
763,30.520000,True,0.038,0.007,2.1,6.5,True,True,0.0268,-0.0617,True,True,True,False,False,False,False,False,DANGER,90.0,,True,False,False,False,False,False,DANGER,90.0,
764,30.560000,True,0.038,0.007,2.1,6.6,True,True,0.0263,-0.0608,True,True,True,False,False,False,False,False,DANGER,90.0,,True,False,False,False,False,False,DANGER,90.0,
765,30.600000,True,0.039,0.007,2.1,6.6,True,True,0.0253,-0.066,True,True,True,False,False,False,False,False,DANGER,90.0,,True,False,False,False,False,False,DANGER,90.0,
766,30.640000,True,0.04,0.007,2.1,6.6,True,True,0.0256,-0.0659,True,True,True,False,False,False,False,False,DANGER,90.0,,True,False,False,False,False,False,DANGER,90.0,
767,30.680000,True,0.041,0.007,2.1,6.6,True,True,0.0256,-0.0657,True,True,True,False,False,False,False,False,DANGER,90.0,,True,False,False,False,False,False,DANGER,90.0,
768,30.720000,True,0.041,0.008,2.1,6.6,True,True,0.0239,-0.0612,True,True,True,False,False,False,False,False,DANGER,90.0,,True,False,False,False,False,False,DANGER,90.0,
769,30.760000,True,0.041,0.008,2.1,6.6,True,True,0.0239,-0.0613,True,True,True,False,False,False,False,False,DANGER,90.0,,True,False,False,False,False,False,DANGER,90.0,
770,30.800000,True,0.042,0.008,2.1,6.6,True,True,0.0242,-0.0613,True,True,True,False,False,False,False,False,DANGER,90.0,,True,False,False,False,False,False,DANGER,90.0,
771,30.840000,True,0.042,0.008,2.1,6.6,True,True,0.0243,-0.0613,True,True,True,False,False,False,False,False,DANGER,90.0,,True,False,False,False,False,False,DANGER,90.0,
772,30.880000,True,0.042,0.008,2.1,6.7,True,True,0.0243,-0.0612,True,True,True,False,False,False,False,False,DANGER,90.0,,True,False,False,False,False,False,DANGER,90.0,
773,30.920000,True,0.043,0.008,2.1,6.7,True,True,0.0241,-0.0612,True,True,True,False,False,False,False,False,DANGER,90.0,,True,False,False,False,False,False,DANGER,90.0,
774,30.960000,True,0.043,0.008,2.1,6.7,True,True,0.0241,-0.0612,True,True,True,False,False,False,False,False,DANGER,90.0,,True,False,False,False,False,False,DANGER,90.0,
775,31.000000,True,0.043,0.008,2.1,6.7,True,True,0.0241,-0.0612,True,True,True,False,False,False,False,False,DANGER,90.0,,True,False,False,False,False,False,DANGER,90.0,
776,31.040000,True,0.043,0.008,2.1,6.7,True,True,0.0241,-0.0613,True,True,True,False,False,False,False,False,DANGER,90.0,,True,False,False,False,False,False,DANGER,90.0,
777,31.080000,True,0.043,0.008,2.1,6.7,True,True,0.0241,-0.0612,True,True,True,False,False,False,False,False,DANGER,90.0,,True,False,False,False,False,False,DANGER,90.0,
778,31.120000,True,0.044,0.008,2.1,6.7,True,True,0.0287,-0.0549,True,True,True,False,False,False,False,False,DANGER,90.0,,True,False,False,False,False,False,DANGER,90.0,
779,31.160000,True,0.044,0.008,2.1,6.7,True,True,0.0283,-0.0548,True,True,True,False,False,False,False,False,DANGER,90.0,,True,False,False,False,False,False,DANGER,90.0,
780,31.200000,True,0.044,0.008,2.1,6.8,True,True,0.0283,-0.0542,True,True,True,False,False,False,False,False,DANGER,90.0,CHRONIC_FATIGUE,True,False,False,False,False,False,DANGER,90.0,CHRONIC_FATIGUE
781,31.240000,True,0.044,0.008,2.1,6.8,True,True,0.029,-0.0541,True,True,True,False,False,False,False,False,DANGER,90.0,,True,False,False,False,False,False,DANGER,90.0,
782,31.280000,True,0.044,0.008,2.1,6.8,True,True,0.0289,-0.054,True,True,True,False,False,False,False,False,DANGER,90.0,,True,False,False,False,False,False,DANGER,90.0,
783,31.320000,True,0.044,0.007,2.1,6.8,True,True,0.0289,-0.054,True,True,True,False,False,False,False,False,DANGER,90.0,,True,False,False,False,False,False,DANGER,90.0,
784,31.360000,True,0.043,0.007,2.2,6.9,True,True,0.0287,-0.0529,True,True,True,False,False,False,False,False,DANGER,90.0,,True,False,False,False,False,False,DANGER,90.0,
785,31.400000,True,0.043,0.007,2.2,6.9,True,True,0.0302,-0.0541,True,True,True,False,False,False,False,False,DANGER,90.0,,True,False,False,False,False,False,DANGER,90.0,
786,31.440000,True,0.042,0.007,2.2,6.9,True,True,0.0297,-0.0544,True,True,True,False,False,False,False,False,DANGER,90.0,,True,False,False,False,False,False,DANGER,90.0,
787,31.480000,True,0.042,0.007,2.2,7.0,True,True,0.0302,-0.0545,True,True,True,False,False,False,False,False,DANGER,90.0,,True,False,False,False,False,False,DANGER,90.0,
788,31.520000,True,0.042,0.007,2.2,7.0,True,True,0.03,-0.0536,True,True,True,False,False,False,False,False,DANGER,90.0,,True,False,False,False,False,False,DANGER,90.0,
789,31.560000,True,0.042,0.007,2.2,7.1,True,True,0.0303,-0.0537,True,True,True,False,False,False,False,False,DANGER,90.0,,True,False,False,False,False,False,DANGER,90.0,
790,31.600000,True,0.024,0.007,2.2,7.1,True,True,0.0273,-0.0573,True,True,True,False,False,False,False,False,DANGER,90.0,,True,False,False,False,False,False,DANGER,90.0,
791,31.640000,True,0.03,0.007,2.2,7.1,True,True,0.0267,-0.0575,True,True,True,False,False,False,False,False,DANGER,90.0,,True,False,False,False,False,False,DANGER,90.0,
792,31.680000,True,0.047,0.007,2.2,7.0,True,True,0.0269,-0.0574,True,True,True,False,False,False,False,False,DANGER,90.0,,True,False,False,False,False,False,DANGER,90.0,
793,31.720000,True,0.064,0.007,2.2,7.0,True,True,0.0264,-0.057,True,True,True,False,False,False,False,False,DANGER,90.0,,True,False,False,False,False,False,DANGER,90.0,
794,31.760000,True,0.08,0.007,2.2,7.0,True,True,0.0263,-0.0572,True,True,True,False,False,False,False,False,DANGER,90.0,,True,False,False,False,False,False,DANGER,90.0,
795,31.800000,True,0.094,0.007,2.2,7.0,True,True,0.0263,-0.057,True,True,True,False,False,False,False,False,DANGER,90.0,,True,False,False,False,False,False,DANGER,90.0,
796,31.840000,True,0.107,0.007,2.3,6.9,True,True,0.0261,-0.0569,True,True,True,False,False,False,False,False,DANGER,90.0,,True,False,False,False,False,False,DANGER,90.0,
797,31.880000,True,0.118,0.007,2.3,6.9,True,True,0.0266,-0.0565,True,True,True,False,False,False,False,False,DANGER,90.0,,True,False,False,False,False,False,DANGER,90.0,
798,31.920000,True,0.13,0.007,2.3,6.8,True,True,0.0268,-0.0566,True,True,True,False,False,False,False,False,DANGER,90.0,,True,False,False,False,False,False,DANGER,90.0,
799,31.960000,True,0.139,0.007,2.3,6.8,True,True,0.026,-0.0565,True,True,True,False,False,False,False,False,DANGER,90.0,,True,False,False,False,False,False,DANGER,90.0,
800,32.000000,True,0.15,0.011,2.2,6.7,True,True,0.0265,-0.0631,True,True,True,False,False,False,False,False,DANGER,90.0,,True,False,False,False,False,False,DANGER,90.0,
801,32.040000,True,0.161,0.011,2.2,6.6,True,True,0.0258,-0.0638,True,True,False,False,False,False,False,False,DANGER,88.9,,False,False,False,False,False,False,DANGER,88.9,
802,32.080000,True,0.171,0.012,2.1,6.5,True,True,0.0257,-0.0637,True,True,False,False,False,False,False,False,DANGER,87.9,,False,False,False,False,False,False,DANGER,87.9,
803,32.120000,True,0.181,0.012,2.1,6.4,True,True,0.0252,-0.0632,True,True,False,False,False,False,False,False,DANGER,86.8,,False,False,False,False,False,False,DANGER,86.8,
804,32.160000,True,0.189,0.013,2.1,6.4,True,True,0.025,-0.0629,True,True,False,False,False,False,False,False,DANGER,85.8,,False,False,False,False,False,False,DANGER,85.8,
805,32.200000,True,0.196,0.013,2.1,6.3,True,True,0.0251,-0.0631,True,True,False,False,False,False,False,False,DANGER,84.8,,False,False,False,False,False,False,DANGER,84.8,
806,32.240000,True,0.203,0.014,2.0,6.3,True,True,0.025,-0.0638,True,True,False,False,False,False,False,False,DANGER,83.7,,False,False,False,False,False,False,DANGER,83.7,
807,32.280000,True,0.209,0.014,2.0,6.2,True,True,0.0249,-0.0635,True,True,False,False,False,False,False,False,DANGER,82.7,,False,False,False,False,False,False,DANGER,82.7,
808,32.320000,True,0.214,0.015,2.0,6.2,True,True,0.0251,-0.0634,True,True,False,False,False,False,False,False,DANGER,81.8,,False,False,False,False,False,False,DANGER,81.8,
809,32.360000,True,0.219,0.015,2.0,6.1,True,True,0.0254,-0.0635,True,True,False,False,False,False,False,False,DANGER,80.8,,False,False,False,False,False,False,DANGER,80.8,
810,32.400000,True,0.21,0.015,2.0,6.1,True,True,0.0282,-0.0564,True,True,False,False,False,False,False,False,DANGER,79.8,,False,False,False,False,False,False,DANGER,79.8,
811,32.440000,True,0.201,0.015,2.0,6.1,True,True,0.0285,-0.0562,True,True,False,False,False,False,False,False,DANGER,78.9,,False,False,False,False,False,False,DANGER,78.9,
812,32.480000,True,0.192,0.014,2.0,6.1,True,True,0.0284,-0.0553,True,True,False,False,False,False,False,False,DANGER,77.9,,False,False,False,False,False,False,DANGER,77.9,
813,32.520000,True,0.182,0.014,2.0,6.1,True,True,0.0284,-0.0554,True,True,False,False,False,False,False,False,DANGER,77.0,,False,False,False,False,False,False,DANGER,77.0,
814,32.560000,True,0.174,0.014,2.0,6.1,True,True,0.0287,-0.0552,True,True,False,False,False,False,False,False,DANGER,76.1,,False,False,False,False,False,False,DANGER,76.1,
815,32.600000,True,0.166,0.014,2.0,6.1,True,True,0.0281,-0.0552,True,True,False,False,False,False,False,False,DANGER,75.2,,False,False,False,False,False,False,DANGER,75.2,
816,32.640000,True,0.157,0.013,2.0,6.1,True,True,0.0281,-0.0548,True,True,False,False,False,False,False,False,DANGER,74.3,,False,False,False,False,False,False,DANGER,74.3,
817,32.680000,True,0.149,0.013,2.0,6.1,True,True,0.0282,-0.0547,True,True,False,False,False,False,False,False,DANGER,73.4,,False,False,False,False,False,False,DANGER,73.4,
818,32.720000,True,0.143,0.013,2.0,6.1,True,True,0.0286,-0.0546,True,True,False,False,False,False,False,False,DANGER,72.5,,False,False,False,False,False,False,DANGER,72.5,
819,32.760000,True,0.136,0.012,2.0,6.1,True,True,0.0284,-0.0547,True,True,False,False,False,False,False,False,DANGER,71.7,,False,False,False,False,False,False,DANGER,71.7,
820,32.800000,True,0.13,0.012,2.0,6.1,True,True,0.0281,-0.0546,True,True,False,False,False,False,False,False,DANGER,70.8,,False,False,False,False,False,False,DANGER,70.8,
821,32.840000,True,0.125,0.012,2.0,6.1,True,True,0.0281,-0.0551,True,True,False,False,False,False,False,False,WARNING,70.0,,False,False,False,False,False,False,WARNING,70.0,
822,32.880000,True,0.12,0.012,2.0,6.1,True,True,0.0281,-0.055,True,True,False,False,False,False,False,False,WARNING,69.1,,False,False,False,False,False,False,WARNING,69.1,
823,32.920000,True,0.115,0.012,2.0,6.1,True,True,0.0289,-0.0551,True,True,False,False,False,False,False,False,WARNING,68.3,,False,False,False,False,False,False,WARNING,68.3,
824,32.960000,True,0.111,0.011,2.0,6.1,True,True,0.0283,-0.0553,True,True,False,False,False,False,False,False,WARNING,67.5,,False,False,False,False,False,False,WARNING,67.5,
825,33.000000,True,0.124,0.012,2.0,6.1,True,True,0.0248,-0.0572,True,True,False,False,False,False,False,False,WARNING,66.7,,False,False,False,False,False,False,WARNING,66.7,
826,33.040000,True,0.135,0.011,2.0,6.0,True,True,0.0243,-0.0571,True,True,False,False,False,False,False,False,WARNING,65.9,,False,False,False,False,False,False,WARNING,65.9,
827,33.080000,True,0.145,0.011,2.0,6.0,True,True,0.0248,-0.0575,True,True,False,False,False,False,False,False,WARNING,65.1,,False,False,False,False,False,False,WARNING,65.1,
828,33.120000,True,0.154,0.011,2.0,5.9,True,True,0.0246,-0.0575,True,True,False,False,False,False,False,False,WARNING,64.3,,False,False,False,False,False,False,WARNING,64.3,
829,33.160000,True,0.162,0.011,2.0,5.9,True,True,0.0247,-0.0574,True,True,False,False,False,False,False,False,WARNING,63.5,,False,False,False,False,False,False,WARNING,63.5,
830,33.200000,True,0.169,0.011,2.0,5.8,True,True,0.0246,-0.0574,True,True,False,False,False,False,False,False,WARNING,62.8,,False,False,False,False,False,False,WARNING,62.8,
831,33.240000,True,0.176,0.011,2.0,5.8,True,True,0.0246,-0.0574,True,True,False,False,False,False,False,False,WARNING,62.0,,False,False,False,False,False,False,WARNING,62.0,
832,33.280000,True,0.182,0.011,2.0,5.7,True,True,0.0252,-0.0547,True,True,False,False,False,False,False,False,WARNING,61.3,,False,False,False,False,False,False,WARNING,61.3,
833,33.320000,True,0.188,0.011,2.0,5.7,True,True,0.0264,-0.0546,True,True,False,False,False,False,False,False,WARNING,60.6,,False,False,False,False,False,False,WARNING,60.6,
834,33.360000,True,0.194,0.011,2.0,5.6,True,True,0.0258,-0.0533,True,True,False,False,False,False,False,False,WARNING,59.8,,False,False,False,False,False,False,WARNING,59.8,
835,33.400000,True,0.2,0.01,2.0,5.6,True,True,0.0234,-0.0536,True,True,False,False,False,False,False,False,WARNING,59.1,,False,False,False,False,False,False,WARNING,59.1,
836,33.440000,True,0.205,0.01,2.0,5.6,True,True,0.022,-0.0538,True,True,False,False,False,False,False,False,WARNING,58.4,,False,False,False,False,False,False,WARNING,58.4,
837,33.480000,True,0.21,0.01,2.0,5.6,True,True,0.0224,-0.0542,True,True,False,False,False,False,False,False,WARNING,57.7,,False,False,False,False,False,False,WARNING,57.7,
838,33.520000,True,0.213,0.011,2.0,5.7,True,True,0.0276,-0.0479,True,True,False,False,False,False,False,False,WARNING,57.1,,False,False,False,False,False,False,WARNING,57.1,
839,33.560000,True,0.216,0.011,2.0,5.7,True,True,0.027,-0.0479,True,True,False,False,False,False,False,False,WARNING,57.0,,False,False,False,False,False,False,WARNING,57.0,
840,33.600000,True,0.218,0.012,2.0,5.7,True,True,0.0275,-0.0472,True,True,False,False,False,False,False,False,WARNING,57.0,,False,False,False,False,False,False,WARNING,57.0,
841,33.640000,True,0.214,0.013,2.1,5.8,True,True,0.0389,-0.047,True,True,False,False,False,False,False,False,WARNING,56.9,,False,False,False,False,False,False,WARNING,56.9,
842,33.680000,True,0.213,0.013,2.2,5.8,True,True,0.038,-0.0475,True,True,False,False,False,False,False,False,WARNING,56.8,,False,False,False,False,False,False,WARNING,56.8,
843,33.720000,True,0.211,0.014,2.3,5.8,True,True,0.0374,-0.0462,True,True,False,False,False,False,False,False,WARNING,56.7,,False,False,False,False,False,False,WARNING,56.7,
844,33.760000,True,0.208,0.014,2.3,5.8,True,True,0.0372,-0.0458,True,True,False,False,False,False,False,False,WARNING,56.7,,False,False,False,False,False,False,WARNING,56.7,
845,33.800000,True,0.205,0.014,2.4,5.8,True,True,0.0373,-0.0463,True,True,False,False,False,False,False,False,WARNING,56.6,,False,False,False,False,False,False,WARNING,56.6,
846,33.840000,True,0.178,0.016,2.9,6.0,True,True,0.0656,-0.0391,True,True,False,False,False,False,False,False,WARNING,56.5,,False,False,False,False,False,False,WARNING,56.5,
847,33.880000,True,0.157,0.017,3.4,6.1,True,True,0.0657,-0.039,True,True,False,False,False,False,False,False,WARNING,56.7,,False,False,False,False,False,False,WARNING,56.7,
848,33.920000,True,0.141,0.019,3.7,6.2,True,True,0.0658,-0.0385,True,True,False,False,False,False,False,False,WARNING,56.9,,False,False,False,False,False,False,WARNING,56.9,
849,33.960000,True,0.127,0.02,4.1,6.3,True,True,0.0671,-0.0377,True,True,False,False,False,False,False,False,WARNING,57.1,,False,False,False,False,False,False,WARNING,57.1,
850,34.000000,True,0.155,0.019,8.7,7.4,True,True,0.1643,-0.017,True,True,False,False,False,False,False,False,WARNING,57.3,,False,False,False,False,False,False,WARNING,57.3,
851,34.040000,True,0.182,0.019,11.7,8.3,True,True,0.1645,-0.017,True,True,False,False,False,False,False,False,WARNING,57.2,,False,False,False,False,False,False,WARNING,57.2,
852,34.080000,True,0.205,0.018,13.7,8.8,True,True,0.1654,-0.0179,True,True,False,False,False,False,False,False,WARNING,57.1,,False,False,False,False,False,False,WARNING,57.1,
853,34.120000,True,0.236,0.019,17.4,9.5,True,True,0.2164,-0.0159,True,True,False,False,False,False,False,False,WARNING,57.0,,False,False,False,False,False,False,WARNING,57.0,
854,34.160000,True,0.263,0.018,19.8,9.9,True,True,0.2168,-0.0164,True,True,False,False,False,False,False,False,WARNING,57.0,,False,False,False,False,False,False,WARNING,57.0,
855,34.200000,True,0.281,0.018,21.4,10.1,True,True,0.2164,-0.0162,True,True,False,False,False,False,False,False,WARNING,56.9,,False,False,False,False,False,False,WARNING,56.9,
856,34.240000,True,0.294,0.017,22.4,10.3,True,True,0.2174,-0.0161,True,True,False,False,False,False,False,False,WARNING,56.8,,False,False,False,False,False,False,WARNING,56.8,
857,34.280000,True,0.304,0.017,23.1,10.4,True,True,0.2175,-0.016,True,True,False,False,False,False,False,False,WARNING,56.7,,False,False,False,False,False,False,WARNING,56.7,
858,34.320000,True,0.236,0.015,21.7,10.5,True,True,0.1738,-0.0147,True,True,False,False,False,False,False,False,WARNING,56.7,,False,False,False,False,False,False,WARNING,56.7,
859,34.360000,True,0.186,0.014,20.8,10.8,True,True,0.1726,-0.0161,True,True,False,False,False,False,False,False,WARNING,56.6,,False,False,False,False,False,False,WARNING,56.6,
860,34.400000,True,0.15,0.013,20.2,11.1,True,True,0.1718,-0.0161,True,True,False,False,False,False,False,False,WARNING,56.8,,False,False,False,False,False,False,WARNING,56.8,
861,34.440000,True,0.159,0.012,19.4,10.9,True,True,0.0425,-0.0196,True,True,False,False,False,False,False,False,WARNING,57.0,,False,False,False,False,False,False,WARNING,57.0,
862,34.480000,True,0.17,0.013,18.8,10.9,True,True,0.043,-0.0194,True,True,False,False,False,False,False,False,WARNING,56.9,,False,False,False,False,False,False,WARNING,56.9,
863,34.520000,True,0.181,0.016,18.3,10.8,True,True,0.0437,-0.0195,True,True,False,False,False,False,False,False,WARNING,56.8,,False,False,False,False,False,False,WARNING,56.8,
864,34.560000,True,0.191,0.018,17.7,10.7,True,True,0.0429,-0.02,True,True,False,False,False,False,False,False,WARNING,56.8,,False,False,False,False,False,False,WARNING,56.8,
865,34.600000,True,0.181,0.015,15.0,10.7,True,True,-0.0026,-0.0318,True,True,False,False,False,False,False,False,WARNING,56.7,,False,False,False,False,False,False,WARNING,56.7,
866,34.640000,True,0.175,0.014,12.9,10.8,True,True,-0.0025,-0.0321,True,True,False,False,False,False,False,False,WARNING,56.6,,False,False,False,False,False,False,WARNING,56.6,
867,34.680000,True,0.17,0.013,11.3,10.9,True,True,-0.0029,-0.0314,True,True,False,False,False,False,False,False,WARNING,56.5,,False,False,False,False,False,False,WARNING,56.5,
868,34.720000,True,0.167,0.013,10.0,11.0,True,True,-0.0026,-0.0316,True,True,False,False,False,False,False,False,WARNING,56.5,,False,False,False,False,False,False,WARNING,56.5,
869,34.760000,True,0.165,0.012,8.9,11.2,True,True,-0.0027,-0.0317,True,True,False,False,False,False,False,False,WARNING,56.4,,False,False,False,False,False,False,WARNING,56.4,
870,34.800000,True,0.163,0.012,8.0,11.3,True,True,-0.0023,-0.0324,True,True,False,False,False,False,False,False,WARNING,56.3,,False,False,False,False,False,False,WARNING,56.3,
871,34.840000,True,0.162,0.012,7.2,11.4,True,True,-0.0023,-0.0324,True,True,False,False,False,False,False,False,WARNING,56.3,,False,False,False,False,False,False,WARNING,56.3,
872,34.880000,True,0.161,0.012,6.6,11.5,True,True,-0.0022,-0.0324,True,True,False,False,False,False,False,False,WARNING,56.2,,False,False,False,False,False,False,WARNING,56.2,
873,34.920000,True,0.161,0.012,6.0,11.5,True,True,-0.002,-0.0323,True,True,False,False,False,False,False,False,WARNING,56.1,,False,False,False,False,False,False,WARNING,56.1,
874,34.960000,True,0.16,0.012,5.6,11.6,True,True,-0.002,-0.0323,True,True,False,False,False,False,False,False,WARNING,56.0,,False,False,False,False,False,False,WARNING,56.0,
875,35.000000,True,0.16,0.012,5.2,11.6,True,True,-0.0021,-0.0323,True,True,False,False,False,False,False,False,WARNING,56.0,,False,False,False,False,False,False,WARNING,56.0,
876,35.040000,True,0.16,0.012,4.8,11.7,True,True,-0.0018,-0.0317,True,True,False,False,False,False,False,False,WARNING,55.9,,False,False,False,False,False,False,WARNING,55.9,
877,35.080000,True,0.161,0.012,4.5,11.7,True,True,-0.0019,-0.0316,True,True,False,False,False,False,False,False,WARNING,55.8,,False,False,False,False,False,False,WARNING,55.8,
878,35.120000,True,0.163,0.011,4.0,11.4,True,True,-0.019,-0.0327,True,True,False,False,False,False,False,False,WARNING,55.8,,False,False,False,False,False,False,WARNING,55.8,
879,35.160000,True,0.167,0.011,3.7,11.1,True,True,-0.0185,-0.0326,True,True,False,False,False,False,False,False,WARNING,55.7,,False,False,False,False,False,False,WARNING,55.7,
880,35.200000,True,0.172,0.01,3.3,10.8,True,True,-0.0177,-0.0344,True,True,False,False,False,False,False,False,WARNING,55.6,,False,False,False,False,False,False,WARNING,55.6,
881,35.240000,True,0.177,0.01,2.9,10.6,True,True,-0.0188,-0.0334,True,True,False,False,False,False,False,False,WARNING,55.6,,False,False,False,False,False,False,WARNING,55.6,
882,35.280000,True,0.182,0.009,2.6,10.4,True,True,-0.0199,-0.0341,True,True,False,False,False,False,False,False,WARNING,55.5,,False,False,False,False,False,False,WARNING,55.5,
883,35.320000,True,0.188,0.009,2.3,10.1,True,True,-0.0197,-0.0342,True,True,False,False,False,False,False,False,WARNING,55.4,,False,False,False,False,False,False,WARNING,55.4,
884,35.360000,True,0.194,0.009,2.0,9.9,True,True,-0.0187,-0.0339,True,True,False,False,False,False,False,False,WARNING,55.4,,False,False,False,False,False,False,WARNING,55.4,
885,35.400000,True,0.2,0.008,1.8,9.7,True,True,-0.0188,-0.0339,True,True,False,False,False,False,False,False,WARNING,55.3,,False,False,False,False,False,False,WARNING,55.3,
886,35.440000,True,0.205,0.008,1.5,9.5,True,True,-0.0193,-0.0337,True,True,False,False,False,False,False,False,WARNING,55.2,,False,False,False,False,False,False,WARNING,55.2,
887,35.480000,True,0.21,0.008,1.3,9.3,True,True,-0.0191,-0.034,True,True,False,False,False,False,False,False,WARNING,55.2,,False,False,False,False,False,False,WARNING,55.2,
888,35.520000,True,0.217,0.008,1.0,9.1,True,True,-0.0222,-0.038,True,True,False,False,False,False,False,False,WARNING,55.1,,False,False,False,False,False,False,WARNING,55.1,
889,35.560000,True,0.227,0.008,0.8,8.9,True,True,-0.0224,-0.0376,True,True,False,False,False,False,False,False,WARNING,55.0,,False,False,False,False,False,False,WARNING,55.0,
890,35.600000,True,0.234,0.007,0.7,8.8,True,True,-0.0225,-0.0378,True,True,False,False,False,False,False,False,WARNING,55.0,,False,False,False,False,False,False,WARNING,55.0,
891,35.640000,True,0.242,0.007,0.5,8.7,True,True,-0.0225,-0.0378,True,True,False,False,False,False,False,False,WARNING,54.9,,False,False,False,False,False,False,WARNING,54.9,
892,35.680000,True,0.25,0.007,0.4,8.5,True,True,-0.0225,-0.0378,True,True,False,False,False,False,False,False,WARNING,54.8,,False,False,False,False,False,False,WARNING,54.8,
893,35.720000,True,0.257,0.007,0.2,8.4,True,True,-0.0225,-0.0379,True,True,False,False,False,False,False,False,WARNING,54.8,,False,False,False,False,False,False,WARNING,54.8,
894,35.760000,True,0.263,0.007,0.1,8.3,True,True,-0.0225,-0.0378,True,True,False,False,False,False,False,False,WARNING,54.7,,False,False,False,False,False,False,WARNING,54.7,
895,35.800000,True,0.269,0.007,-0.0,8.2,True,True,-0.0225,-0.0378,True,True,False,False,False,False,False,False,WARNING,54.6,,False,False,False,False,False,False,WARNING,54.6,
896,35.840000,True,0.275,0.007,-0.2,8.0,True,True,-0.0246,-0.0368,True,True,False,False,False,False,False,False,WARNING,54.6,,False,False,False,False,False,False,WARNING,54.6,
897,35.880000,True,0.28,0.007,-0.3,7.9,True,True,-0.0247,-0.0367,True,True,False,False,False,False,False,False,WARNING,54.5,,False,False,False,False,False,False,WARNING,54.5,
898,35.920000,True,0.285,0.007,-0.4,7.7,True,True,-0.0245,-0.0367,True,True,False,False,False,False,False,False,WARNING,54.4,,False,False,False,False,False,False,WARNING,54.4,
899,35.960000,True,0.289,0.007,-0.6,7.6,True,True,-0.0246,-0.0368,True,True,False,False,False,False,False,False,WARNING,54.4,,False,False,False,False,False,False,WARNING,54.4,
900,36.000000,True,0.293,0.007,-0.6,7.6,True,True,-0.0176,-0.0455,True,True,False,False,False,False,False,False,WARNING,54.3,,False,False,False,False,False,False,WARNING,54.3,
901,36.040000,True,0.296,0.007,-0.6,7.5,True,True,-0.0178,-0.0455,True,True,False,False,False,False,False,False,WARNING,54.2,,False,False,False,False,False,False,WARNING,54.2,
902,36.080000,True,0.299,0.007,-0.6,7.5,True,True,-0.0183,-0.0453,True,True,False,False,False,False,False,False,WARNING,54.2,,False,False,False,False,False,False,WARNING,54.2,
903,36.120000,True,0.301,0.007,-0.6,7.4,True,True,-0.0184,-0.0455,True,True,False,False,False,False,False,False,WARNING,54.1,,False,False,False,False,False,False,WARNING,54.1,
904,36.160000,True,0.304,0.007,-0.6,7.4,True,True,-0.0189,-0.045,True,True,False,False,False,False,False,False,WARNING,54.0,,False,False,False,False,False,False,WARNING,54.0,
905,36.200000,True,0.306,0.007,-0.7,7.3,True,True,-0.019,-0.0449,True,True,False,False,False,False,False,False,WARNING,54.0,,False,False,False,False,False,False,WARNING,54.0,
906,36.240000,True,0.309,0.007,-0.7,7.3,True,True,-0.0189,-0.0451,True,True,False,False,False,False,False,False,WARNING,53.9,,False,False,False,False,False,False,WARNING,53.9,
907,36.280000,True,0.31,0.007,-0.7,7.3,True,True,-0.0188,-0.0453,True,True,False,False,False,False,False,False,WARNING,53.9,,False,False,False,False,False,False,WARNING,53.9,
908,36.320000,True,0.312,0.007,-0.8,7.3,True,True,-0.0184,-0.0448,True,True,False,False,False,False,False,False,WARNING,53.8,,False,False,False,False,False,False,WARNING,53.8,
909,36.360000,True,0.314,0.007,-0.8,7.2,True,True,-0.0176,-0.0452,True,True,False,False,False,False,False,False,WARNING,53.7,,False,False,False,False,False,False,WARNING,53.7,
910,36.400000,True,0.315,0.007,-0.8,7.2,True,True,-0.0134,-0.048,True,True,False,False,False,False,False,False,WARNING,53.7,,False,False,False,False,False,False,WARNING,53.7,
911,36.440000,True,0.317,0.007,-0.8,7.2,True,True,-0.0132,-0.0475,True,True,False,False,False,False,False,False,WARNING,53.6,,False,False,False,False,False,False,WARNING,53.6,
912,36.480000,True,0.318,0.007,-0.8,7.2,True,True,-0.0097,-0.0472,True,True,False,False,False,False,False,False,WARNING,53.5,,False,False,False,False,False,False,WARNING,53.5,
913,36.520000,True,0.319,0.007,-0.8,7.2,True,True,-0.0097,-0.0466,True,True,False,False,False,False,False,False,WARNING,53.5,,False,False,False,False,False,False,WARNING,53.5,
914,36.560000,True,0.32,0.007,-0.8,7.2,True,True,-0.0113,-0.0455,True,True,False,False,False,False,False,False,WARNING,53.4,,False,False,False,False,False,False,WARNING,53.4,
915,36.600000,True,0.321,0.007,-0.8,7.2,True,True,-0.011,-0.0455,True,True,False,False,False,False,False,False,WARNING,53.3,,False,False,False,False,False,False,WARNING,53.3,
916,36.640000,True,0.322,0.007,-0.9,7.1,True,True,-0.0111,-0.0453,True,True,False,False,False,False,False,False,WARNING,53.3,,False,False,False,False,False,False,WARNING,53.3,
917,36.680000,True,0.322,0.007,-0.9,7.1,True,True,-0.011,-0.0454,True,True,False,False,False,False,False,False,WARNING,53.2,,False,False,False,False,False,False,WARNING,53.2,
918,36.720000,True,0.323,0.007,-0.9,7.1,True,True,-0.011,-0.0455,True,True,False,False,False,False,False,False,WARNING,53.2,,False,False,False,False,False,False,WARNING,53.2,
919,36.760000,True,0.324,0.007,-1.0,7.0,True,True,-0.0108,-0.0452,True,True,False,False,False,False,False,False,WARNING,53.1,,False,False,False,False,False,False,WARNING,53.1,
920,36.800000,True,0.325,0.007,-1.0,7.0,True,True,-0.0109,-0.045,True,True,False,False,False,False,False,False,WARNING,53.0,,False,False,False,False,False,False,WARNING,53.0,
921,36.840000,True,0.325,0.007,-1.0,7.0,True,True,-0.0093,-0.0459,True,True,False,False,False,False,False,False,WARNING,53.0,,False,False,False,False,False,False,WARNING,53.0,
922,36.880000,True,0.325,0.007,-0.9,7.1,True,True,-0.0089,-0.0463,True,True,False,False,False,False,False,False,WARNING,52.9,,False,False,False,False,False,False,WARNING,52.9,
923,36.920000,True,0.324,0.007,-0.9,7.1,True,True,-0.0091,-0.0469,True,True,False,False,False,False,False,False,WARNING,52.9,,False,False,False,False,False,False,WARNING,52.9,
924,36.960000,True,0.324,0.007,-0.9,7.1,True,True,-0.009,-0.047,True,True,False,False,False,False,False,False,WARNING,52.8,,False,False,False,False,False,False,WARNING,52.8,
925,37.000000,True,0.324,0.007,-0.9,7.1,True,True,-0.0092,-0.0471,True,True,False,False,False,False,False,False,WARNING,52.7,,False,False,False,False,False,False,WARNING,52.7,
926,37.040000,True,0.324,0.007,-0.9,7.1,True,True,-0.0092,-0.047,True,True,False,False,False,False,False,False,WARNING,52.7,,False,False,False,False,False,False,WARNING,52.7,
927,37.080000,True,0.323,0.007,-0.9,7.1,True,True,-0.0084,-0.0472,True,True,False,False,False,False,False,False,WARNING,52.6,,False,False,False,False,False,False,WARNING,52.6,
928,37.120000,True,0.323,0.007,-0.9,7.2,True,True,-0.005,-0.0443,True,True,False,False,False,False,False,False,WARNING,52.5,,False,False,False,False,False,False,WARNING,52.5,
929,37.160000,True,0.323,0.007,-0.9,7.2,True,True,-0.0045,-0.0441,True,True,False,False,False,False,False,False,WARNING,52.5,,False,False,False,False,False,False,WARNING,52.5,
930,37.200000,True,0.323,0.007,-0.9,7.2,True,True,-0.0046,-0.0438,True,True,False,False,False,False,False,False,WARNING,52.4,,False,False,False,False,False,False,WARNING,52.4,
931,37.240000,True,0.323,0.007,-0.9,7.2,True,True,-0.0047,-0.044,True,True,False,False,False,False,False,False,WARNING,52.4,,False,False,False,False,False,False,WARNING,52.4,
932,37.280000,True,0.323,0.007,-0.9,7.2,True,True,-0.0047,-0.044,True,True,False,False,False,False,False,False,WARNING,52.3,,False,False,False,False,False,False,WARNING,52.3,
933,37.320000,True,0.326,0.007,-1.2,7.2,True,True,-0.0285,-0.0441,True,True,False,False,False,False,False,False,WARNING,52.2,,False,False,False,False,False,False,WARNING,52.2,
934,37.360000,True,0.329,0.007,-1.5,7.2,True,True,-0.0276,-0.044,True,True,False,False,False,False,False,False,WARNING,52.2,,False,False,False,False,False,False,WARNING,52.2,
935,37.400000,True,0.331,0.007,-1.7,7.2,True,True,-0.0275,-0.0436,True,True,False,False,False,False,False,False,WARNING,52.1,,False,False,False,False,False,False,WARNING,52.1,
936,37.440000,True,0.347,0.008,-9.1,6.0,True,True,-0.155,-0.0592,True,True,False,False,False,False,False,False,WARNING,52.1,,False,False,False,False,False,False,WARNING,52.1,
937,37.480000,True,0.36,0.008,-13.2,5.6,True,True,-0.1543,-0.0587,True,True,False,False,False,False,False,False,WARNING,52.0,,False,False,False,False,False,False,WARNING,52.0,
938,37.520000,True,0.366,0.008,-15.7,5.3,True,True,-0.155,-0.0585,True,True,False,False,False,False,False,False,WARNING,51.9,,False,False,False,False,False,False,WARNING,51.9,
939,37.560000,True,0.368,0.008,-17.3,5.2,True,True,-0.1542,-0.0585,True,True,False,False,False,False,False,False,WARNING,51.9,,False,False,False,False,False,False,WARNING,51.9,
940,37.600000,True,0.435,0.007,-27.2,2.7,True,True,-0.2406,-0.0733,True,True,False,False,False,False,False,False,WARNING,51.8,,False,False,False,False,False,False,WARNING,51.8,
941,37.640000,True,0.469,0.009,-32.0,1.5,True,True,-0.2409,-0.0738,True,True,False,False,False,False,False,False,WARNING,51.8,,False,False,False,False,False,False,WARNING,51.8,
942,37.680000,True,0.481,0.011,-34.5,1.0,True,True,-0.24,-0.0745,True,True,False,False,False,False,False,False,WARNING,51.7,,False,False,False,False,False,False,WARNING,51.7,
943,37.720000,True,0.486,0.013,-35.9,0.9,True,True,-0.24,-0.0743,True,True,False,False,False,False,False,False,WARNING,51.6,,False,False,False,False,False,False,WARNING,51.6,
944,37.760000,True,0.49,0.013,-36.8,1.2,True,True,-0.2422,-0.0734,True,True,False,False,False,False,False,False,WARNING,51.6,,False,False,False,False,False,False,WARNING,51.6,
945,37.800000,True,0.557,0.008,-39.4,1.6,True,True,-0.293,-0.0729,True,True,False,False,False,False,False,False,WARNING,51.5,,False,False,False,False,False,False,WARNING,51.5,
946,37.840000,True,0.575,0.009,-40.9,1.1,True,True,-0.2928,-0.0738,True,True,False,False,False,False,False,False,WARNING,51.5,,False,False,False,False,False,False,WARNING,51.5,
947,37.880000,True,0.576,0.008,-41.2,1.2,True,True,-0.2934,-0.0736,True,True,False,False,False,False,False,False,WARNING,51.4,,False,False,False,False,False,False,WARNING,51.4,
948,37.920000,True,0.613,0.008,-42.1,1.2,True,True,-0.3087,-0.073,True,True,False,False,False,False,False,False,WARNING,51.4,,False,False,False,False,False,False,WARNING,51.4,
949,37.960000,True,0.617,0.006,-42.3,0.8,True,True,-0.3093,-0.0733,True,True,False,False,False,False,False,False,WARNING,51.3,,False,False,False,False,False,False,WARNING,51.3,
950,38.000000,True,0.614,0.006,-42.4,0.8,True,True,-0.3093,-0.0729,True,True,False,False,False,False,False,False,WARNING,51.2,,False,False,False,False,False,False,WARNING,51.2,
951,38.040000,True,0.621,0.006,-42.8,0.8,True,True,-0.311,-0.0712,True,True,False,False,False,False,False,False,WARNING,51.2,,False,False,False,False,False,False,WARNING,51.2,
952,38.080000,True,0.613,0.005,-42.8,0.4,True,True,-0.3102,-0.0711,True,True,False,False,False,False,False,False,WARNING,51.1,,False,False,False,False,False,False,WARNING,51.1,
953,38.120000,True,0.609,0.006,-42.7,0.2,True,True,-0.31,-0.0715,True,True,False,False,False,False,False,False,WARNING,51.1,,False,False,False,False,False,False,WARNING,51.1,
954,38.160000,True,0.606,0.005,-42.5,0.0,True,True,-0.3115,-0.0716,True,True,False,False,False,False,False,False,WARNING,51.0,,False,False,False,False,False,False,WARNING,51.0,
955,38.200000,True,0.591,0.005,-42.2,0.4,True,True,-0.3072,-0.0648,True,True,False,False,False,False,False,False,WARNING,51.0,,False,False,False,False,False,False,WARNING,51.0,
956,38.240000,True,0.585,0.006,-42.2,0.7,True,True,-0.3079,-0.065,True,True,False,False,False,False,False,False,WARNING,50.9,,False,False,False,False,False,False,WARNING,50.9,
957,38.280000,True,0.582,0.007,-42.1,0.9,True,True,-0.3077,-0.0651,True,True,False,False,False,False,False,False,WARNING,50.8,,False,False,False,False,False,False,WARNING,50.8,
958,38.320000,True,0.581,0.007,-41.9,1.0,True,True,-0.308,-0.0652,True,True,False,False,False,False,False,False,WARNING,50.8,,False,False,False,False,False,False,WARNING,50.8,
959,38.360000,True,0.581,0.008,-42.0,1.1,True,True,-0.3075,-0.0648,True,True,False,False,False,False,False,False,WARNING,50.7,,False,False,False,False,False,False,WARNING,50.7,
960,38.400000,True,0.57,0.008,-41.6,1.4,True,True,-0.3061,-0.0608,True,True,False,False,False,False,False,False,WARNING,50.7,,False,False,False,False,False,False,WARNING,50.7,
961,38.440000,True,0.578,0.006,-41.7,1.5,True,True,-0.3066,-0.0609,True,True,False,False,False,False,False,False,WARNING,50.6,,False,False,False,False,False,False,WARNING,50.6,
962,38.480000,True,0.582,0.006,-42.0,1.5,True,True,-0.3059,-0.0607,True,True,False,False,False,False,False,False,WARNING,50.6,,False,False,False,False,False,False,WARNING,50.6,
963,38.520000,True,0.567,0.006,-41.6,1.7,True,True,-0.298,-0.0596,True,True,False,False,False,False,False,False,WARNING,50.5,,False,False,False,False,False,False,WARNING,50.5,
964,38.560000,True,0.559,0.005,-41.4,2.0,True,True,-0.2978,-0.0603,True,True,False,False,False,False,False,False,WARNING,50.4,,False,False,False,False,False,False,WARNING,50.4,
965,38.600000,True,0.551,0.005,-41.3,2.1,True,True,-0.2978,-0.0594,True,True,False,False,False,False,False,False,WARNING,50.4,,False,False,False,False,False,False,WARNING,50.4,
966,38.640000,True,0.422,0.003,-37.3,2.9,True,True,-0.2383,-0.057,True,True,False,False,False,False,False,False,WARNING,50.3,,False,False,False,False,False,False,WARNING,50.3,
967,38.680000,True,0.367,0.002,-35.7,3.7,True,True,-0.2393,-0.0565,True,True,False,False,False,False,False,False,WARNING,50.3,,False,False,False,False,False,False,WARNING,50.3,
968,38.720000,True,0.333,0.002,-35.0,4.2,True,True,-0.2394,-0.0571,True,True,False,False,False,False,False,False,WARNING,50.2,,False,False,False,False,False,False,WARNING,50.2,
969,38.760000,True,0.306,0.002,-34.8,4.6,True,True,-0.2391,-0.0573,True,True,False,False,False,False,False,False,WARNING,50.2,,False,False,False,False,False,False,WARNING,50.2,
970,38.800000,True,0.286,0.002,-34.7,4.9,True,True,-0.2389,-0.0573,True,True,False,False,False,False,False,False,WARNING,50.1,,False,False,False,False,False,False,WARNING,50.1,
971,38.840000,True,0.257,0.003,-30.2,4.6,True,True,-0.1374,-0.0442,True,True,False,False,False,False,False,False,WARNING,50.1,,False,False,False,False,False,False,WARNING,50.1,
972,38.880000,True,0.243,0.004,-27.1,4.6,True,True,-0.1374,-0.0446,True,True,False,False,False,False,False,False,WARNING,50.0,,False,False,False,False,False,False,WARNING,50.0,
973,38.920000,True,0.235,0.006,-24.9,4.9,True,True,-0.1376,-0.0445,True,True,False,False,False,False,False,False,WARNING,49.9,,False,False,False,False,False,False,WARNING,49.9,
974,38.960000,True,0.231,0.007,-23.4,5.1,True,True,-0.1371,-0.0444,True,True,False,False,False,False,False,False,WARNING,49.9,,False,False,False,False,False,False,WARNING,49.9,
975,39.000000,True,0.229,0.008,-22.3,5.4,True,True,-0.1387,-0.0431,True,True,False,False,False,False,False,False,WARNING,49.8,,False,False,False,False,False,False,WARNING,49.8,
976,39.040000,True,0.227,0.009,-21.5,5.6,True,True,-0.1403,-0.0439,True,True,False,False,False,False,False,False,WARNING,49.8,,False,False,False,False,False,False,WARNING,49.8,
977,39.080000,True,0.226,0.01,-20.9,5.9,True,True,-0.1395,-0.0439,True,True,False,False,False,False,False,False,WARNING,49.7,,False,False,False,False,False,False,WARNING,49.7,
978,39.120000,True,0.225,0.01,-20.4,6.0,True,True,-0.1393,-0.0438,True,True,False,False,False,False,False,False,WARNING,49.7,,False,False,False,False,False,False,WARNING,49.7,
979,39.160000,True,0.225,0.011,-20.1,6.2,True,True,-0.1397,-0.0438,True,True,False,False,False,False,False,False,WARNING,49.6,,False,False,False,False,False,False,WARNING,49.6,
980,39.200000,True,0.226,0.011,-19.7,6.3,True,True,-0.1391,-0.044,True,True,False,False,False,False,False,False,WARNING,49.6,,False,False,False,False,False,False,WARNING,49.6,
981,39.240000,True,0.224,0.011,-19.2,6.3,True,True,-0.0656,-0.0466,True,True,False,False,False,False,False,False,WARNING,49.5,,False,False,False,False,False,False,WARNING,49.5,
982,39.280000,True,0.225,0.011,-18.8,6.3,True,True,-0.0665,-0.0471,True,True,False,False,False,False,False,False,WARNING,49.5,,False,False,False,False,False,False,WARNING,49.5,
983,39.320000,True,0.225,0.011,-18.4,6.3,True,True,-0.0671,-0.047,True,True,False,False,False,False,False,False,WARNING,49.4,,False,False,False,False,False,False,WARNING,49.4,
984,39.360000,True,0.226,0.011,-18.0,6.2,True,True,-0.066,-0.0469,True,True,False,False,False,False,False,False,WARNING,49.3,,False,False,False,False,False,False,WARNING,49.3,
985,39.400000,True,0.227,0.012,-17.5,6.2,True,True,-0.0662,-0.0469,True,True,False,False,False,False,False,False,WARNING,49.3,,False,False,False,False,False,False,WARNING,49.3,
986,39.440000,True,0.228,0.012,-17.2,6.2,True,True,-0.0663,-0.0465,True,True,False,False,False,False,False,False,WARNING,49.2,,False,False,False,False,False,False,WARNING,49.2,
987,39.480000,True,0.229,0.012,-16.9,6.2,True,True,-0.0658,-0.0467,True,True,False,False,False,False,False,False,WARNING,49.2,,False,False,False,False,False,False,WARNING,49.2,
988,39.520000,True,0.23,0.012,-16.5,6.2,True,True,-0.0664,-0.0462,True,True,False,False,False,False,False,False,WARNING,49.1,,False,False,False,False,False,False,WARNING,49.1,
989,39.560000,True,0.231,0.012,-16.2,6.1,True,True,-0.067,-0.0462,True,True,False,False,False,False,False,False,WARNING,49.1,,False,False,False,False,False,False,WARNING,49.1,
990,39.600000,True,0.232,0.012,-16.0,6.1,True,True,-0.0659,-0.0461,True,True,False,False,False,False,False,False,WARNING,49.0,,False,False,False,False,False,False,WARNING,49.0,
991,39.640000,True,0.234,0.01,-12.6,6.5,True,True,0.0102,-0.0347,True,True,False,False,False,False,False,False,WARNING,49.0,,False,False,False,False,False,False,WARNING,49.0,
992,39.680000,True,0.234,0.009,-10.4,6.8,True,True,0.0139,-0.0328,True,True,False,False,False,False,False,False,WARNING,48.9,,False,False,False,False,False,False,WARNING,48.9,
993,39.720000,True,0.235,0.008,-8.5,7.1,True,True,0.0133,-0.0305,True,True,False,False,False,False,False,False,WARNING,48.9,,False,False,False,False,False,False,WARNING,48.9,
994,39.760000,True,0.237,0.008,-7.1,7.5,True,True,0.0133,-0.0301,True,True,False,False,False,False,False,False,WARNING,48.8,,False,False,False,False,False,False,WARNING,48.8,
995,39.800000,True,0.239,0.008,-6.0,7.8,True,True,0.0137,-0.0305,True,True,False,False,False,False,False,False,WARNING,48.8,,False,False,False,False,False,False,WARNING,48.8,
996,39.840000,True,0.241,0.007,-5.1,8.0,True,True,0.0137,-0.0305,True,True,False,False,False,False,False,False,WARNING,48.7,,False,False,False,False,False,False,WARNING,48.7,
997,39.880000,True,0.243,0.007,-4.3,8.1,True,True,0.0136,-0.0305,True,True,False,False,False,False,False,False,WARNING,48.7,,False,False,False,False,False,False,WARNING,48.7,
998,39.920000,True,0.244,0.007,-3.8,8.3,True,True,0.0137,-0.0305,True,True,False,False,False,False,False,False,WARNING,48.6,,False,False,False,False,False,False,WARNING,48.6,
999,39.960000,True,0.246,0.007,-3.2,8.4,True,True,0.0133,-0.0298,True,True,False,False,False,False,False,False,WARNING,48.6,,False,False,False,False,False,False,WARNING,48.6,
1000,40.000000,True,0.248,0.006,-2.8,8.5,True,True,0.0132,-0.0297,True,True,False,False,False,False,False,False,WARNING,48.5,,False,False,False,False,False,False,WARNING,48.5,
1001,40.040000,True,0.249,0.006,-2.5,8.6,True,True,0.0119,-0.0293,True,True,False,False,False,False,False,False,WARNING,48.5,,False,False,False,False,False,False,WARNING,48.5,
1002,40.080000,True,0.25,0.006,-2.2,8.7,True,True,0.0129,-0.0295,True,True,False,False,False,False,False,False,WARNING,48.4,,False,False,False,False,False,False,WARNING,48.4,
1003,40.120000,True,0.251,0.006,-2.0,8.8,True,True,0.0065,-0.0308,True,True,False,False,False,False,False,False,WARNING,48.3,,False,False,False,False,False,False,WARNING,48.3,
1004,40.160000,True,0.253,0.006,-1.9,8.9,True,True,0.007,-0.0314,True,True,False,False,False,False,False,False,WARNING,48.3,,False,False,False,False,False,False,WARNING,48.3,
1005,40.200000,True,0.254,0.006,-1.9,8.9,True,True,0.0074,-0.0316,True,True,False,False,False,False,False,False,WARNING,48.2,,False,False,False,False,False,False,WARNING,48.2,
1006,40.240000,True,0.255,0.006,-1.8,9.0,True,True,0.0081,-0.0311,True,True,False,False,False,False,False,False,WARNING,48.2,,False,False,False,False,False,False,WARNING,48.2,
1007,40.280000,True,0.256,0.006,-1.8,9.0,True,True,0.0076,-0.0308,True,True,False,False,False,False,False,False,WARNING,48.1,,False,False,False,False,False,False,WARNING,48.1,
1008,40.320000,True,0.256,0.008,4.7,9.6,True,True,0.1351,-0.0323,True,True,False,False,False,False,False,False,WARNING,48.1,,False,False,False,False,False,False,WARNING,48.1,
1009,40.360000,True,0.258,0.008,8.5,10.0,True,True,0.1348,-0.033,True,True,False,False,False,False,False,False,WARNING,48.0,,False,False,False,False,False,False,WARNING,48.0,
1010,40.400000,True,0.257,0.008,10.9,10.2,True,True,0.1351,-0.0338,True,True,False,False,False,False,False,False,WARNING,48.0,,False,False,False,False,False,False,WARNING,48.0,
1011,40.440000,True,0.304,0.008,21.4,9.2,True,True,0.2471,-0.0369,True,True,False,False,False,False,False,False,WARNING,47.9,,False,False,False,False,False,False,WARNING,47.9,
1012,40.480000,True,0.332,0.007,26.2,8.4,True,True,0.2477,-0.0376,True,True,False,False,False,False,False,False,WARNING,47.9,,False,False,False,False,False,False,WARNING,47.9,
1013,40.520000,True,0.347,0.009,28.5,8.1,True,True,0.2476,-0.0373,True,True,False,False,False,False,False,False,WARNING,47.8,,False,False,False,False,False,False,WARNING,47.8,
1014,40.560000,True,0.348,0.01,30.0,7.6,True,True,0.2473,-0.0369,True,True,False,False,False,False,False,False,WARNING,47.8,,False,False,False,False,False,False,WARNING,47.8,
1015,40.600000,True,0.373,0.011,33.1,7.3,True,True,0.2874,-0.0392,True,True,False,False,False,False,False,False,WARNING,47.7,,False,False,False,False,False,False,WARNING,47.7,
1016,40.640000,True,0.403,0.01,34.3,7.4,True,True,0.2877,-0.0399,True,True,False,False,False,False,False,False,WARNING,47.7,,False,False,False,False,False,False,WARNING,47.7,
1017,40.680000,True,0.413,0.009,34.6,7.7,True,True,0.2869,-0.0396,True,True,False,False,False,False,False,False,WARNING,47.6,,False,False,False,False,False,False,WARNING,47.6,
1018,40.720000,True,0.418,0.008,35.5,7.8,True,True,0.2976,-0.0409,True,True,False,False,False,False,False,False,WARNING,47.6,,False,False,False,False,False,False,WARNING,47.6,
1019,40.760000,True,0.433,0.008,36.0,8.2,True,True,0.2954,-0.0416,True,True,False,False,False,False,False,False,WARNING,47.5,,False,False,False,False,False,False,WARNING,47.5,
1020,40.800000,True,0.438,0.008,36.1,8.4,True,True,0.2957,-0.042,True,True,False,False,False,False,False,False,WARNING,47.5,,False,False,False,False,False,False,WARNING,47.5,
1021,40.840000,True,0.436,0.006,36.2,8.5,True,True,0.296,-0.0421,True,True,False,False,False,False,False,False,WARNING,47.4,,False,False,False,False,False,False,WARNING,47.4,
1022,40.880000,True,0.445,0.006,36.8,8.5,True,True,0.2968,-0.0408,True,True,False,False,False,False,False,False,WARNING,47.4,,False,False,False,False,False,False,WARNING,47.4,
1023,40.920000,True,0.45,0.009,37.0,8.7,True,True,0.303,-0.045,True,True,False,False,False,False,False,False,WARNING,47.3,,False,False,False,False,False,False,WARNING,47.3,
1024,40.960000,True,0.451,0.009,37.4,8.6,True,True,0.3047,-0.0521,True,True,False,False,False,False,False,False,WARNING,47.3,,False,False,False,False,False,False,WARNING,47.3,
1025,41.000000,True,0.452,0.009,37.7,8.5,True,True,0.3046,-0.0523,True,True,False,False,False,False,False,False,WARNING,47.2,,False,False,False,False,False,False,WARNING,47.2,
1026,41.040000,True,0.451,0.009,37.9,8.4,True,True,0.3043,-0.0526,True,True,False,False,False,False,False,False,WARNING,47.2,,False,False,False,False,False,False,WARNING,47.2,
1027,41.080000,True,0.452,0.009,38.1,8.4,True,True,0.3038,-0.0525,True,True,False,False,False,False,False,False,WARNING,47.1,,False,False,False,False,False,False,WARNING,47.1,
1028,41.120000,True,0.453,0.009,38.2,8.4,True,True,0.3041,-0.0526,True,True,False,False,False,False,False,False,WARNING,47.1,,False,False,False,False,False,False,WARNING,47.1,
1029,41.160000,True,0.456,0.01,38.4,8.4,True,True,0.3038,-0.0522,True,True,False,False,False,False,False,False,WARNING,47.0,,False,False,False,False,False,False,WARNING,47.0,
1030,41.200000,True,0.459,0.01,38.4,8.5,True,True,0.3033,-0.0511,True,True,False,False,False,False,False,False,WARNING,47.0,,False,False,False,False,False,False,WARNING,47.0,
1031,41.240000,True,0.461,0.01,38.4,8.5,True,True,0.3037,-0.0512,True,True,False,False,False,False,False,False,WARNING,46.9,,False,False,False,False,False,False,WARNING,46.9,
1032,41.280000,True,0.462,0.01,38.4,8.5,True,True,0.3029,-0.0509,True,True,False,False,False,False,False,False,WARNING,46.9,,False,False,False,False,False,False,WARNING,46.9,
1033,41.320000,True,0.461,0.01,38.4,8.5,True,True,0.3028,-0.0511,True,True,False,False,False,False,False,False,WARNING,46.9,,False,False,False,False,False,False,WARNING,46.9,
1034,41.360000,True,0.46,0.011,38.3,8.5,True,True,0.3031,-0.0513,True,True,False,False,False,False,False,False,WARNING,46.8,,False,False,False,False,False,False,WARNING,46.8,
1035,41.400000,True,0.461,0.01,38.2,8.6,True,True,0.3017,-0.0504,True,True,False,False,False,False,False,False,WARNING,46.8,,False,False,False,False,False,False,WARNING,46.8,
1036,41.440000,True,0.46,0.01,38.1,8.7,True,True,0.3015,-0.0489,True,True,False,False,False,False,False,False,WARNING,46.7,,False,False,False,False,False,False,WARNING,46.7,
1037,41.480000,True,0.458,0.01,38.1,8.7,True,True,0.3012,-0.0489,True,True,False,False,False,False,False,False,WARNING,46.7,,False,False,False,False,False,False,WARNING,46.7,
1038,41.520000,True,0.453,0.01,37.9,8.5,True,True,0.2987,-0.0461,True,True,False,False,False,False,False,False,WARNING,46.6,,False,False,False,False,False,False,WARNING,46.6,
1039,41.560000,True,0.45,0.01,37.9,8.5,True,True,0.2986,-0.0453,True,True,False,False,False,False,False,False,WARNING,46.6,,False,False,False,False,False,False,WARNING,46.6,
1040,41.600000,True,0.454,0.01,38.2,8.8,True,True,0.3015,-0.0449,True,True,False,False,False,False,False,False,WARNING,46.5,,False,False,False,False,False,False,WARNING,46.5,
1041,41.640000,True,0.444,0.009,37.9,8.7,True,True,0.3043,-0.0445,True,True,False,False,False,False,False,False,WARNING,46.5,,False,False,False,False,False,False,WARNING,46.5,
1042,41.680000,True,0.444,0.009,37.9,8.6,True,True,0.3039,-0.0437,True,True,False,False,False,False,False,False,WARNING,46.4,,False,False,False,False,False,False,WARNING,46.4,
1043,41.720000,True,0.446,0.009,37.8,8.5,True,True,0.304,-0.0439,True,True,False,False,False,False,False,False,WARNING,46.4,,False,False,False,False,False,False,WARNING,46.4,
1044,41.760000,True,0.444,0.01,37.7,8.5,True,True,0.3036,-0.0434,True,True,False,False,False,False,False,False,WARNING,46.3,,False,False,False,False,False,False,WARNING,46.3,
1045,41.800000,True,0.443,0.01,37.7,8.5,True,True,0.3033,-0.0433,True,True,False,False,False,False,False,False,WARNING,46.3,,False,False,False,False,False,False,WARNING,46.3,
1046,41.840000,True,0.439,0.011,37.6,8.4,True,True,0.3031,-0.0453,True,True,False,False,False,False,False,False,WARNING,46.2,,False,False,False,False,False,False,WARNING,46.2,
1047,41.880000,True,0.438,0.011,37.8,8.4,True,True,0.3026,-0.0454,True,True,False,False,False,False,False,False,WARNING,46.2,,False,False,False,False,False,False,WARNING,46.2,
1048,41.920000,True,0.436,0.01,37.6,8.3,True,True,0.3025,-0.0457,True,True,False,False,False,False,False,False,WARNING,46.1,,False,False,False,False,False,False,WARNING,46.1,
1049,41.960000,True,0.436,0.01,37.8,8.3,True,True,0.3032,-0.046,True,True,False,False,False,False,False,False,WARNING,46.1,,False,False,False,False,False,False,WARNING,46.1,
1050,42.000000,True,0.43,0.009,37.5,8.3,True,True,0.3021,-0.0465,True,True,False,False,False,False,False,False,WARNING,46.0,,False,False,False,False,False,False,WARNING,46.0,
1051,42.040000,True,0.433,0.01,37.6,8.2,True,True,0.3019,-0.0471,True,True,False,False,False,False,False,False,WARNING,46.0,,False,False,False,False,False,False,WARNING,46.0,
1052,42.080000,True,0.438,0.011,37.6,8.3,True,True,0.3019,-0.046,True,True,False,False,False,False,False,False,WARNING,46.0,,False,False,False,False,False,False,WARNING,46.0,
1053,42.120000,True,0.44,0.011,37.9,8.3,True,True,0.3028,-0.0478,True,True,False,False,False,False,False,False,WARNING,45.9,,False,False,False,False,False,False,WARNING,45.9,
1054,42.160000,True,0.438,0.012,37.8,8.3,True,True,0.3028,-0.0469,True,True,False,False,False,False,False,False,WARNING,45.9,,False,False,False,False,False,False,WARNING,45.9,
1055,42.200000,True,0.439,0.013,38.0,8.3,True,True,0.3032,-0.0471,True,True,False,False,False,False,False,False,WARNING,45.8,,False,False,False,False,False,False,WARNING,45.8,
1056,42.240000,True,0.436,0.011,37.8,8.4,True,True,0.302,-0.045,True,True,False,False,False,False,False,False,WARNING,45.8,,False,False,False,False,False,False,WARNING,45.8,
1057,42.280000,True,0.433,0.01,37.9,8.5,True,True,0.3023,-0.0452,True,True,False,False,False,False,False,False,WARNING,45.7,,False,False,False,False,False,False,WARNING,45.7,
1058,42.320000,True,0.432,0.01,37.7,8.6,True,True,0.3012,-0.0461,True,True,False,False,False,False,False,False,WARNING,45.7,,False,False,False,False,False,False,WARNING,45.7,
1059,42.360000,True,0.433,0.01,37.6,8.7,True,True,0.3041,-0.0473,True,True,False,False,False,False,False,False,WARNING,45.6,,False,False,False,False,False,False,WARNING,45.6,
1060,42.400000,True,0.434,0.01,37.5,8.8,True,True,0.3046,-0.0472,True,True,False,False,False,False,False,False,WARNING,45.6,,False,False,False,False,False,False,WARNING,45.6,
1061,42.440000,True,0.399,0.01,38.0,9.0,True,True,0.3022,-0.0452,True,True,False,False,False,False,False,False,WARNING,45.5,,False,False,False,False,False,False,WARNING,45.5,
1062,42.480000,True,0.367,0.011,38.1,8.9,True,True,0.3018,-0.0449,True,True,False,False,False,False,False,False,WARNING,45.5,,False,False,False,False,False,False,WARNING,45.5,
1063,42.520000,True,0.349,0.013,38.5,8.9,True,True,0.301,-0.0438,True,True,False,False,False,False,False,False,WARNING,45.4,,False,False,False,False,False,False,WARNING,45.4,
1064,42.560000,True,0.331,0.013,38.6,9.0,True,True,0.3011,-0.0445,True,True,False,False,False,False,False,False,WARNING,45.4,,False,False,False,False,False,False,WARNING,45.4,
1065,42.600000,True,0.346,0.014,38.9,8.9,True,True,0.2986,-0.0458,True,True,False,False,True,False,False,False,WARNING,65.0,LOOKING_AWAY,False,False,True,False,False,False,WARNING,65.0,LOOKING_AWAY
1066,42.640000,True,0.351,0.013,38.8,8.8,True,True,0.2982,-0.0469,True,True,False,False,True,False,False,False,WARNING,65.0,,False,False,True,False,False,False,WARNING,65.0,
1067,42.680000,True,0.354,0.013,38.7,8.8,True,True,0.2982,-0.0473,True,True,False,False,True,False,False,False,WARNING,65.0,,False,False,True,False,False,False,WARNING,65.0,
1068,42.720000,True,0.356,0.013,38.8,8.8,True,True,0.2952,-0.0483,True,True,False,False,True,False,False,False,WARNING,65.0,,False,False,True,False,False,False,WARNING,65.0,
1069,42.760000,True,0.357,0.012,38.7,8.9,True,True,0.2952,-0.0481,True,True,False,False,True,False,False,False,WARNING,65.0,,False,False,True,False,False,False,WARNING,65.0,
1070,42.800000,True,0.36,0.012,38.8,8.9,True,True,0.2951,-0.0479,True,True,False,False,True,False,False,False,WARNING,65.0,,False,False,True,False,False,False,WARNING,65.0,
1071,42.840000,True,0.362,0.012,38.9,9.0,True,True,0.2951,-0.0468,True,True,False,False,True,False,False,False,WARNING,65.0,,False,False,True,False,False,False,WARNING,65.0,
1072,42.880000,True,0.363,0.011,38.8,9.0,True,True,0.2946,-0.0471,True,True,False,False,True,False,False,False,WARNING,65.0,,False,False,True,False,False,False,WARNING,65.0,
