frame_index,t,face_detected,ear,mar,yaw,pitch,pose_person,pose_fresh,pose_yaw_rel,pose_pitch_rel,calibrated_A,calibrated_B,A_drowsiness_acute,A_yawning,A_looking_away,A_looking_down,A_phone_usage,A_driver_absence,A_risk_level,A_risk_score,A_events,B_drowsiness_acute,B_yawning,B_looking_away,B_looking_down,B_phone_usage,B_driver_absence,B_risk_level,B_risk_score,B_events
0,0.000000,True,0.252,0.005,-17.9,3.2,True,True,,,False,False,False,False,False,False,False,False,NORMAL,0.0,,False,False,False,False,False,False,NORMAL,0.0,
1,0.066667,True,0.252,0.005,-17.9,3.2,True,True,,,False,False,False,False,False,False,False,False,NORMAL,0.0,,False,False,False,False,False,False,NORMAL,0.0,
2,0.133333,True,0.252,0.005,-17.9,3.2,True,True,,,False,False,False,False,False,False,False,False,NORMAL,0.0,,False,False,False,False,False,False,NORMAL,0.0,
3,0.200000,True,0.252,0.005,-17.8,3.2,True,True,,,False,False,False,False,False,False,False,False,NORMAL,0.0,,False,False,False,False,False,False,NORMAL,0.0,
4,0.266667,True,0.252,0.005,-17.8,3.2,True,True,,,False,False,False,False,False,False,False,False,NORMAL,0.0,,False,False,False,False,False,False,NORMAL,0.0,
5,0.333333,True,0.252,0.005,-17.8,3.2,True,True,,,False,False,False,False,False,False,False,False,NORMAL,0.0,,False,False,False,False,False,False,NORMAL,0.0,
6,0.400000,True,0.252,0.005,-17.8,3.3,True,True,,,False,False,False,False,False,False,False,False,NORMAL,0.0,,False,False,False,False,False,False,NORMAL,0.0,
7,0.466667,True,0.252,0.005,-17.8,3.3,True,True,,,False,False,False,False,False,False,False,False,NORMAL,0.0,,False,False,False,False,False,False,NORMAL,0.0,
8,0.533333,True,0.252,0.005,-17.8,3.3,True,True,,,False,False,False,False,False,False,False,False,NORMAL,0.0,,False,False,False,False,False,False,NORMAL,0.0,
9,0.600000,True,0.253,0.005,-17.8,3.3,True,True,,,False,False,False,False,False,False,False,False,NORMAL,0.0,,False,False,False,False,False,False,NORMAL,0.0,
10,0.666667,True,0.253,0.005,-17.8,3.3,True,True,,,False,False,False,False,False,False,False,False,NORMAL,0.0,,False,False,False,False,False,False,NORMAL,0.0,
11,0.733333,True,0.253,0.005,-17.7,3.4,True,True,,,False,False,False,False,False,False,False,False,NORMAL,0.0,,False,False,False,False,False,False,NORMAL,0.0,
12,0.800000,True,0.253,0.005,-17.7,3.4,True,True,,,False,False,False,False,False,False,False,False,NORMAL,0.0,,False,False,False,False,False,False,NORMAL,0.0,
13,0.866667,True,0.253,0.005,-17.7,3.4,True,True,,,False,False,False,False,False,False,False,False,NORMAL,0.0,,False,False,False,False,False,False,NORMAL,0.0,
14,0.933333,True,0.254,0.005,-17.7,3.4,True,True,,,False,False,False,False,False,False,False,False,NORMAL,0.0,,False,False,False,False,False,False,NORMAL,0.0,
15,1.000000,True,0.254,0.005,-17.7,3.4,True,True,,,False,False,False,False,False,False,False,False,NORMAL,0.0,,False,False,False,False,False,False,NORMAL,0.0,
16,1.066667,True,0.254,0.005,-17.7,3.4,True,True,,,False,False,False,False,False,False,False,False,NORMAL,0.0,,False,False,False,False,False,False,NORMAL,0.0,
17,1.133333,True,0.254,0.005,-17.7,3.5,True,True,,,False,False,False,False,False,False,False,False,NORMAL,0.0,,False,False,False,False,False,False,NORMAL,0.0,
18,1.200000,True,0.254,0.005,-17.7,3.5,True,True,,,False,False,False,False,False,False,False,False,NORMAL,0.0,,False,False,False,False,False,False,NORMAL,0.0,
19,1.266667,True,0.254,0.005,-17.7,3.5,True,True,,,False,False,False,False,False,False,False,False,NORMAL,0.0,,False,False,False,False,False,False,NORMAL,0.0,
20,1.333333,True,0.254,0.006,-17.7,3.5,True,True,,,False,False,False,False,False,False,False,False,NORMAL,0.0,,False,False,False,False,False,False,NORMAL,0.0,
21,1.400000,True,0.254,0.006,-17.7,3.5,True,True,,,False,False,False,False,False,False,False,False,NORMAL,0.0,,False,False,False,False,False,False,NORMAL,0.0,
22,1.466667,True,0.254,0.006,-17.7,3.5,True,True,,,False,False,False,False,False,False,False,False,NORMAL,0.0,,False,False,False,False,False,False,NORMAL,0.0,
23,1.533333,True,0.254,0.006,-17.7,3.5,True,True,,,False,False,False,False,False,False,False,False,NORMAL,0.0,,False,False,False,False,False,False,NORMAL,0.0,
24,1.600000,True,0.254,0.006,-17.7,3.5,True,True,,,False,False,False,False,False,False,False,False,NORMAL,0.0,,False,False,False,False,False,False,NORMAL,0.0,
25,1.666667,True,0.254,0.006,-17.7,3.5,True,True,,,False,False,False,False,False,False,False,False,NORMAL,0.0,,False,False,False,False,False,False,NORMAL,0.0,
26,1.733333,True,0.255,0.006,-17.7,3.5,True,True,,,False,False,False,False,False,False,False,False,NORMAL,0.0,,False,False,False,False,False,False,NORMAL,0.0,
27,1.800000,True,0.255,0.006,-17.7,3.5,True,True,,,False,False,False,False,False,False,False,False,NORMAL,0.0,,False,False,False,False,False,False,NORMAL,0.0,
28,1.866667,True,0.255,0.006,-17.7,3.5,True,True,,,False,False,False,False,False,False,False,False,NORMAL,0.0,,False,False,False,False,False,False,NORMAL,0.0,
29,1.933333,True,0.256,0.006,-17.8,3.5,True,True,,,False,False,False,False,False,False,False,False,NORMAL,0.0,,False,False,False,False,False,False,NORMAL,0.0,
30,2.000000,True,0.256,0.006,-17.8,3.5,True,True,,,False,False,False,False,False,False,False,False,NORMAL,0.0,,False,False,False,False,False,False,NORMAL,0.0,
31,2.066667,True,0.256,0.006,-17.8,3.5,True,True,,,False,False,False,False,False,False,False,False,NORMAL,0.0,,False,False,False,False,False,False,NORMAL,0.0,
32,2.133333,True,0.256,0.006,-17.8,3.6,True,True,,,False,False,False,False,False,False,False,False,NORMAL,0.0,,False,False,False,False,False,False,NORMAL,0.0,
33,2.200000,True,0.257,0.006,-17.8,3.6,True,True,,,False,False,False,False,False,False,False,False,NORMAL,0.0,,False,False,False,False,False,False,NORMAL,0.0,
34,2.266667,True,0.257,0.006,-17.8,3.6,True,True,,,False,False,False,False,False,False,False,False,NORMAL,0.0,,False,False,False,False,False,False,NORMAL,0.0,
35,2.333333,True,0.257,0.006,-17.8,3.6,True,True,,,False,False,False,False,False,False,False,False,NORMAL,0.0,,False,False,False,False,False,False,NORMAL,0.0,
36,2.400000,True,0.257,0.006,-17.9,3.6,True,True,,,False,False,False,False,False,False,False,False,NORMAL,0.0,,False,False,False,False,False,False,NORMAL,0.0,
37,2.466667,True,0.257,0.006,-17.9,3.6,True,True,,,False,False,False,False,False,False,False,False,NORMAL,0.0,,False,False,False,False,False,False,NORMAL,0.0,
38,2.533333,True,0.257,0.006,-17.9,3.6,True,True,,,False,False,False,False,False,False,False,False,NORMAL,0.0,,False,False,False,False,False,False,NORMAL,0.0,
39,2.600000,True,0.257,0.006,-17.9,3.6,True,True,,,False,False,False,False,False,False,False,False,NORMAL,0.0,,False,False,False,False,False,False,NORMAL,0.0,
40,2.666667,True,0.257,0.006,-17.9,3.6,True,True,,,False,False,False,False,False,False,False,False,NORMAL,0.0,,False,False,False,False,False,False,NORMAL,0.0,
41,2.733333,True,0.257,0.006,-17.8,3.6,True,True,,,False,False,False,False,False,False,False,False,NORMAL,0.0,,False,False,False,False,False,False,NORMAL,0.0,
42,2.800000,True,0.257,0.006,-17.8,3.6,True,True,,,False,False,False,False,False,False,False,False,NORMAL,0.0,,False,False,False,False,False,False,NORMAL,0.0,
43,2.866667,True,0.257,0.006,-17.8,3.7,True,True,,,False,False,False,False,False,False,False,False,NORMAL,0.0,,False,False,False,False,False,False,NORMAL,0.0,
44,2.933333,True,0.256,0.006,-17.8,3.7,True,True,,,False,False,False,False,False,False,False,False,NORMAL,0.0,,False,False,False,False,False,False,NORMAL,0.0,
45,3.000000,True,0.256,0.006,-17.8,3.7,True,True,,,False,False,False,False,False,False,False,False,NORMAL,0.0,,False,False,False,False,False,False,NORMAL,0.0,
46,3.066667,True,0.256,0.006,-17.8,3.7,True,True,,,False,False,False,False,False,False,False,False,NORMAL,0.0,,False,False,False,False,False,False,NORMAL,0.0,
47,3.133333,True,0.256,0.006,-17.7,3.7,True,True,,,False,False,False,False,False,False,False,False,NORMAL,0.0,,False,False,False,False,False,False,NORMAL,0.0,
48,3.200000,True,0.256,0.006,-17.7,3.7,True,True,,,False,False,False,False,False,False,False,False,NORMAL,0.0,,False,False,False,False,False,False,NORMAL,0.0,
49,3.266667,True,0.256,0.006,-17.7,3.7,True,True,,,False,False,False,False,False,False,False,False,NORMAL,0.0,,False,False,False,False,False,False,NORMAL,0.0,
50,3.333333,True,0.256,0.006,-17.7,3.7,True,True,,,False,False,False,False,False,False,False,False,NORMAL,0.0,,False,False,False,False,False,False,NORMAL,0.0,
51,3.400000,True,0.256,0.006,-17.7,3.7,True,True,,,False,False,False,False,False,False,False,False,NORMAL,0.0,,False,False,False,False,False,False,NORMAL,0.0,
52,3.466667,True,0.256,0.006,-17.7,3.7,True,True,,,False,False,False,False,False,False,False,False,NORMAL,0.0,,False,False,False,False,False,False,NORMAL,0.0,
53,3.533333,True,0.256,0.006,-17.7,3.7,True,True,,,False,False,False,False,False,False,False,False,NORMAL,0.0,,False,False,False,False,False,False,NORMAL,0.0,
54,3.600000,True,0.257,0.006,-17.7,3.7,True,True,,,False,False,False,False,False,False,False,False,NORMAL,0.0,,False,False,False,False,False,False,NORMAL,0.0,
55,3.666667,True,0.257,0.006,-17.6,3.7,True,True,,,False,False,False,False,False,False,False,False,NORMAL,0.0,,False,False,False,False,False,False,NORMAL,0.0,
56,3.733333,True,0.257,0.006,-17.6,3.7,True,True,,,False,False,False,False,False,False,False,False,NORMAL,0.0,,False,False,False,False,False,False,NORMAL,0.0,
57,3.800000,True,0.256,0.007,-17.6,3.7,True,True,,,False,False,False,False,False,False,False,False,NORMAL,0.0,,False,False,False,False,False,False,NORMAL,0.0,
58,3.866667,True,0.256,0.007,-17.6,3.7,True,True,,,False,False,False,False,False,False,False,False,NORMAL,0.0,,False,False,False,False,False,False,NORMAL,0.0,
59,3.933333,True,0.256,0.007,-17.6,3.7,True,True,,,False,False,False,False,False,False,False,False,NORMAL,0.0,,False,False,False,False,False,False,NORMAL,0.0,
60,4.000000,True,0.257,0.007,-17.6,3.7,True,True,,,True,True,False,False,False,False,False,False,NORMAL,0.0,,False,False,False,False,False,False,NORMAL,0.0,
61,4.066667,True,0.257,0.007,-17.6,3.7,True,True,0.0013,0.0044,True,True,False,False,False,False,False,False,NORMAL,0.0,,False,False,False,False,False,False,NORMAL,0.0,
62,4.133333,True,0.257,0.007,-17.6,3.7,True,True,-0.0001,0.004,True,True,False,False,False,False,False,False,NORMAL,0.0,,False,False,False,False,False,False,NORMAL,0.0,
63,4.200000,True,0.257,0.007,-17.6,3.7,True,True,-0.0032,0.0022,True,True,False,False,False,False,False,False,NORMAL,0.0,,False,False,False,False,False,False,NORMAL,0.0,
64,4.266667,True,0.257,0.007,-17.6,3.7,True,True,-0.0036,0.0035,True,True,False,False,False,False,False,False,NORMAL,0.0,,False,False,False,False,False,False,NORMAL,0.0,
65,4.333333,True,0.257,0.007,-17.6,3.7,True,True,-0.005,0.0011,True,True,False,False,False,False,False,False,NORMAL,0.0,,False,False,False,False,False,False,NORMAL,0.0,
66,4.400000,True,0.257,0.007,-17.6,3.7,True,True,-0.0009,0.0005,True,True,False,False,False,False,False,False,NORMAL,0.0,,False,False,False,False,False,False,NORMAL,0.0,
67,4.466667,True,0.257,0.007,-17.6,3.7,True,True,-0.0023,0.0035,True,True,False,False,False,False,False,False,NORMAL,0.0,,False,False,False,False,False,False,NORMAL,0.0,
68,4.533333,True,0.257,0.007,-17.6,3.7,True,True,-0.0091,0.0016,True,True,False,False,False,False,False,False,NORMAL,0.0,,False,False,False,False,False,False,NORMAL,0.0,
69,4.600000,True,0.257,0.007,-17.6,3.7,True,True,-0.0027,0.0031,True,True,False,False,False,False,False,False,NORMAL,0.0,,False,False,False,False,False,False,NORMAL,0.0,
70,4.666667,True,0.257,0.007,-17.6,3.7,True,True,-0.0105,0.0008,True,True,False,False,False,False,False,False,NORMAL,0.0,,False,False,False,False,False,False,NORMAL,0.0,
71,4.733333,True,0.257,0.007,-17.6,3.7,True,True,-0.0025,0.0018,True,True,False,False,False,False,False,False,NORMAL,0.0,,False,False,False,False,False,False,NORMAL,0.0,
72,4.800000,True,0.257,0.007,-17.6,3.7,True,True,-0.0107,0.0008,True,True,False,False,False,False,False,False,NORMAL,0.0,,False,False,False,False,False,False,NORMAL,0.0,
73,4.866667,True,0.256,0.007,-17.6,3.7,True,True,-0.0112,0.0005,True,True,False,False,False,False,False,False,NORMAL,0.0,,False,False,False,False,False,False,NORMAL,0.0,
74,4.933333,True,0.256,0.007,-17.6,3.7,True,True,-0.0116,0.0014,True,True,False,False,False,False,False,False,NORMAL,0.0,,False,False,False,False,False,False,NORMAL,0.0,
75,5.000000,True,0.256,0.007,-17.5,3.7,True,True,-0.0107,0.0011,True,True,False,False,False,False,False,False,NORMAL,0.0,,False,False,False,False,False,False,NORMAL,0.0,
76,5.066667,True,0.256,0.007,-17.5,3.7,True,True,-0.0121,0.001,True,True,False,False,False,False,False,False,NORMAL,0.0,,False,False,False,False,False,False,NORMAL,0.0,
77,5.133333,True,0.256,0.007,-17.5,3.7,True,True,-0.0112,0.0003,True,True,False,False,False,False,False,False,NORMAL,0.0,,False,False,False,False,False,False,NORMAL,0.0,
78,5.200000,True,0.256,0.007,-17.5,3.7,True,True,-0.0122,0.0013,True,True,False,False,False,False,False,False,NORMAL,0.0,,False,False,False,False,False,False,NORMAL,0.0,
79,5.266667,True,0.256,0.007,-17.5,3.7,True,True,-0.0096,-0.0034,True,True,False,False,False,False,False,False,NORMAL,0.0,,False,False,False,False,False,False,NORMAL,0.0,
80,5.333333,True,0.256,0.007,-17.5,3.7,True,True,-0.0084,0.0053,True,True,False,False,False,False,False,False,NORMAL,0.0,,False,False,False,False,False,False,NORMAL,0.0,
81,5.400000,True,0.256,0.007,-17.5,3.7,True,True,-0.0051,0.0042,True,True,False,False,False,False,False,False,NORMAL,0.0,,False,False,False,False,False,False,NORMAL,0.0,
82,5.466667,True,0.255,0.007,-17.5,3.8,True,True,-0.0033,0.0067,True,True,False,False,False,False,False,False,NORMAL,0.0,,False,False,False,False,False,False,NORMAL,0.0,
83,5.533333,True,0.253,0.007,-17.5,3.8,True,True,-0.0035,0.0123,True,True,False,False,False,False,False,False,NORMAL,0.0,,False,False,False,False,False,False,NORMAL,0.0,
84,5.600000,True,0.252,0.008,-17.5,3.8,True,True,-0.0006,0.0095,True,True,False,False,False,False,False,False,NORMAL,0.0,,False,False,False,False,False,False,NORMAL,0.0,
85,5.666667,True,0.25,0.008,-17.4,3.9,True,True,-0.0027,0.0076,True,True,False,False,False,False,False,False,NORMAL,0.0,,False,False,False,False,False,False,NORMAL,0.0,
86,5.733333,True,0.248,0.008,-17.4,3.9,True,True,-0.0031,0.0064,True,True,False,False,False,False,False,False,NORMAL,0.0,,False,False,False,False,False,False,NORMAL,0.0,
87,5.800000,True,0.245,0.008,-17.4,3.9,True,True,-0.0023,0.0006,True,True,False,False,False,False,False,False,NORMAL,0.0,,False,False,False,False,False,False,NORMAL,0.0,
88,5.866667,True,0.244,0.008,-17.4,3.8,True,True,0.0041,0.003,True,True,False,False,False,False,False,False,NORMAL,0.0,,False,False,False,False,False,False,NORMAL,0.0,
89,5.933333,True,0.242,0.008,-17.4,3.8,True,True,0.0053,-0.0015,True,True,False,False,False,False,False,False,NORMAL,0.0,,False,False,False,False,False,False,NORMAL,0.0,
90,6.000000,True,0.24,0.008,-17.3,3.8,True,True,0.0044,0.0012,True,True,False,False,False,False,False,False,NORMAL,0.0,,False,False,False,False,False,False,NORMAL,0.0,
91,6.066667,True,0.24,0.008,-17.3,3.8,True,True,0.0033,0.0001,True,True,False,False,False,False,False,False,NORMAL,0.0,,False,False,False,False,False,False,NORMAL,0.0,
92,6.133333,True,0.24,0.008,-17.3,3.8,True,True,0.0051,0.0006,True,True,False,False,False,False,False,False,NORMAL,0.0,,False,False,False,False,False,False,NORMAL,0.0,
93,6.200000,True,0.239,0.008,-17.3,3.8,True,True,0.0032,0.0038,True,True,False,False,False,False,False,False,NORMAL,0.0,,False,False,False,False,False,False,NORMAL,0.0,
94,6.266667,True,0.239,0.008,-17.3,3.8,True,True,0.0003,0.0009,True,True,False,False,False,False,False,False,NORMAL,0.0,,False,False,False,False,False,False,NORMAL,0.0,
95,6.333333,True,0.238,0.008,-17.3,3.8,True,True,-0.0037,0.0029,True,True,False,False,False,False,False,False,NORMAL,0.0,,False,False,False,False,False,False,NORMAL,0.0,
96,6.400000,True,0.238,0.008,-17.3,3.8,True,True,-0.0019,0.0039,True,True,False,False,False,False,False,False,NORMAL,0.0,,False,False,False,False,False,False,NORMAL,0.0,
97,6.466667,True,0.239,0.008,-17.3,3.8,True,True,-0.0088,0.0029,True,True,False,False,False,False,False,False,NORMAL,0.0,,False,False,False,False,False,False,NORMAL,0.0,
98,6.533333,True,0.239,0.008,-17.3,3.8,True,True,-0.0064,0.0043,True,True,False,False,False,False,False,False,NORMAL,0.0,,False,False,False,False,False,False,NORMAL,0.0,
99,6.600000,True,0.239,0.008,-17.4,3.8,True,True,-0.0131,0.0074,True,True,False,False,False,False,False,False,NORMAL,0.0,,False,False,False,False,False,False,NORMAL,0.0,
100,6.666667,True,0.239,0.008,-17.4,3.8,True,True,-0.0124,0.0071,True,True,False,False,False,False,False,False,NORMAL,0.0,,False,False,False,False,False,False,NORMAL,0.0,
101,6.733333,True,0.239,0.008,-17.4,3.8,True,True,-0.0028,0.0064,True,True,False,False,False,False,False,False,NORMAL,0.0,,False,False,False,False,False,False,NORMAL,0.0,
102,6.800000,True,0.239,0.008,-17.4,3.8,True,True,-0.014,0.0084,True,True,False,False,False,False,False,False,NORMAL,0.0,,False,False,False,False,False,False,NORMAL,0.0,
103,6.866667,True,0.239,0.008,-17.4,3.7,True,True,0.0003,0.0104,True,True,False,False,False,False,False,False,NORMAL,0.0,,False,False,False,False,False,False,NORMAL,0.0,
104,6.933333,True,0.239,0.008,-17.4,3.7,True,True,0.0019,0.0108,True,True,False,False,False,False,False,False,NORMAL,0.0,,False,False,False,False,False,False,NORMAL,0.0,
105,7.000000,True,0.239,0.008,-17.4,3.7,True,True,0.0065,0.0068,True,True,False,False,False,False,False,False,NORMAL,0.0,,False,False,False,False,False,False,NORMAL,0.0,
106,7.066667,True,0.239,0.008,-17.4,3.7,True,True,0.0065,0.0135,True,True,False,False,False,False,False,False,NORMAL,0.0,,False,False,False,False,False,False,NORMAL,0.0,
107,7.133333,True,0.239,0.009,-17.5,3.7,True,True,0.006,0.0108,True,True,False,False,False,False,False,False,NORMAL,0.0,,False,False,False,False,False,False,NORMAL,0.0,
108,7.200000,True,0.24,0.009,-17.5,3.7,True,True,0.0002,0.0135,True,True,False,False,False,False,False,False,NORMAL,0.0,,False,False,False,False,False,False,NORMAL,0.0,
109,7.266667,True,0.24,0.009,-17.5,3.7,True,True,0.0064,0.012,True,True,False,False,False,False,False,False,NORMAL,0.0,,False,False,False,False,False,False,NORMAL,0.0,
110,7.333333,True,0.24,0.009,-17.5,3.7,True,True,0.0061,0.0145,True,True,False,False,False,False,False,False,NORMAL,0.0,,False,False,False,False,False,False,NORMAL,0.0,
111,7.400000,True,0.24,0.009,-17.5,3.7,True,True,0.0008,0.0168,True,True,False,False,False,False,False,False,NORMAL,0.0,,False,False,False,False,False,False,NORMAL,0.0,
112,7.466667,True,0.242,0.009,-17.5,3.7,True,True,-0.0076,0.0113,True,True,False,False,False,False,False,False,NORMAL,0.0,,False,False,False,False,False,False,NORMAL,0.0,
113,7.533333,True,0.243,0.009,-17.5,3.7,True,True,-0.0099,0.0146,True,True,False,False,False,False,False,False,NORMAL,0.0,,False,False,False,False,False,False,NORMAL,0.0,
114,7.600000,True,0.246,0.009,-17.6,3.7,True,True,-0.0135,0.0162,True,True,False,False,False,False,False,False,NORMAL,0.0,,False,False,False,False,False,False,NORMAL,0.0,
115,7.666667,True,0.249,0.009,-17.6,3.7,True,True,-0.0204,0.0177,True,True,False,False,False,False,False,False,NORMAL,0.0,,False,False,False,False,False,False,NORMAL,0.0,
116,7.733333,True,0.252,0.01,-17.6,3.7,True,True,-0.0236,0.0202,True,True,False,False,False,False,False,False,NORMAL,0.0,,False,False,False,False,False,False,NORMAL,0.0,
117,7.800000,True,0.254,0.011,-17.7,3.7,True,True,-0.0292,0.0162,True,True,False,False,False,False,False,False,NORMAL,0.0,,False,False,False,False,False,False,NORMAL,0.0,
118,7.866667,True,0.255,0.012,-17.7,3.7,True,True,-0.031,0.0189,True,True,False,False,False,False,False,False,NORMAL,0.0,,False,False,False,False,False,False,NORMAL,0.0,
119,7.933333,True,0.261,0.012,-17.7,3.7,True,True,-0.0254,0.0211,True,True,False,False,False,False,False,False,NORMAL,0.0,,False,False,False,False,False,False,NORMAL,0.0,
120,8.000000,True,0.269,0.014,-17.8,3.6,True,True,-0.0313,0.0276,True,True,False,False,False,False,False,False,NORMAL,0.0,,False,False,False,False,False,False,NORMAL,0.0,
121,8.066667,True,0.275,0.015,-17.9,3.5,True,True,-0.0296,0.0302,True,True,False,False,False,False,False,False,NORMAL,0.0,,False,False,False,False,False,False,NORMAL,0.0,
122,8.133333,True,0.281,0.016,-17.9,3.5,True,True,-0.0293,0.0303,True,True,False,False,False,False,False,False,NORMAL,0.0,,False,False,False,False,False,False,NORMAL,0.0,
123,8.200000,True,0.286,0.017,-17.9,3.4,True,True,-0.0327,0.0321,True,True,False,False,False,False,False,False,NORMAL,0.0,,False,False,False,False,False,False,NORMAL,0.0,
124,8.266667,True,0.289,0.017,-18.0,3.4,True,True,-0.0318,0.0321,True,True,False,False,False,False,False,False,NORMAL,0.0,,False,False,False,False,False,False,NORMAL,0.0,
125,8.333333,True,0.293,0.018,-18.0,3.3,True,True,-0.03,0.0297,True,True,False,False,False,False,False,False,NORMAL,0.0,,False,False,False,False,False,False,NORMAL,0.0,
126,8.400000,True,0.293,0.018,-18.0,3.2,True,True,-0.0301,0.03,True,True,False,False,False,False,False,False,NORMAL,0.0,,False,False,False,False,False,False,NORMAL,0.0,
127,8.466667,True,0.295,0.018,-18.0,3.1,True,True,-0.028,0.0322,True,True,False,False,False,False,False,False,NORMAL,0.0,,False,False,False,False,False,False,NORMAL,0.0,
128,8.533333,True,0.296,0.018,-18.0,3.1,True,True,-0.0233,0.0276,True,True,False,False,False,False,False,False,NORMAL,0.0,,False,False,False,False,False,False,NORMAL,0.0,
129,8.600000,True,0.296,0.019,-18.0,3.0,True,True,-0.0231,0.0323,True,True,False,False,False,False,False,False,NORMAL,0.0,,False,False,False,False,False,False,NORMAL,0.0,
130,8.666667,True,0.294,0.019,-18.0,3.0,True,True,-0.023,0.0335,True,True,False,False,False,False,False,False,NORMAL,0.0,,False,False,False,False,False,False,NORMAL,0.0,
131,8.733333,True,0.292,0.02,-18.0,2.9,True,True,-0.0179,0.0309,True,True,False,False,False,False,False,False,NORMAL,0.0,,False,False,False,False,False,False,NORMAL,0.0,
132,8.800000,True,0.291,0.02,-17.9,2.9,True,True,-0.0199,0.0282,True,True,False,False,False,False,False,False,NORMAL,0.0,,False,False,False,False,False,False,NORMAL,0.0,
133,8.866667,True,0.291,0.02,-17.9,2.9,True,True,-0.0237,0.0308,True,True,False,False,False,False,False,False,NORMAL,0.0,,False,False,False,False,False,False,NORMAL,0.0,
134,8.933333,True,0.291,0.02,-17.9,2.9,True,True,-0.0251,0.0344,True,True,False,False,False,False,False,False,NORMAL,0.0,,False,False,False,False,False,False,NORMAL,0.0,
135,9.000000,True,0.292,0.02,-17.9,2.8,True,True,-0.0315,0.0357,True,True,False,False,False,False,False,False,NORMAL,0.0,,False,False,False,False,False,False,NORMAL,0.0,
136,9.066667,True,0.29,0.02,-17.8,2.8,True,True,-0.0428,0.0357,True,True,False,False,False,False,False,False,NORMAL,0.0,,False,False,False,False,False,False,NORMAL,0.0,
137,9.133333,True,0.29,0.019,-17.9,2.7,True,True,-0.0336,0.0287,True,True,False,False,False,False,False,False,NORMAL,0.0,,False,False,False,False,False,False,NORMAL,0.0,
138,9.200000,True,0.291,0.019,-17.9,2.6,True,True,-0.0382,0.028,True,True,False,False,False,False,False,False,NORMAL,0.0,,False,False,False,False,False,False,NORMAL,0.0,
139,9.266667,True,0.29,0.019,-17.9,2.5,True,True,-0.0417,0.0297,True,True,False,False,False,False,False,False,NORMAL,0.0,,False,False,False,False,False,False,NORMAL,0.0,
140,9.333333,True,0.289,0.018,-17.9,2.5,True,True,-0.0429,0.039,True,True,False,False,False,False,False,False,NORMAL,0.0,,False,False,False,False,False,False,NORMAL,0.0,
141,9.400000,True,0.287,0.019,-17.9,2.4,True,True,-0.046,0.0378,True,True,False,False,False,False,False,False,NORMAL,0.0,,False,False,False,False,False,False,NORMAL,0.0,
142,9.466667,True,0.286,0.02,-17.9,2.4,True,True,-0.0421,0.0387,True,True,False,False,False,False,False,False,NORMAL,0.0,,False,False,False,False,False,False,NORMAL,0.0,
143,9.533333,True,0.285,0.021,-17.9,2.3,True,True,-0.0402,0.0379,True,True,False,False,False,False,False,False,NORMAL,0.0,,False,False,False,False,False,False,NORMAL,0.0,
144,9.600000,True,0.284,0.022,-17.9,2.3,True,True,-0.0395,0.0385,True,True,False,False,False,False,False,False,NORMAL,0.0,,False,False,False,False,False,False,NORMAL,0.0,
145,9.666667,True,0.284,0.025,-17.9,2.3,True,True,-0.036,0.0369,True,True,False,False,False,False,False,False,NORMAL,0.0,,False,False,False,False,False,False,NORMAL,0.0,
146,9.733333,True,0.286,0.034,-17.9,2.2,True,True,-0.0332,0.039,True,True,False,False,False,False,False,False,NORMAL,0.0,,False,False,False,False,False,False,NORMAL,0.0,
147,9.800000,True,0.288,0.05,-17.9,2.2,True,True,-0.0253,0.0431,True,True,False,False,False,False,False,False,NORMAL,0.0,,False,False,False,False,False,False,NORMAL,0.0,
148,9.866667,True,0.287,0.071,-17.9,2.1,True,True,-0.0219,0.0472,True,True,False,False,False,False,False,False,NORMAL,0.0,,False,False,False,False,False,False,NORMAL,0.0,
149,9.933333,True,0.28,0.102,-17.8,2.1,True,True,-0.0163,0.0457,True,True,False,False,False,False,False,False,NORMAL,0.0,,False,False,False,False,False,False,NORMAL,0.0,
150,10.000000,True,0.275,0.136,-17.9,2.0,True,True,-0.0071,0.0485,True,True,False,False,False,False,False,False,NORMAL,0.0,,False,False,False,False,False,False,NORMAL,0.0,
151,10.066667,True,0.276,0.18,-17.9,2.0,True,True,-0.0069,0.0483,True,True,False,False,False,False,False,False,NORMAL,0.0,,False,False,False,False,False,False,NORMAL,0.0,
152,10.133333,True,0.276,0.225,-17.9,1.9,True,True,-0.0014,0.0444,True,True,False,False,False,False,False,False,NORMAL,0.0,,False,False,False,False,False,False,NORMAL,0.0,
153,10.200000,True,0.278,0.276,-17.9,1.9,True,True,0.001,0.0495,True,True,False,False,False,False,False,False,NORMAL,0.0,,False,False,False,False,False,False,NORMAL,0.0,
154,10.266667,True,0.281,0.312,-18.0,1.9,True,True,0.0015,0.0435,True,True,False,False,False,False,False,False,NORMAL,0.0,,False,False,False,False,False,False,NORMAL,0.0,
155,10.333333,True,0.281,0.35,-18.1,1.9,True,True,-0.005,0.048,True,True,False,False,False,False,False,False,NORMAL,0.0,,False,False,False,False,False,False,NORMAL,0.0,
156,10.400000,True,0.283,0.392,-18.2,2.0,True,True,0.0025,0.0463,True,True,False,False,False,False,False,False,NORMAL,0.0,,False,False,False,False,False,False,NORMAL,0.0,
157,10.466667,True,0.283,0.444,-18.3,2.1,True,True,-0.004,0.047,True,True,False,False,False,False,False,False,NORMAL,0.0,,False,False,False,False,False,False,NORMAL,0.0,
158,10.533333,True,0.284,0.462,-18.3,2.2,True,True,-0.0047,0.044,True,True,False,False,False,False,False,False,NORMAL,0.0,,False,False,False,False,False,False,NORMAL,0.0,
159,10.600000,True,0.284,0.472,-18.3,2.3,True,True,-0.0089,0.0379,True,True,False,False,False,False,False,False,NORMAL,0.0,,False,False,False,False,False,False,NORMAL,0.0,
160,10.666667,True,0.284,0.486,-18.3,2.4,True,True,-0.0279,0.0374,True,True,False,False,False,False,False,False,NORMAL,0.0,,False,False,False,False,False,False,NORMAL,0.0,
161,10.733333,True,0.285,0.493,-18.4,2.5,True,True,-0.0294,0.0328,True,True,False,False,False,False,False,False,NORMAL,0.0,,False,False,False,False,False,False,NORMAL,0.0,
162,10.800000,True,0.285,0.509,-18.5,2.5,True,True,-0.0487,0.0347,True,True,False,False,False,False,False,False,NORMAL,0.0,,False,False,False,False,False,False,NORMAL,0.0,
163,10.866667,True,0.288,0.531,-18.7,2.6,True,True,-0.0521,0.033,True,True,False,False,False,False,False,False,NORMAL,0.0,,False,False,False,False,False,False,NORMAL,0.0,
164,10.933333,True,0.293,0.548,-19.0,2.7,True,True,-0.0501,0.034,True,True,False,False,False,False,False,False,NORMAL,0.0,,False,False,False,False,False,False,NORMAL,0.0,
165,11.000000,True,0.298,0.565,-19.2,2.8,True,True,-0.0487,0.0279,True,True,False,False,False,False,False,False,NORMAL,0.0,,False,False,False,False,False,False,NORMAL,0.0,
166,11.066667,True,0.302,0.584,-19.5,2.8,True,True,-0.0576,0.0316,True,True,False,False,False,False,False,False,NORMAL,0.0,,False,False,False,False,False,False,NORMAL,0.0,
167,11.133333,True,0.306,0.595,-19.6,2.7,True,True,-0.0557,0.0285,True,True,False,False,False,False,False,False,NORMAL,0.0,,False,False,False,False,False,False,NORMAL,0.0,
168,11.200000,True,0.315,0.589,-19.7,2.7,True,True,-0.0622,0.0306,True,True,False,False,False,False,False,False,NORMAL,0.0,,False,False,False,False,False,False,NORMAL,0.0,
169,11.266667,True,0.322,0.59,-19.9,2.7,True,True,-0.0601,0.0324,True,True,False,False,False,False,False,False,NORMAL,0.0,,False,False,False,False,False,False,NORMAL,0.0,
170,11.333333,True,0.327,0.588,-19.9,2.6,True,True,-0.0633,0.0318,True,True,False,False,False,False,False,False,NORMAL,0.0,,False,False,False,False,False,False,NORMAL,0.0,
171,11.400000,True,0.33,0.587,-20.0,2.6,True,True,-0.0621,0.033,True,True,False,False,False,False,False,False,NORMAL,0.0,,False,False,False,False,False,False,NORMAL,0.0,
172,11.466667,True,0.331,0.584,-20.0,2.5,True,True,-0.0609,0.0308,True,True,False,False,False,False,False,False,NORMAL,0.0,,False,False,False,False,False,False,NORMAL,0.0,
173,11.533333,True,0.331,0.585,-20.0,2.5,True,True,-0.0609,0.0318,True,True,False,False,False,False,False,False,NORMAL,0.0,,False,False,False,False,False,False,NORMAL,0.0,
174,11.600000,True,0.328,0.581,-20.0,2.4,True,True,-0.0557,0.0297,True,True,False,False,False,False,False,False,NORMAL,0.0,,False,False,False,False,False,False,NORMAL,0.0,
175,11.666667,True,0.328,0.581,-20.0,2.4,True,True,-0.0526,0.0212,True,True,False,False,False,False,False,False,NORMAL,0.0,,False,False,False,False,False,False,NORMAL,0.0,
176,11.733333,True,0.327,0.575,-20.0,2.4,True,True,-0.0442,0.0229,True,True,False,False,False,False,False,False,NORMAL,0.0,,False,False,False,False,False,False,NORMAL,0.0,
177,11.800000,True,0.327,0.573,-19.9,2.4,True,True,-0.0452,0.0264,True,True,False,False,False,False,False,False,NORMAL,0.0,,False,False,False,False,False,False,NORMAL,0.0,
178,11.866667,True,0.326,0.572,-19.8,2.4,True,True,-0.0332,0.0246,True,True,False,False,False,False,False,False,NORMAL,0.0,,False,False,False,False,False,False,NORMAL,0.0,
179,11.933333,True,0.324,0.567,-19.7,2.5,True,True,-0.0423,0.0201,True,True,False,False,False,False,False,False,NORMAL,0.0,,False,False,False,False,False,False,NORMAL,0.0,
180,12.000000,True,0.321,0.561,-19.6,2.4,True,True,-0.0412,0.0184,True,True,False,False,False,False,False,False,NORMAL,0.0,,False,False,False,False,False,False,NORMAL,0.0,
181,12.066667,True,0.32,0.557,-19.5,2.4,True,True,-0.0342,0.0221,True,True,False,False,False,False,False,False,NORMAL,0.0,,False,False,False,False,False,False,NORMAL,0.0,
182,12.133333,True,0.32,0.558,-19.5,2.5,True,True,-0.0316,0.0231,True,True,False,False,False,False,False,False,NORMAL,0.0,,False,False,False,False,False,False,NORMAL,0.0,
183,12.200000,True,0.319,0.55,-19.5,2.6,True,True,-0.0371,0.0192,True,True,False,False,False,False,False,False,NORMAL,0.0,,False,False,False,False,False,False,NORMAL,0.0,
184,12.266667,True,0.316,0.544,-19.4,2.6,True,True,-0.0282,0.0198,True,True,False,False,False,False,False,False,NORMAL,0.0,,False,False,False,False,False,False,NORMAL,0.0,
185,12.333333,True,0.312,0.545,-19.3,2.6,True,True,-0.0343,0.0164,True,True,False,False,False,False,False,False,NORMAL,0.0,,False,False,False,False,False,False,NORMAL,0.0,
186,12.400000,True,0.309,0.55,-19.2,2.6,True,True,-0.0341,0.0133,True,True,False,False,False,False,False,False,NORMAL,0.0,,False,False,False,False,False,False,NORMAL,0.0,
187,12.466667,True,0.306,0.546,-19.2,2.6,True,True,-0.0389,0.0074,True,True,False,True,False,False,False,False,WARNING,45.0,,False,True,False,False,False,False,WARNING,45.0,
188,12.533333,True,0.304,0.542,-19.1,2.6,True,True,-0.0332,0.0101,True,True,False,True,False,False,False,False,WARNING,45.0,,False,True,False,False,False,False,WARNING,45.0,
189,12.600000,True,0.302,0.541,-19.1,2.6,True,True,-0.0351,0.0064,True,True,False,True,False,False,False,False,WARNING,45.0,,False,True,False,False,False,False,WARNING,45.0,
190,12.666667,True,0.301,0.537,-19.1,2.6,True,True,-0.0271,0.0117,True,True,False,True,False,False,False,False,WARNING,45.0,,False,True,False,False,False,False,WARNING,45.0,
191,12.733333,True,0.299,0.541,-19.1,2.6,True,True,-0.0334,0.0084,True,True,False,True,False,False,False,False,WARNING,45.0,,False,True,False,False,False,False,WARNING,45.0,
192,12.800000,True,0.3,0.547,-19.1,2.6,True,True,-0.0258,0.0139,True,True,False,True,False,False,False,False,WARNING,45.0,,False,True,False,False,False,False,WARNING,45.0,
193,12.866667,True,0.3,0.552,-19.1,2.6,True,True,-0.0337,0.0124,True,True,False,True,False,False,False,False,WARNING,45.0,,False,True,False,False,False,False,WARNING,45.0,
194,12.933333,True,0.302,0.556,-19.1,2.6,True,True,-0.0281,0.0141,True,True,False,True,False,False,False,False,WARNING,45.0,,False,True,False,False,False,False,WARNING,45.0,
195,13.000000,True,0.302,0.561,-19.0,2.6,True,True,-0.0302,0.0128,True,True,False,True,False,False,False,False,WARNING,45.0,,False,True,False,False,False,False,WARNING,45.0,
196,13.066667,True,0.302,0.567,-19.0,2.6,True,True,-0.0316,0.0157,True,True,False,True,False,False,False,False,WARNING,45.0,,False,True,False,False,False,False,WARNING,45.0,
197,13.133333,True,0.301,0.571,-18.9,2.6,True,True,-0.0355,0.0137,True,True,False,True,False,False,False,False,WARNING,45.0,,False,True,False,False,False,False,WARNING,45.0,
198,13.200000,True,0.301,0.575,-18.9,2.6,True,True,-0.0344,0.0167,True,True,False,True,False,False,False,False,WARNING,45.0,,False,True,False,False,False,False,WARNING,45.0,
199,13.266667,True,0.299,0.578,-18.9,2.6,True,True,-0.0339,0.0152,True,True,False,True,False,False,False,False,WARNING,45.0,,False,True,False,False,False,False,WARNING,45.0,
200,13.333333,True,0.297,0.59,-18.7,2.7,True,True,-0.027,0.0154,True,True,False,True,False,False,False,False,WARNING,45.0,,False,True,False,False,False,False,WARNING,45.0,
201,13.400000,True,0.293,0.599,-18.6,2.7,True,True,-0.0338,0.0211,True,True,False,True,False,False,False,False,WARNING,45.0,,False,True,False,False,False,False,WARNING,45.0,
202,13.466667,True,0.292,0.614,-18.5,2.7,True,True,-0.0311,0.0216,True,True,False,True,False,False,False,False,WARNING,45.0,,False,True,False,False,False,False,WARNING,45.0,
203,13.533333,True,0.291,0.609,-18.4,2.7,True,True,-0.0298,0.0247,True,True,False,True,False,False,False,False,WARNING,45.0,,False,True,False,False,False,False,WARNING,45.0,
204,13.600000,True,0.289,0.616,-18.4,2.6,True,True,-0.0331,0.0208,True,True,False,True,False,False,False,False,WARNING,45.0,,False,True,False,False,False,False,WARNING,45.0,
205,13.666667,True,0.287,0.615,-18.4,2.6,True,True,-0.0336,0.0213,True,True,False,True,False,False,False,False,WARNING,45.0,,False,True,False,False,False,False,WARNING,45.0,
206,13.733333,True,0.285,0.607,-18.4,2.6,True,True,-0.0294,0.0218,True,True,False,True,False,False,False,False,WARNING,45.0,,False,True,False,False,False,False,WARNING,45.0,
207,13.800000,True,0.287,0.598,-18.4,2.6,True,True,-0.0212,0.0229,True,True,False,True,False,False,False,False,WARNING,45.0,,False,True,False,False,False,False,WARNING,45.0,
208,13.866667,True,0.285,0.583,-18.4,2.6,True,True,-0.0238,0.023,True,True,False,True,False,False,False,False,WARNING,45.0,,False,True,False,False,False,False,WARNING,45.0,
209,13.933333,True,0.286,0.571,-18.3,2.7,True,True,-0.025,0.026,True,True,False,True,False,False,False,False,WARNING,45.0,,False,True,False,False,False,False,WARNING,45.0,
210,14.000000,True,0.286,0.559,-18.3,2.7,True,True,-0.0262,0.0244,True,True,False,True,False,False,False,False,WARNING,45.0,,False,True,False,False,False,False,WARNING,45.0,
211,14.066667,True,0.285,0.556,-18.3,2.8,True,True,-0.0249,0.0222,True,True,False,True,False,False,False,False,WARNING,45.0,,False,True,False,False,False,False,WARNING,45.0,
212,14.133333,True,0.284,0.553,-18.3,2.9,True,True,-0.0253,0.018,True,True,False,True,False,False,False,False,WARNING,45.0,,False,True,False,False,False,False,WARNING,45.0,
213,14.200000,True,0.284,0.558,-18.2,2.9,True,True,-0.0257,0.019,True,True,False,True,False,False,False,False,WARNING,45.0,,False,True,False,False,False,False,WARNING,45.0,
214,14.266667,True,0.283,0.549,-18.3,3.0,True,True,-0.0273,0.0162,True,True,False,True,False,False,False,False,WARNING,45.0,,False,True,False,False,False,False,WARNING,45.0,
215,14.333333,True,0.284,0.542,-18.3,3.0,True,True,-0.0252,0.0154,True,True,False,True,False,False,False,False,WARNING,45.0,,False,True,False,False,False,False,WARNING,45.0,
216,14.400000,True,0.283,0.527,-18.4,3.0,True,True,-0.0296,0.0096,True,True,False,True,False,False,False,False,WARNING,45.0,,False,True,False,False,False,False,WARNING,45.0,
217,14.466667,True,0.283,0.516,-18.4,3.0,True,True,-0.0284,0.0054,True,True,False,True,False,False,False,False,WARNING,45.0,,False,True,False,False,False,False,WARNING,45.0,
218,14.533333,True,0.283,0.504,-18.5,3.0,True,True,-0.0307,0.0067,True,True,False,True,False,False,False,False,WARNING,45.0,,False,True,False,False,False,False,WARNING,45.0,
219,14.600000,True,0.283,0.491,-18.6,3.0,True,True,-0.0387,0.0011,True,True,False,True,False,False,False,False,WARNING,45.0,,False,True,False,False,False,False,WARNING,45.0,
220,14.666667,True,0.284,0.482,-18.7,3.0,True,True,-0.0403,-0.0056,True,True,False,True,False,False,False,False,WARNING,45.0,,False,True,False,False,False,False,WARNING,45.0,
221,14.733333,True,0.284,0.462,-18.8,3.0,True,True,-0.0412,-0.0043,True,True,False,True,False,False,False,False,WARNING,45.0,,False,True,False,False,False,False,WARNING,45.0,
222,14.800000,True,0.284,0.445,-18.9,3.0,True,True,-0.0434,-0.0033,True,True,False,True,False,False,False,False,WARNING,45.0,,False,True,False,False,False,False,WARNING,45.0,
223,14.866667,True,0.285,0.433,-19.0,3.1,True,True,-0.0533,-0.0017,True,True,False,True,False,False,False,False,WARNING,45.0,,False,True,False,False,False,False,WARNING,45.0,
224,14.933333,True,0.285,0.424,-19.1,3.1,True,True,-0.0544,-0.0062,True,True,False,True,False,False,False,False,WARNING,45.0,,False,True,False,False,False,False,WARNING,45.0,
225,15.000000,True,0.286,0.42,-19.2,3.2,True,True,-0.0535,-0.0018,True,True,False,True,False,False,False,False,WARNING,45.0,,False,True,False,False,False,False,WARNING,45.0,
226,15.066667,True,0.287,0.414,-19.3,3.2,True,True,-0.0674,-0.0042,True,True,False,True,False,False,False,False,WARNING,45.0,,False,True,False,False,False,False,WARNING,45.0,
227,15.133333,True,0.288,0.413,-19.3,3.3,True,True,-0.0605,-0.0068,True,True,False,True,False,False,False,False,WARNING,45.0,,False,True,False,False,False,False,WARNING,45.0,
228,15.200000,True,0.289,0.4,-19.3,3.3,True,True,-0.0632,-0.0081,True,True,False,True,False,False,False,False,WARNING,45.0,,False,True,False,False,False,False,WARNING,45.0,
229,15.266667,True,0.291,0.384,-19.4,3.2,True,True,-0.0645,-0.0092,True,True,False,False,False,False,False,False,WARNING,44.1,,False,False,False,False,False,False,WARNING,44.1,
230,15.333333,True,0.293,0.369,-19.4,3.1,True,True,-0.0692,-0.0123,True,True,False,False,False,False,False,False,WARNING,43.2,,False,False,False,False,False,False,WARNING,43.2,
231,15.400000,True,0.294,0.351,-19.5,3.1,True,True,-0.0704,-0.0149,True,True,False,False,False,False,False,False,WARNING,42.4,,False,False,False,False,False,False,WARNING,42.4,
232,15.466667,True,0.293,0.333,-19.5,3.1,True,True,-0.0672,-0.0119,True,True,False,False,False,False,False,False,WARNING,41.5,,False,False,False,False,False,False,WARNING,41.5,
233,15.533333,True,0.293,0.319,-19.3,3.1,True,True,-0.0684,-0.0106,True,True,False,False,False,False,False,False,WARNING,40.7,,False,False,False,False,False,False,WARNING,40.7,
234,15.600000,True,0.295,0.315,-19.3,3.1,True,True,-0.0674,-0.0094,True,True,False,False,False,False,False,False,NORMAL,39.9,,False,False,False,False,False,False,NORMAL,39.9,
235,15.666667,True,0.297,0.309,-19.4,3.2,True,True,-0.0708,-0.015,True,True,False,False,False,False,False,False,NORMAL,39.1,,False,False,False,False,False,False,NORMAL,39.1,
236,15.733333,True,0.298,0.301,-19.4,3.3,True,True,-0.0752,-0.0071,True,True,False,False,False,False,False,False,NORMAL,38.3,,False,False,False,False,False,False,NORMAL,38.3,
237,15.800000,True,0.297,0.266,-19.2,3.4,True,True,-0.0733,-0.0118,True,True,False,False,False,False,False,False,NORMAL,37.6,,False,False,False,False,False,False,NORMAL,37.6,
238,15.866667,True,0.294,0.232,-19.0,3.5,True,True,-0.0641,-0.0192,True,True,False,False,False,False,False,False,NORMAL,36.8,,False,False,False,False,False,False,NORMAL,36.8,
239,15.933333,True,0.291,0.197,-18.7,3.6,True,True,-0.0687,-0.0123,True,True,False,False,False,False,False,False,NORMAL,36.1,,False,False,False,False,False,False,NORMAL,36.1,
240,16.000000,True,0.285,0.161,-18.6,3.8,True,True,-0.0599,0.0073,True,True,False,False,False,False,False,False,NORMAL,35.4,,False,False,False,False,False,False,NORMAL,35.4,
241,16.066667,True,0.279,0.126,-18.4,3.9,True,True,-0.0574,0.0041,True,True,False,False,False,False,False,False,NORMAL,34.7,,False,False,False,False,False,False,NORMAL,34.7,
242,16.133333,True,0.273,0.093,-18.4,4.0,True,True,-0.0549,0.0035,True,True,False,False,False,False,False,False,NORMAL,34.0,,False,False,False,False,False,False,NORMAL,34.0,
243,16.200000,True,0.268,0.066,-18.3,4.2,True,True,-0.0527,0.012,True,True,False,False,False,False,False,False,NORMAL,33.3,,False,False,False,False,False,False,NORMAL,33.3,
244,16.266667,True,0.265,0.046,-18.3,4.2,True,True,-0.05,0.0132,True,True,False,False,False,False,False,False,NORMAL,32.7,,False,False,False,False,False,False,NORMAL,32.7,
245,16.333333,True,0.263,0.036,-18.3,4.3,True,True,-0.0426,0.0121,True,True,False,False,False,False,False,False,NORMAL,32.0,,False,False,False,False,False,False,NORMAL,32.0,
246,16.400000,True,0.263,0.032,-18.3,4.3,True,True,-0.0536,0.0103,True,True,False,False,False,False,False,False,NORMAL,31.4,,False,False,False,False,False,False,NORMAL,31.4,
247,16.466667,True,0.264,0.03,-18.3,4.3,True,True,-0.0472,0.0101,True,True,False,False,False,False,False,False,NORMAL,30.8,,False,False,False,False,False,False,NORMAL,30.8,
248,16.533333,True,0.263,0.028,-18.4,4.3,True,True,-0.0392,0.0167,True,True,False,False,False,False,False,False,NORMAL,30.2,,False,False,False,False,False,False,NORMAL,30.2,
249,16.600000,True,0.264,0.026,-18.4,4.3,True,True,-0.0343,0.0199,True,True,False,False,False,False,False,False,NORMAL,29.6,,False,False,False,False,False,False,NORMAL,29.6,
250,16.666667,True,0.264,0.025,-18.5,4.3,True,True,-0.036,0.0244,True,True,False,False,False,False,False,False,NORMAL,29.0,,False,False,False,False,False,False,NORMAL,29.0,
251,16.733333,True,0.264,0.025,-18.5,4.3,True,True,-0.0396,0.0229,True,True,False,False,False,False,False,False,NORMAL,28.4,,False,False,False,False,False,False,NORMAL,28.4,
252,16.800000,True,0.266,0.023,-18.6,4.3,True,True,-0.042,0.0266,True,True,False,False,False,False,False,False,NORMAL,27.8,,False,False,False,False,False,False,NORMAL,27.8,
253,16.866667,True,0.269,0.022,-18.6,4.3,True,True,-0.0369,0.0395,True,True,False,False,False,False,False,False,NORMAL,27.3,,False,False,False,False,False,False,NORMAL,27.3,
254,16.933333,True,0.272,0.019,-18.7,4.3,True,True,-0.0441,0.0184,True,True,False,False,False,False,False,False,NORMAL,26.8,,False,False,False,False,False,False,NORMAL,26.8,
255,17.000000,True,0.275,0.017,-18.8,4.3,True,True,-0.0448,0.0255,True,True,False,False,False,False,False,False,NORMAL,26.2,,False,False,False,False,False,False,NORMAL,26.2,
256,17.066667,True,0.28,0.014,-18.9,4.3,True,True,-0.046,0.035,True,True,False,False,False,False,False,False,NORMAL,25.7,,False,False,False,False,False,False,NORMAL,25.7,
257,17.133333,True,0.283,0.012,-18.9,4.3,True,True,-0.0485,0.0307,True,True,False,False,False,False,False,False,NORMAL,25.2,,False,False,False,False,False,False,NORMAL,25.2,
258,17.200000,True,0.284,0.011,-18.9,4.3,True,True,-0.0416,0.0226,True,True,False,False,False,False,False,False,NORMAL,24.7,,False,False,False,False,False,False,NORMAL,24.7,
259,17.266667,True,0.283,0.01,-18.9,4.4,True,True,-0.0451,0.0215,True,True,False,False,False,False,False,False,NORMAL,24.2,,False,False,False,False,False,False,NORMAL,24.2,
260,17.333333,True,0.283,0.01,-18.9,4.4,True,True,-0.0444,0.016,True,True,False,False,False,False,False,False,NORMAL,23.7,,False,False,False,False,False,False,NORMAL,23.7,
261,17.400000,True,0.283,0.009,-18.8,4.4,True,True,-0.0481,0.0116,True,True,False,False,False,False,False,False,NORMAL,23.3,,False,False,False,False,False,False,NORMAL,23.3,
262,17.466667,True,0.283,0.009,-18.7,4.5,True,True,-0.0342,0.0105,True,True,False,False,False,False,False,False,NORMAL,22.8,,False,False,False,False,False,False,NORMAL,22.8,
263,17.533333,True,0.282,0.009,-18.7,4.5,True,True,-0.0255,0.013,True,True,False,False,False,False,False,False,NORMAL,22.3,,False,False,False,False,False,False,NORMAL,22.3,
264,17.600000,True,0.281,0.011,-18.6,4.7,True,True,-0.0191,0.0156,True,True,False,False,False,False,False,False,NORMAL,21.9,,False,False,False,False,False,False,NORMAL,21.9,
265,17.666667,True,0.28,0.013,-18.6,4.9,True,True,-0.0204,0.0258,True,True,False,False,False,False,False,False,NORMAL,21.5,,False,False,False,False,False,False,NORMAL,21.5,
266,17.733333,True,0.28,0.015,-18.5,4.9,True,True,-0.0183,0.0286,True,True,False,False,False,False,False,False,NORMAL,21.0,,False,False,False,False,False,False,NORMAL,21.0,
267,17.800000,True,0.278,0.016,-18.4,5.0,True,True,-0.0179,0.0181,True,True,False,False,False,False,False,False,NORMAL,20.6,,False,False,False,False,False,False,NORMAL,20.6,
268,17.866667,True,0.276,0.013,-18.3,5.1,True,True,-0.0078,0.0204,True,True,False,False,False,False,False,False,NORMAL,20.2,,False,False,False,False,False,False,NORMAL,20.2,
269,17.933333,True,0.277,0.011,-18.1,5.2,True,True,-0.0035,0.0248,True,True,False,False,False,False,False,False,NORMAL,19.8,,False,False,False,False,False,False,NORMAL,19.8,
270,18.000000,True,0.275,0.008,-17.9,5.3,True,True,-0.0139,0.0206,True,True,False,False,False,False,False,False,NORMAL,19.4,,False,False,False,False,False,False,NORMAL,19.4,
271,18.066667,True,0.275,0.006,-17.8,5.3,True,True,-0.0172,0.0218,True,True,False,False,False,False,False,False,NORMAL,19.0,,False,False,False,False,False,False,NORMAL,19.0,
272,18.133333,True,0.275,0.008,-17.6,5.3,True,True,-0.0179,0.0218,True,True,False,False,False,False,False,False,NORMAL,18.7,,False,False,False,False,False,False,NORMAL,18.7,
273,18.200000,True,0.275,0.01,-17.5,5.4,True,True,-0.0224,0.0243,True,True,False,False,False,False,False,False,NORMAL,18.3,,False,False,False,False,False,False,NORMAL,18.3,
274,18.266667,True,0.275,0.009,-17.4,5.4,True,True,-0.0193,0.0223,True,True,False,False,False,False,False,False,NORMAL,17.9,,False,False,False,False,False,False,NORMAL,17.9,
275,18.333333,True,0.276,0.007,-17.3,5.5,True,True,-0.0236,0.018,True,True,False,False,False,False,False,False,NORMAL,17.6,,False,False,False,False,False,False,NORMAL,17.6,
276,18.400000,True,0.276,0.006,-17.3,5.5,True,True,-0.0196,0.0145,True,True,False,False,False,False,False,False,NORMAL,17.2,,False,False,False,False,False,False,NORMAL,17.2,
277,18.466667,True,0.277,0.007,-17.3,5.5,True,True,-0.0273,0.0099,True,True,False,False,False,False,False,False,NORMAL,16.9,,False,False,False,False,False,False,NORMAL,16.9,
278,18.533333,True,0.278,0.009,-17.3,5.5,True,True,-0.0304,0.0074,True,True,False,False,False,False,False,False,NORMAL,16.6,,False,False,False,False,False,False,NORMAL,16.6,
279,18.600000,True,0.279,0.011,-17.3,5.5,True,True,-0.0256,0.0062,True,True,False,False,False,False,False,False,NORMAL,16.2,,False,False,False,False,False,False,NORMAL,16.2,
280,18.666667,True,0.28,0.011,-17.3,5.5,True,True,-0.0153,0.0175,True,True,False,False,False,False,False,False,NORMAL,15.9,,False,False,False,False,False,False,NORMAL,15.9,
281,18.733333,True,0.281,0.012,-17.3,5.5,True,True,-0.0155,0.0114,True,True,False,False,False,False,False,False,NORMAL,15.6,,False,False,False,False,False,False,NORMAL,15.6,
282,18.800000,True,0.282,0.013,-17.3,5.5,True,True,-0.0201,0.011,True,True,False,False,False,False,False,False,NORMAL,15.3,,False,False,False,False,False,False,NORMAL,15.3,
283,18.866667,True,0.283,0.013,-17.3,5.5,True,True,-0.0194,0.0083,True,True,False,False,False,False,False,False,NORMAL,15.0,,False,False,False,False,False,False,NORMAL,15.0,
284,18.933333,True,0.284,0.013,-17.3,5.5,True,True,-0.0209,0.0058,True,True,False,False,False,False,False,False,NORMAL,14.7,,False,False,False,False,False,False,NORMAL,14.7,
285,19.000000,True,0.285,0.014,-17.3,5.5,True,True,-0.022,0.0127,True,True,False,False,False,False,False,False,NORMAL,14.4,,False,False,False,False,False,False,NORMAL,14.4,
286,19.066667,True,0.287,0.015,-17.4,5.5,True,True,-0.0214,0.0148,True,True,False,False,False,False,False,False,NORMAL,14.1,,False,False,False,False,False,False,NORMAL,14.1,
287,19.133333,True,0.288,0.016,-17.4,5.5,True,True,-0.0209,0.0147,True,True,False,False,False,False,False,False,NORMAL,13.8,,False,False,False,False,False,False,NORMAL,13.8,
288,19.200000,True,0.288,0.017,-17.5,5.5,True,True,-0.0187,0.018,True,True,False,False,False,False,False,False,NORMAL,13.6,,False,False,False,False,False,False,NORMAL,13.6,
289,19.266667,True,0.29,0.017,-17.5,5.5,True,True,-0.026,0.0079,True,True,False,False,False,False,False,False,NORMAL,13.3,,False,False,False,False,False,False,NORMAL,13.3,
290,19.333333,True,0.292,0.017,-17.5,5.5,True,True,-0.0275,0.0005,True,True,False,False,False,False,False,False,NORMAL,13.0,,False,False,False,False,False,False,NORMAL,13.0,
291,19.400000,True,0.293,0.016,-17.5,5.5,True,True,-0.0333,0.0052,True,True,False,False,False,False,False,False,NORMAL,12.8,,False,False,False,False,False,False,NORMAL,12.8,
292,19.466667,True,0.294,0.015,-17.5,5.5,True,True,-0.0467,0.0054,True,True,False,False,False,False,False,False,NORMAL,12.5,,False,False,False,False,False,False,NORMAL,12.5,
293,19.533333,True,0.293,0.014,-17.5,5.5,True,True,-0.0509,0.0048,True,True,False,False,False,False,False,False,NORMAL,12.3,,False,False,False,False,False,False,NORMAL,12.3,
294,19.600000,True,0.294,0.013,-17.5,5.5,True,True,-0.0479,0.0107,True,True,False,False,False,False,False,False,NORMAL,12.0,,False,False,False,False,False,False,NORMAL,12.0,
295,19.666667,True,0.295,0.013,-17.5,5.5,True,True,-0.0511,0.0121,True,True,False,False,False,False,False,False,NORMAL,11.8,,False,False,False,False,False,False,NORMAL,11.8,
296,19.733333,True,0.297,0.013,-17.6,5.5,True,True,-0.0479,0.0083,True,True,False,False,False,False,False,False,NORMAL,11.5,,False,False,False,False,False,False,NORMAL,11.5,
297,19.800000,True,0.299,0.014,-17.6,5.4,True,True,-0.0477,0.0101,True,True,False,False,False,False,False,False,NORMAL,11.3,,False,False,False,False,False,False,NORMAL,11.3,
298,19.866667,True,0.3,0.014,-17.7,5.4,True,True,-0.0415,0.0129,True,True,False,False,False,False,False,False,NORMAL,11.1,,False,False,False,False,False,False,NORMAL,11.1,
299,19.933333,True,0.301,0.014,-17.7,5.4,True,True,-0.0356,0.0147,True,True,False,False,False,False,False,False,NORMAL,10.9,,False,False,False,False,False,False,NORMAL,10.9,
300,20.000000,True,0.301,0.013,-17.8,5.4,True,True,-0.0343,0.0133,True,True,False,False,False,False,False,False,NORMAL,10.7,,False,False,False,False,False,False,NORMAL,10.7,
301,20.066667,True,0.301,0.014,-17.8,5.3,True,True,-0.0276,0.0183,True,True,False,False,False,False,False,False,NORMAL,10.5,,False,False,False,False,False,False,NORMAL,10.5,
302,20.133333,True,0.301,0.015,-17.9,5.3,True,True,-0.0242,0.0191,True,True,False,False,False,False,False,False,NORMAL,10.2,,False,False,False,False,False,False,NORMAL,10.2,
303,20.200000,True,0.301,0.015,-17.9,5.2,True,True,-0.0231,0.0209,True,True,False,False,False,False,False,False,NORMAL,10.0,,False,False,False,False,False,False,NORMAL,10.0,
304,20.266667,True,0.301,0.016,-18.0,5.2,True,True,-0.0143,0.0177,True,True,False,False,False,False,False,False,NORMAL,10.0,,False,False,False,False,False,False,NORMAL,10.0,
305,20.333333,True,0.3,0.016,-18.0,5.1,True,True,-0.0156,0.0199,True,True,False,False,False,False,False,False,NORMAL,10.0,,False,False,False,False,False,False,NORMAL,10.0,
306,20.400000,True,0.3,0.017,-18.0,5.1,True,True,-0.0144,0.026,True,True,False,False,False,False,False,False,NORMAL,10.0,,False,False,False,False,False,False,NORMAL,10.0,
307,20.466667,True,0.301,0.018,-18.0,5.0,True,True,-0.0102,0.0275,True,True,False,False,False,False,False,False,NORMAL,10.0,,False,False,False,False,False,False,NORMAL,10.0,
308,20.533333,True,0.3,0.025,-18.2,4.7,True,True,-0.0342,-0.0052,True,True,False,False,False,False,False,False,NORMAL,10.0,,False,False,False,False,False,False,NORMAL,10.0,
309,20.600000,True,0.298,0.03,-18.2,4.5,True,True,-0.0317,-0.0038,True,True,False,False,False,False,False,False,NORMAL,10.0,,False,False,False,False,False,False,NORMAL,10.0,
310,20.666667,True,0.296,0.035,-18.3,4.2,True,True,-0.036,-0.0024,True,True,False,False,False,False,False,False,NORMAL,10.0,,False,False,False,False,False,False,NORMAL,10.0,
311,20.733333,True,0.294,0.037,-18.3,3.9,True,True,-0.0359,-0.0052,True,True,False,False,False,False,False,False,NORMAL,10.0,,False,False,False,False,False,False,NORMAL,10.0,
312,20.800000,True,0.291,0.038,-18.4,3.7,True,True,-0.0356,-0.0033,True,True,False,False,False,False,False,False,NORMAL,10.0,,False,False,False,False,False,False,NORMAL,10.0,
313,20.866667,True,0.29,0.039,-18.4,3.5,True,True,-0.035,-0.0021,True,True,False,False,False,False,False,False,NORMAL,10.0,,False,False,False,False,False,False,NORMAL,10.0,
314,20.933333,True,0.289,0.039,-18.5,3.3,True,True,-0.0378,-0.0027,True,True,False,False,False,False,False,False,NORMAL,10.0,,False,False,False,False,False,False,NORMAL,10.0,
315,21.000000,True,0.288,0.039,-18.5,3.2,True,True,-0.0384,-0.0048,True,True,False,False,False,False,False,False,NORMAL,10.0,,False,False,False,False,False,False,NORMAL,10.0,
316,21.066667,True,0.287,0.037,-18.5,3.1,True,True,-0.0416,-0.0056,True,True,False,False,False,False,False,False,NORMAL,10.0,,False,False,False,False,False,False,NORMAL,10.0,
317,21.133333,True,0.286,0.037,-18.5,3.0,True,True,-0.0479,-0.0051,True,True,False,False,False,False,False,False,NORMAL,10.0,,False,False,False,False,False,False,NORMAL,10.0,
318,21.200000,True,0.285,0.035,-18.6,2.9,True,True,-0.0495,-0.0044,True,True,False,False,False,False,False,False,NORMAL,10.0,,False,False,False,False,False,False,NORMAL,10.0,
319,21.266667,True,0.285,0.034,-18.6,2.8,True,True,-0.0512,-0.0027,True,True,False,False,False,False,False,False,NORMAL,10.0,,False,False,False,False,False,False,NORMAL,10.0,
320,21.333333,True,0.283,0.032,-18.6,2.8,True,True,-0.0358,-0.0025,True,True,False,False,False,False,False,False,NORMAL,10.0,,False,False,False,False,False,False,NORMAL,10.0,
321,21.400000,True,0.282,0.03,-18.6,2.8,True,True,-0.0357,-0.0,True,True,False,False,False,False,False,False,NORMAL,10.0,,False,False,False,False,False,False,NORMAL,10.0,
322,21.466667,True,0.28,0.029,-18.7,2.7,True,True,-0.0399,-0.0055,True,True,False,False,False,False,False,False,NORMAL,10.0,,False,False,False,False,False,False,NORMAL,10.0,
323,21.533333,True,0.279,0.029,-18.7,2.7,True,True,-0.0383,-0.0049,True,True,False,False,False,False,False,False,NORMAL,10.0,,False,False,False,False,False,False,NORMAL,10.0,
324,21.600000,True,0.276,0.028,-18.8,2.6,True,True,-0.0453,-0.0002,True,True,False,False,False,False,False,False,NORMAL,10.0,,False,False,False,False,False,False,NORMAL,10.0,
325,21.666667,True,0.274,0.027,-18.8,2.6,True,True,-0.0458,0.0005,True,True,False,False,False,False,False,False,NORMAL,10.0,,False,False,False,False,False,False,NORMAL,10.0,
326,21.733333,True,0.272,0.026,-18.9,2.6,True,True,-0.0451,0.0003,True,True,False,False,False,False,False,False,NORMAL,10.0,,False,False,False,False,False,False,NORMAL,10.0,
327,21.800000,True,0.27,0.024,-18.9,2.5,True,True,-0.0437,-0.0005,True,True,False,False,False,False,False,False,NORMAL,10.0,,False,False,False,False,False,False,NORMAL,10.0,
328,21.866667,True,0.267,0.023,-18.9,2.5,True,True,-0.0409,-0.0018,True,True,False,False,False,False,False,False,NORMAL,10.0,,False,False,False,False,False,False,NORMAL,10.0,
329,21.933333,True,0.266,0.02,-18.9,2.5,True,True,-0.0421,-0.0012,True,True,False,False,False,False,False,False,NORMAL,10.0,,False,False,False,False,False,False,NORMAL,10.0,
330,22.000000,True,0.267,0.018,-18.9,2.4,True,True,-0.0434,-0.0005,True,True,False,False,False,False,False,False,NORMAL,10.0,,False,False,False,False,False,False,NORMAL,10.0,
331,22.066667,True,0.267,0.017,-18.9,2.4,True,True,-0.0423,-0.0012,True,True,False,False,False,False,False,False,NORMAL,10.0,,False,False,False,False,False,False,NORMAL,10.0,
332,22.133333,True,0.267,0.015,-19.0,2.4,True,True,-0.043,-0.003,True,True,False,False,False,False,False,False,NORMAL,10.0,,False,False,False,False,False,False,NORMAL,10.0,
333,22.200000,True,0.268,0.013,-19.0,2.3,True,True,-0.0429,-0.002,True,True,False,False,False,False,False,False,NORMAL,10.0,,False,False,False,False,False,False,NORMAL,10.0,
334,22.266667,True,0.267,0.011,-19.0,2.3,True,True,-0.0415,-0.0034,True,True,False,False,False,False,False,False,NORMAL,10.0,,False,False,False,False,False,False,NORMAL,10.0,
335,22.333333,True,0.268,0.009,-19.0,2.3,True,True,-0.0382,-0.0022,True,True,False,False,False,False,False,False,NORMAL,10.0,,False,False,False,False,False,False,NORMAL,10.0,
336,22.400000,True,0.268,0.007,-19.0,2.3,True,True,-0.0375,-0.0024,True,True,False,False,False,False,False,False,NORMAL,10.0,,False,False,False,False,False,False,NORMAL,10.0,
337,22.466667,True,0.268,0.006,-19.0,2.3,True,True,-0.037,-0.0031,True,True,False,False,False,False,False,False,NORMAL,10.0,,False,False,False,False,False,False,NORMAL,10.0,
338,22.533333,True,0.268,0.004,-19.0,2.2,True,True,-0.0366,-0.0015,True,True,False,False,False,False,False,False,NORMAL,10.0,,False,False,False,False,False,False,NORMAL,10.0,
339,22.600000,True,0.268,0.003,-19.0,2.2,True,True,-0.0323,-0.0003,True,True,False,False,False,False,False,False,NORMAL,10.0,,False,False,False,False,False,False,NORMAL,10.0,
340,22.666667,True,0.268,0.003,-18.9,2.2,True,True,-0.0331,0.0006,True,True,False,False,False,False,False,False,NORMAL,10.0,,False,False,False,False,False,False,NORMAL,10.0,
341,22.733333,True,0.268,0.003,-18.9,2.2,True,True,-0.0328,0.0014,True,True,False,False,False,False,False,False,NORMAL,10.0,,False,False,False,False,False,False,NORMAL,10.0,
342,22.800000,True,0.268,0.003,-18.9,2.2,True,True,-0.0308,0.0019,True,True,False,False,False,False,False,False,NORMAL,10.0,,False,False,False,False,False,False,NORMAL,10.0,
343,22.866667,True,0.268,0.003,-18.9,2.2,True,True,-0.0314,-0.0028,True,True,False,False,False,False,False,False,NORMAL,10.0,,False,False,False,False,False,False,NORMAL,10.0,
344,22.933333,True,0.268,0.003,-18.9,2.1,True,True,-0.0307,-0.0028,True,True,False,False,False,False,False,False,NORMAL,10.0,,False,False,False,False,False,False,NORMAL,10.0,
345,23.000000,True,0.268,0.003,-18.9,2.1,True,True,-0.0311,-0.0037,True,True,False,False,False,False,False,False,NORMAL,10.0,,False,False,False,False,False,False,NORMAL,10.0,
346,23.066667,True,0.268,0.003,-18.9,2.1,True,True,-0.0285,-0.0036,True,True,False,False,False,False,False,False,NORMAL,10.0,,False,False,False,False,False,False,NORMAL,10.0,
347,23.133333,True,0.269,0.003,-18.9,2.1,True,True,-0.0296,-0.0036,True,True,False,False,False,False,False,False,NORMAL,10.0,,False,False,False,False,False,False,NORMAL,10.0,
348,23.200000,True,0.268,0.003,-18.9,2.1,True,True,-0.0319,-0.0024,True,True,False,False,False,False,False,False,NORMAL,10.0,,False,False,False,False,False,False,NORMAL,10.0,
349,23.266667,True,0.268,0.003,-18.9,2.0,True,True,-0.0306,-0.004,True,True,False,False,False,False,False,False,NORMAL,10.0,,False,False,False,False,False,False,NORMAL,10.0,
350,23.333333,True,0.268,0.003,-19.0,2.0,True,True,-0.0356,-0.0046,True,True,False,False,False,False,False,False,NORMAL,10.0,,False,False,False,False,False,False,NORMAL,10.0,
351,23.400000,True,0.267,0.003,-19.0,2.0,True,True,-0.0367,-0.0051,True,True,False,False,False,False,False,False,NORMAL,10.0,,False,False,False,False,False,False,NORMAL,10.0,
352,23.466667,True,0.265,0.004,-19.0,2.0,True,True,-0.0387,-0.0053,True,True,False,False,False,False,False,False,NORMAL,10.0,,False,False,False,False,False,False,NORMAL,10.0,
353,23.533333,True,0.264,0.003,-19.0,2.0,True,True,-0.0382,-0.0054,True,True,False,False,False,False,False,False,NORMAL,10.0,,False,False,False,False,False,False,NORMAL,10.0,
354,23.600000,True,0.262,0.003,-19.0,2.0,True,True,-0.0415,-0.0035,True,True,False,False,False,False,False,False,NORMAL,10.0,,False,False,False,False,False,False,NORMAL,10.0,
355,23.666667,True,0.26,0.003,-19.0,2.0,True,True,-0.0409,-0.0044,True,True,False,False,False,False,False,False,NORMAL,10.0,,False,False,False,False,False,False,NORMAL,10.0,
356,23.733333,True,0.259,0.003,-19.0,2.0,True,True,-0.0404,-0.0058,True,True,False,False,False,False,False,False,NORMAL,10.0,,False,False,False,False,False,False,NORMAL,10.0,
357,23.800000,True,0.258,0.003,-19.1,1.9,True,True,-0.0408,-0.0061,True,True,False,False,False,False,False,False,NORMAL,10.0,,False,False,False,False,False,False,NORMAL,10.0,
358,23.866667,True,0.256,0.003,-19.1,1.9,True,True,-0.0401,-0.005,True,True,False,False,False,False,False,False,NORMAL,10.0,,False,False,False,False,False,False,NORMAL,10.0,
359,23.933333,True,0.255,0.003,-19.1,1.9,True,True,-0.0417,-0.0039,True,True,False,False,False,False,False,False,NORMAL,10.0,,False,False,False,False,False,False,NORMAL,10.0,
360,24.000000,True,0.254,0.002,-19.1,1.9,True,True,-0.0357,0.0016,True,True,False,False,False,False,False,False,NORMAL,10.0,,False,False,False,False,False,False,NORMAL,10.0,
361,24.066667,True,0.253,0.003,-19.1,1.9,True,True,-0.0402,0.0009,True,True,False,False,False,False,False,False,NORMAL,10.0,,False,False,False,False,False,False,NORMAL,10.0,
362,24.133333,True,0.253,0.004,-19.0,1.9,True,True,-0.0368,0.0021,True,True,False,False,False,False,False,False,NORMAL,10.0,,False,False,False,False,False,False,NORMAL,10.0,
363,24.200000,True,0.252,0.006,-19.0,1.9,True,True,-0.0341,0.0022,True,True,False,False,False,False,False,False,NORMAL,10.0,,False,False,False,False,False,False,NORMAL,10.0,
364,24.266667,True,0.251,0.008,-19.0,1.9,True,True,-0.0336,0.0064,True,True,False,False,False,False,False,False,NORMAL,10.0,,False,False,False,False,False,False,NORMAL,10.0,
365,24.333333,True,0.249,0.01,-19.0,1.9,True,True,-0.0262,0.0055,True,True,False,False,False,False,False,False,NORMAL,10.0,,False,False,False,False,False,False,NORMAL,10.0,
366,24.400000,True,0.248,0.012,-19.0,1.9,True,True,-0.0234,0.0068,True,True,False,False,False,False,False,False,NORMAL,10.0,,False,False,False,False,False,False,NORMAL,10.0,
367,24.466667,True,0.247,0.014,-18.9,1.9,True,True,-0.0237,0.0055,True,True,False,False,False,False,False,False,NORMAL,10.0,,False,False,False,False,False,False,NORMAL,10.0,
368,24.533333,True,0.246,0.016,-18.9,1.9,True,True,-0.0218,0.0031,True,True,False,False,False,False,False,False,NORMAL,10.0,,False,False,False,False,False,False,NORMAL,10.0,
369,24.600000,True,0.246,0.016,-18.9,1.9,True,True,-0.0215,0.005,True,True,False,False,False,False,False,False,NORMAL,10.0,,False,False,False,False,False,False,NORMAL,10.0,
370,24.666667,True,0.245,0.016,-18.9,1.9,True,True,-0.0245,0.0035,True,True,False,False,False,False,False,False,NORMAL,10.0,,False,False,False,False,False,False,NORMAL,10.0,
371,24.733333,True,0.244,0.015,-18.9,1.9,True,True,-0.022,0.0049,True,True,False,False,False,False,False,False,NORMAL,10.0,,False,False,False,False,False,False,NORMAL,10.0,
372,24.800000,True,0.244,0.014,-18.9,2.0,True,True,-0.0225,0.0036,True,True,False,False,False,False,False,False,NORMAL,10.0,,False,False,False,False,False,False,NORMAL,10.0,
373,24.866667,True,0.243,0.013,-18.9,2.0,True,True,-0.0248,0.0129,True,True,False,False,False,False,False,False,NORMAL,10.0,,False,False,False,False,False,False,NORMAL,10.0,
374,24.933333,True,0.242,0.013,-18.9,1.9,True,True,-0.0267,0.0048,True,True,False,False,False,False,False,False,NORMAL,10.0,,False,False,False,False,False,False,NORMAL,10.0,
375,25.000000,True,0.241,0.012,-18.8,1.9,True,True,-0.0276,0.0074,True,True,False,False,False,False,False,False,NORMAL,10.0,,False,False,False,False,False,False,NORMAL,10.0,
376,25.066667,True,0.24,0.011,-18.8,1.9,True,True,-0.032,0.0136,True,True,False,False,False,False,False,False,NORMAL,10.0,,False,False,False,False,False,False,NORMAL,10.0,
377,25.133333,True,0.24,0.011,-18.8,1.9,True,True,-0.0342,0.0151,True,True,False,False,False,False,False,False,NORMAL,10.0,,False,False,False,False,False,False,NORMAL,10.0,
378,25.200000,True,0.24,0.011,-18.8,1.9,True,True,-0.029,0.0087,True,True,False,False,False,False,False,False,NORMAL,10.0,,False,False,False,False,False,False,NORMAL,10.0,
379,25.266667,True,0.239,0.011,-18.8,1.9,True,True,-0.0325,0.008,True,True,False,False,False,False,False,False,NORMAL,10.0,,False,False,False,False,False,False,NORMAL,10.0,
380,25.333333,True,0.239,0.011,-18.8,1.8,True,True,-0.0273,0.0085,True,True,False,False,False,False,False,False,NORMAL,10.0,,False,False,False,False,False,False,NORMAL,10.0,
381,25.400000,True,0.238,0.011,-18.8,1.8,True,True,-0.0228,0.0124,True,True,False,False,False,False,False,False,NORMAL,10.0,,False,False,False,False,False,False,NORMAL,10.0,
382,25.466667,True,0.238,0.01,-18.8,1.8,True,True,-0.0244,0.0069,True,True,False,False,False,False,False,False,NORMAL,10.0,,False,False,False,False,False,False,NORMAL,10.0,
383,25.533333,True,0.238,0.01,-18.8,1.8,True,True,-0.0262,0.01,True,True,False,False,False,False,False,False,NORMAL,10.0,,False,False,False,False,False,False,NORMAL,10.0,
384,25.600000,True,0.237,0.01,-18.7,1.8,True,True,-0.0243,0.0052,True,True,False,False,False,False,False,False,NORMAL,10.0,,False,False,False,False,False,False,NORMAL,10.0,
385,25.666667,True,0.237,0.01,-18.7,1.8,True,True,-0.0228,0.0081,True,True,False,False,False,False,False,False,NORMAL,10.0,,False,False,False,False,False,False,NORMAL,10.0,
386,25.733333,True,0.236,0.011,-18.7,1.8,True,True,-0.024,0.0065,True,True,False,False,False,False,False,False,NORMAL,10.0,,False,False,False,False,False,False,NORMAL,10.0,
387,25.800000,True,0.236,0.011,-18.7,1.8,True,True,-0.0195,0.0109,True,True,False,False,False,False,False,False,NORMAL,10.0,,False,False,False,False,False,False,NORMAL,10.0,
388,25.866667,True,0.235,0.012,-18.7,1.8,True,True,-0.0208,0.0063,True,True,False,False,False,False,False,False,NORMAL,10.0,,False,False,False,False,False,False,NORMAL,10.0,
389,25.933333,True,0.235,0.013,-18.7,1.8,True,True,-0.0194,0.009,True,True,False,False,False,False,False,False,NORMAL,10.0,,False,False,False,False,False,False,NORMAL,10.0,
390,26.000000,True,0.234,0.014,-18.6,1.8,True,True,-0.0159,0.0063,True,True,False,False,False,False,False,False,NORMAL,10.0,,False,False,False,False,False,False,NORMAL,10.0,
391,26.066667,True,0.233,0.015,-18.6,1.8,True,True,-0.0203,0.0117,True,True,False,False,False,False,False,False,NORMAL,10.0,,False,False,False,False,False,False,NORMAL,10.0,
392,26.133333,True,0.232,0.015,-18.6,1.7,True,True,-0.024,0.0091,True,True,False,False,False,False,False,False,NORMAL,10.0,,False,False,False,False,False,False,NORMAL,10.0,
393,26.200000,True,0.232,0.016,-18.5,1.7,True,True,-0.0188,0.0105,True,True,False,False,False,False,False,False,NORMAL,10.0,,False,False,False,False,False,False,NORMAL,10.0,
394,26.266667,True,0.231,0.016,-18.5,1.7,True,True,-0.0214,0.0089,True,True,False,False,False,False,False,False,NORMAL,10.0,,False,False,False,False,False,False,NORMAL,10.0,
395,26.333333,True,0.23,0.016,-18.5,1.7,True,True,-0.0189,0.0105,True,True,False,False,False,False,False,False,NORMAL,10.0,,False,False,False,False,False,False,NORMAL,10.0,
396,26.400000,True,0.23,0.016,-18.5,1.7,True,True,-0.0226,0.0082,True,True,False,False,False,False,False,False,NORMAL,10.0,,False,False,False,False,False,False,NORMAL,10.0,
397,26.466667,True,0.229,0.015,-18.4,1.7,True,True,-0.0211,0.0094,True,True,False,False,False,False,False,False,NORMAL,10.0,,False,False,False,False,False,False,NORMAL,10.0,
398,26.533333,True,0.228,0.015,-18.4,1.7,True,True,-0.0245,0.0047,True,True,False,False,False,False,False,False,NORMAL,10.0,,False,False,False,False,False,False,NORMAL,10.0,
399,26.600000,True,0.228,0.013,-18.4,1.6,True,True,-0.0265,0.0046,True,True,False,False,False,False,False,False,NORMAL,10.0,,False,False,False,False,False,False,NORMAL,10.0,
400,26.666667,True,0.228,0.012,-18.4,1.7,True,True,-0.0305,0.0049,True,True,False,False,False,False,False,False,NORMAL,10.0,,False,False,False,False,False,False,NORMAL,10.0,
401,26.733333,True,0.229,0.011,-18.4,1.7,True,True,-0.035,0.0046,True,True,False,False,False,False,False,False,NORMAL,10.0,,False,False,False,False,False,False,NORMAL,10.0,
402,26.800000,True,0.229,0.01,-18.4,1.6,True,True,-0.0388,0.0045,True,True,False,False,False,False,False,False,NORMAL,10.0,,False,False,False,False,False,False,NORMAL,10.0,
403,26.866667,True,0.229,0.009,-18.4,1.6,True,True,-0.0407,0.0037,True,True,False,False,False,False,False,False,NORMAL,10.0,,False,False,False,False,False,False,NORMAL,10.0,
404,26.933333,True,0.231,0.008,-18.5,1.6,True,True,-0.0424,0.0007,True,True,False,False,False,False,False,False,NORMAL,10.0,,False,False,False,False,False,False,NORMAL,10.0,
405,27.000000,True,0.232,0.007,-18.5,1.5,True,True,-0.0345,0.0067,True,True,False,False,False,False,False,False,NORMAL,10.0,,False,False,False,False,False,False,NORMAL,10.0,
406,27.066667,True,0.233,0.006,-18.5,1.5,True,True,-0.0399,0.0009,True,True,False,False,False,False,False,False,NORMAL,10.0,,False,False,False,False,False,False,NORMAL,10.0,
407,27.133333,True,0.234,0.005,-18.5,1.5,True,True,-0.0381,0.0039,True,True,False,False,False,False,False,False,NORMAL,10.0,,False,False,False,False,False,False,NORMAL,10.0,
408,27.200000,True,0.235,0.005,-18.5,1.5,True,True,-0.0402,0.0065,True,True,False,False,False,False,False,False,NORMAL,10.0,,False,False,False,False,False,False,NORMAL,10.0,
409,27.266667,True,0.235,0.004,-18.5,1.5,True,True,-0.0292,0.0075,True,True,False,False,False,False,False,False,NORMAL,10.0,,False,False,False,False,False,False,NORMAL,10.0,
410,27.333333,True,0.235,0.004,-18.6,1.5,True,True,-0.0378,0.0022,True,True,False,False,False,False,False,False,NORMAL,10.0,,False,False,False,False,False,False,NORMAL,10.0,
411,27.400000,True,0.235,0.004,-18.6,1.4,True,True,-0.0386,-0.0026,True,True,False,False,False,False,False,False,NORMAL,10.0,,False,False,False,False,False,False,NORMAL,10.0,
412,27.466667,True,0.235,0.004,-18.5,1.4,True,True,-0.0343,0.0024,True,True,False,False,False,False,False,False,NORMAL,10.0,,False,False,False,False,False,False,NORMAL,10.0,
413,27.533333,True,0.235,0.004,-18.5,1.4,True,True,-0.0259,0.0064,True,True,False,False,False,False,False,False,NORMAL,10.0,,False,False,False,False,False,False,NORMAL,10.0,
414,27.600000,True,0.236,0.004,-18.5,1.4,True,True,-0.0321,0.0048,True,True,False,False,False,False,False,False,NORMAL,10.0,,False,False,False,False,False,False,NORMAL,10.0,
415,27.666667,True,0.236,0.005,-18.5,1.4,True,True,-0.0292,0.0055,True,True,False,False,False,False,False,False,NORMAL,10.0,,False,False,False,False,False,False,NORMAL,10.0,
416,27.733333,True,0.236,0.005,-18.5,1.4,True,True,-0.036,0.0048,True,True,False,False,False,False,False,False,NORMAL,10.0,,False,False,False,False,False,False,NORMAL,10.0,
417,27.800000,True,0.236,0.006,-18.5,1.4,True,True,-0.0324,0.0046,True,True,False,False,False,False,False,False,NORMAL,10.0,,False,False,False,False,False,False,NORMAL,10.0,
418,27.866667,True,0.236,0.006,-18.5,1.4,True,True,-0.0325,0.0072,True,True,False,False,False,False,False,False,NORMAL,10.0,,False,False,False,False,False,False,NORMAL,10.0,
419,27.933333,True,0.236,0.007,-18.5,1.4,True,True,-0.0324,0.0094,True,True,False,False,False,False,False,False,NORMAL,10.0,,False,False,False,False,False,False,NORMAL,10.0,
420,28.000000,True,0.235,0.008,-18.5,1.4,True,True,-0.0289,0.0069,True,True,False,False,False,False,False,False,NORMAL,10.0,,False,False,False,False,False,False,NORMAL,10.0,
421,28.066667,True,0.235,0.01,-18.5,1.4,True,True,-0.0244,0.0093,True,True,False,False,False,False,False,False,NORMAL,10.0,,False,False,False,False,False,False,NORMAL,10.0,
422,28.133333,True,0.233,0.011,-18.5,1.5,True,True,-0.032,0.0074,True,True,False,False,False,False,False,False,NORMAL,10.0,,False,False,False,False,False,False,NORMAL,10.0,
423,28.200000,True,0.232,0.012,-18.5,1.5,True,True,-0.0291,0.0079,True,True,False,False,False,False,False,False,NORMAL,10.0,,False,False,False,False,False,False,NORMAL,10.0,
424,28.266667,True,0.23,0.013,-18.4,1.5,True,True,-0.0296,0.0077,True,True,False,False,False,False,False,False,NORMAL,10.0,,False,False,False,False,False,False,NORMAL,10.0,
425,28.333333,True,0.229,0.014,-18.4,1.5,True,True,-0.0298,0.0055,True,True,False,False,False,False,False,False,NORMAL,10.0,,False,False,False,False,False,False,NORMAL,10.0,
426,28.400000,True,0.227,0.015,-18.4,1.5,True,True,-0.0288,0.0031,True,True,False,False,False,False,False,False,NORMAL,10.0,,False,False,False,False,False,False,NORMAL,10.0,
427,28.466667,True,0.226,0.016,-18.3,1.5,True,True,-0.0261,0.0069,True,True,False,False,False,False,False,False,NORMAL,10.0,,False,False,False,False,False,False,NORMAL,10.0,
428,28.533333,True,0.224,0.017,-18.3,1.5,True,True,-0.0252,0.0058,True,True,False,False,False,False,False,False,NORMAL,10.0,,False,False,False,False,False,False,NORMAL,10.0,
429,28.600000,True,0.222,0.018,-18.2,1.5,True,True,-0.0246,0.0058,True,True,False,False,False,False,False,False,NORMAL,10.0,,False,False,False,False,False,False,NORMAL,10.0,
430,28.666667,True,0.221,0.019,-18.1,1.6,True,True,-0.0241,0.006,True,True,False,False,False,False,False,False,NORMAL,10.0,,False,False,False,False,False,False,NORMAL,10.0,
431,28.733333,True,0.219,0.018,-18.1,1.6,True,True,-0.024,0.0059,True,True,False,False,False,False,False,False,NORMAL,10.0,,False,False,False,False,False,False,NORMAL,10.0,
432,28.800000,True,0.218,0.017,-18.0,1.7,True,True,-0.0251,0.0064,True,True,False,False,False,False,False,False,NORMAL,10.0,,False,False,False,False,False,False,NORMAL,10.0,
433,28.866667,True,0.217,0.016,-17.9,1.8,True,True,-0.0259,0.0065,True,True,False,False,False,False,False,False,NORMAL,10.0,,False,False,False,False,False,False,NORMAL,10.0,
434,28.933333,True,0.216,0.016,-17.9,1.8,True,True,-0.027,0.006,True,True,False,False,False,False,False,False,NORMAL,10.0,,False,False,False,False,False,False,NORMAL,10.0,
435,29.000000,True,0.214,0.016,-17.8,1.9,True,True,-0.0252,0.0085,True,True,False,False,False,False,False,False,NORMAL,10.0,,False,False,False,False,False,False,NORMAL,10.0,
436,29.066667,True,0.213,0.015,-17.8,1.9,True,True,-0.0235,0.0078,True,True,False,False,False,False,False,False,NORMAL,10.0,,False,False,False,False,False,False,NORMAL,10.0,
437,29.133333,True,0.212,0.014,-17.7,2.0,True,True,-0.0233,0.0076,True,True,False,False,False,False,False,False,NORMAL,10.0,,False,False,False,False,False,False,NORMAL,10.0,
438,29.200000,True,0.211,0.014,-17.7,2.0,True,True,-0.0226,0.0099,True,True,False,False,False,False,False,False,NORMAL,10.0,,False,False,False,False,False,False,NORMAL,10.0,
439,29.266667,True,0.211,0.012,-17.7,2.1,True,True,-0.0239,0.0093,True,True,False,False,False,False,False,False,NORMAL,10.0,,False,False,False,False,False,False,NORMAL,10.0,
440,29.333333,True,0.21,0.011,-17.7,2.1,True,True,-0.0236,0.0168,True,True,False,False,False,False,False,False,NORMAL,10.0,,False,False,False,False,False,False,NORMAL,10.0,
441,29.400000,True,0.21,0.01,-17.7,2.2,True,True,-0.0197,0.0161,True,True,False,False,False,False,False,False,NORMAL,10.0,,False,False,False,False,False,False,NORMAL,10.0,
442,29.466667,True,0.209,0.01,-17.6,2.2,True,True,-0.0162,0.014,True,True,False,False,False,False,False,False,NORMAL,10.0,,False,False,False,False,False,False,NORMAL,10.0,
443,29.533333,True,0.208,0.01,-17.6,2.3,True,True,-0.0138,0.0147,True,True,False,False,False,False,False,False,NORMAL,10.0,,False,False,False,False,False,False,NORMAL,10.0,
444,29.600000,True,0.207,0.011,-17.6,2.3,True,True,-0.0137,0.0146,True,True,False,False,False,False,False,False,NORMAL,10.0,,False,False,False,False,False,False,NORMAL,10.0,
445,29.666667,True,0.207,0.011,-17.6,2.4,True,True,-0.0152,0.0185,True,True,False,False,False,False,False,False,NORMAL,10.0,,False,False,False,False,False,False,NORMAL,10.0,
446,29.733333,True,0.207,0.011,-17.6,2.4,True,True,-0.014,0.0185,True,True,False,False,False,False,False,False,NORMAL,10.0,,False,False,False,False,False,False,NORMAL,10.0,
447,29.800000,True,0.206,0.012,-17.5,2.5,True,True,-0.0218,0.0115,True,True,False,False,False,False,False,False,NORMAL,10.0,,False,False,False,False,False,False,NORMAL,10.0,
448,29.866667,True,0.205,0.012,-17.5,2.5,True,True,-0.0131,0.0147,True,True,False,False,False,False,False,False,NORMAL,10.0,,False,False,False,False,False,False,NORMAL,10.0,
449,29.933333,True,0.204,0.011,-17.4,2.5,True,True,-0.0041,0.0165,True,True,False,False,False,False,False,False,NORMAL,10.0,,False,False,False,False,False,False,NORMAL,10.0,
450,30.000000,True,0.203,0.011,-17.4,2.5,True,True,-0.0048,0.012,True,True,False,False,False,False,False,False,NORMAL,10.0,,False,False,False,False,False,False,NORMAL,10.0,
451,30.066667,True,0.204,0.01,-17.4,2.6,True,True,-0.0085,0.012,True,True,False,False,False,False,False,False,NORMAL,10.0,,False,False,False,False,False,False,NORMAL,10.0,
452,30.133333,True,0.203,0.01,-17.4,2.6,True,True,-0.0071,0.0124,True,True,False,False,False,False,False,False,NORMAL,10.0,,False,False,False,False,False,False,NORMAL,10.0,
453,30.200000,True,0.203,0.01,-17.3,2.6,True,True,-0.0068,0.0051,True,True,False,False,False,False,False,False,NORMAL,10.0,,False,False,False,False,False,False,NORMAL,10.0,
454,30.266667,True,0.203,0.009,-17.3,2.6,True,True,-0.0072,0.0065,True,True,False,False,False,False,False,False,NORMAL,10.0,,False,False,False,False,False,False,NORMAL,10.0,
455,30.333333,True,0.203,0.009,-17.3,2.6,True,True,-0.0078,0.0079,True,True,False,False,False,False,False,False,NORMAL,10.0,,False,False,False,False,False,False,NORMAL,10.0,
456,30.400000,True,0.204,0.009,-17.4,2.6,True,True,-0.0079,0.0045,True,True,False,False,False,False,False,False,NORMAL,10.0,,False,False,False,False,False,False,NORMAL,10.0,
457,30.466667,True,0.205,0.009,-17.4,2.7,True,True,-0.0143,0.0056,True,True,False,False,False,False,False,False,NORMAL,10.0,,False,False,False,False,False,False,NORMAL,10.0,
458,30.533333,True,0.206,0.009,-17.4,2.7,True,True,-0.0191,0.0091,True,True,False,False,False,False,False,False,NORMAL,10.0,,False,False,False,False,False,False,NORMAL,10.0,
459,30.600000,True,0.208,0.008,-17.4,2.7,True,True,-0.0198,0.012,True,True,False,False,False,False,False,False,NORMAL,10.0,,False,False,False,False,False,False,NORMAL,10.0,
460,30.666667,True,0.21,0.008,-17.5,2.7,True,True,-0.0223,0.013,True,True,False,False,False,False,False,False,NORMAL,10.0,,False,False,False,False,False,False,NORMAL,10.0,
461,30.733333,True,0.211,0.008,-17.5,2.7,True,True,-0.0236,0.0171,True,True,False,False,False,False,False,False,NORMAL,10.0,,False,False,False,False,False,False,NORMAL,10.0,
462,30.800000,True,0.212,0.008,-17.5,2.7,True,True,-0.0244,0.0161,True,True,False,False,False,False,False,False,NORMAL,10.0,,False,False,False,False,False,False,NORMAL,10.0,
463,30.866667,True,0.214,0.007,-17.5,2.7,True,True,-0.0273,0.0179,True,True,False,False,False,False,False,False,NORMAL,10.0,,False,False,False,False,False,False,NORMAL,10.0,
464,30.933333,True,0.214,0.007,-17.6,2.7,True,True,-0.0241,0.0186,True,True,False,False,False,False,False,False,NORMAL,10.0,,False,False,False,False,False,False,NORMAL,10.0,
465,31.000000,True,0.215,0.007,-17.6,2.7,True,True,-0.0249,0.0176,True,True,False,False,False,False,False,False,NORMAL,10.0,,False,False,False,False,False,False,NORMAL,10.0,
466,31.066667,True,0.215,0.007,-17.6,2.7,True,True,-0.0263,0.0217,True,True,False,False,False,False,False,False,NORMAL,10.0,,False,False,False,False,False,False,NORMAL,10.0,
467,31.133333,True,0.216,0.007,-17.6,2.7,True,True,-0.0234,0.0212,True,True,False,False,False,False,False,False,NORMAL,10.0,,False,False,False,False,False,False,NORMAL,10.0,
468,31.200000,True,0.216,0.007,-17.6,2.7,True,True,-0.0237,0.0204,True,True,False,False,False,False,False,False,NORMAL,10.0,,False,False,False,False,False,False,NORMAL,10.0,
469,31.266667,True,0.216,0.007,-17.6,2.7,True,True,-0.0239,0.0179,True,True,False,False,False,False,False,False,NORMAL,10.0,,False,False,False,False,False,False,NORMAL,10.0,
470,31.333333,True,0.217,0.007,-17.6,2.7,True,True,-0.0257,0.0199,True,True,False,False,False,False,False,False,NORMAL,10.0,,False,False,False,False,False,False,NORMAL,10.0,
471,31.400000,True,0.217,0.007,-17.6,2.7,True,True,-0.0246,0.0207,True,True,False,False,False,False,False,False,NORMAL,10.0,,False,False,False,False,False,False,NORMAL,10.0,
472,31.466667,True,0.218,0.007,-17.6,2.7,True,True,-0.021,0.023,True,True,False,False,False,False,False,False,NORMAL,10.0,,False,False,False,False,False,False,NORMAL,10.0,
473,31.533333,True,0.218,0.007,-17.6,2.7,True,True,-0.0197,0.019,True,True,False,False,False,False,False,False,NORMAL,10.0,,False,False,False,False,False,False,NORMAL,10.0,
474,31.600000,True,0.219,0.007,-17.6,2.7,True,True,-0.0205,0.0231,True,True,False,False,False,False,False,False,NORMAL,10.0,,False,False,False,False,False,False,NORMAL,10.0,
475,31.666667,True,0.22,0.008,-17.6,2.7,True,True,-0.0222,0.0259,True,True,False,False,False,False,False,False,NORMAL,10.0,,False,False,False,False,False,False,NORMAL,10.0,
476,31.733333,True,0.221,0.008,-17.6,2.7,True,True,-0.0192,0.0251,True,True,False,False,False,False,False,False,NORMAL,10.0,,False,False,False,False,False,False,NORMAL,10.0,
477,31.800000,True,0.222,0.008,-17.7,2.7,True,True,-0.0178,0.0248,True,True,False,False,False,False,False,False,NORMAL,10.0,,False,False,False,False,False,False,NORMAL,10.0,
478,31.866667,True,0.223,0.008,-17.7,2.8,True,True,-0.0189,0.0236,True,True,False,False,False,False,False,False,NORMAL,10.0,,False,False,False,False,False,False,NORMAL,10.0,
479,31.933333,True,0.224,0.008,-17.7,2.7,True,True,-0.018,0.0196,True,True,False,False,False,False,False,False,NORMAL,10.0,,False,False,False,False,False,False,NORMAL,10.0,
480,32.000000,True,0.222,0.007,-17.7,2.7,True,True,-0.0048,0.0151,True,True,False,False,False,False,False,False,NORMAL,10.0,,False,False,False,False,False,False,NORMAL,10.0,
481,32.066667,True,0.219,0.007,-17.7,2.7,True,True,-0.0041,0.0166,True,True,False,False,False,False,False,False,NORMAL,10.0,,False,False,False,False,False,False,NORMAL,10.0,
482,32.133333,True,0.219,0.007,-17.7,2.7,True,True,0.0046,0.0173,True,True,False,False,False,False,False,False,NORMAL,10.0,,False,False,False,False,False,False,NORMAL,10.0,
483,32.200000,True,0.22,0.006,-17.7,2.7,True,True,0.0031,0.0219,True,True,False,False,False,False,False,False,NORMAL,10.0,,False,False,False,False,False,False,NORMAL,10.0,
484,32.266667,True,0.222,0.006,-17.7,2.7,True,True,-0.0023,0.0241,True,True,False,False,False,False,False,False,NORMAL,10.0,,False,False,False,False,False,False,NORMAL,10.0,
485,32.333333,True,0.221,0.007,-17.7,2.8,True,True,-0.0025,0.0277,True,True,False,False,False,False,False,False,NORMAL,10.0,,False,False,False,False,False,False,NORMAL,10.0,
486,32.400000,True,0.224,0.008,-17.6,2.8,True,True,-0.0014,0.0296,True,True,False,False,False,False,False,False,NORMAL,10.0,,False,False,False,False,False,False,NORMAL,10.0,
487,32.466667,True,0.227,0.008,-17.6,2.8,True,True,0.0003,0.0302,True,True,False,False,False,False,False,False,NORMAL,10.0,,False,False,False,False,False,False,NORMAL,10.0,
488,32.533333,True,0.232,0.008,-17.5,2.9,True,True,0.0057,0.0316,True,True,False,False,False,False,False,False,NORMAL,10.0,,False,False,False,False,False,False,NORMAL,10.0,
489,32.600000,True,0.237,0.006,-17.5,3.0,True,True,0.0073,0.0339,True,True,False,False,False,False,False,False,NORMAL,10.0,,False,False,False,False,False,False,NORMAL,10.0,
490,32.666667,True,0.241,0.005,-17.4,3.2,True,True,0.008,0.037,True,True,False,False,False,False,False,False,NORMAL,10.0,,False,False,False,False,False,False,NORMAL,10.0,
491,32.733333,True,0.244,0.004,-17.3,3.3,True,True,0.004,0.0377,True,True,False,False,False,False,False,False,NORMAL,10.0,,False,False,False,False,False,False,NORMAL,10.0,
492,32.800000,True,0.246,0.007,-17.3,3.5,True,True,0.0117,0.0407,True,True,False,False,False,False,False,False,NORMAL,10.0,,False,False,False,False,False,False,NORMAL,10.0,
493,32.866667,True,0.245,0.011,-17.2,3.6,True,True,0.0088,0.0448,True,True,False,False,False,False,False,False,NORMAL,10.0,,False,False,False,False,False,False,NORMAL,10.0,
494,32.933333,True,0.243,0.014,-17.2,3.9,True,True,0.0121,0.0591,True,True,False,False,False,False,False,False,NORMAL,10.0,,False,False,False,False,False,False,NORMAL,10.0,
495,33.000000,True,0.23,0.018,-17.0,4.3,True,True,0.0206,0.0578,True,True,False,False,False,False,False,False,NORMAL,10.0,,False,False,False,False,False,False,NORMAL,10.0,
496,33.066667,True,0.211,0.024,-16.9,4.6,True,True,0.0234,0.0632,True,True,False,False,False,False,False,False,NORMAL,10.0,,False,False,False,False,False,False,NORMAL,10.0,
497,33.133333,True,0.202,0.029,-16.8,5.1,True,True,0.0215,0.0675,True,True,False,False,False,False,False,False,NORMAL,10.0,,False,False,False,False,False,False,NORMAL,10.0,
498,33.200000,True,0.192,0.031,-16.6,5.6,True,True,0.0246,0.0709,True,True,False,False,False,False,False,False,NORMAL,10.0,,False,False,False,False,False,False,NORMAL,10.0,
499,33.266667,True,0.191,0.039,-16.5,6.1,True,True,0.0261,0.076,True,True,False,False,False,False,False,False,NORMAL,10.0,,False,False,False,False,False,False,NORMAL,10.0,
500,33.333333,True,0.194,0.031,-16.2,6.8,True,True,0.0212,0.0951,True,True,False,False,False,False,False,False,NORMAL,10.0,,False,False,False,False,False,False,NORMAL,10.0,
501,33.400000,True,0.211,0.026,-16.0,7.3,True,True,0.0301,0.1065,True,True,False,False,False,False,False,False,NORMAL,10.0,,False,False,False,False,False,False,NORMAL,10.0,
502,33.466667,True,0.218,0.02,-15.8,8.0,True,True,0.0346,0.1225,True,True,False,False,False,False,False,False,NORMAL,10.0,,False,False,False,False,False,False,NORMAL,10.0,
503,33.533333,True,0.223,0.014,-15.8,8.6,True,True,0.0354,0.1556,True,True,False,False,False,False,False,False,NORMAL,10.0,,False,False,False,False,False,False,NORMAL,10.0,
504,33.600000,True,0.22,0.012,-16.0,9.3,True,True,0.033,0.1799,True,True,False,False,False,False,False,False,NORMAL,10.0,,False,False,False,False,False,False,NORMAL,10.0,
505,33.666667,True,0.218,0.012,-16.2,9.8,True,True,0.0348,0.1936,True,True,False,False,False,False,False,False,NORMAL,10.0,,False,False,False,False,False,False,NORMAL,10.0,
506,33.733333,True,0.241,0.023,-15.9,9.9,True,True,0.0399,0.208,True,True,False,False,False,False,False,False,NORMAL,10.0,,False,False,False,False,False,False,NORMAL,10.0,
507,33.800000,True,0.238,0.02,-16.0,10.4,True,True,0.045,0.2186,True,True,False,False,False,False,False,False,NORMAL,10.0,,False,False,False,False,False,False,NORMAL,10.0,
508,33.866667,True,0.244,0.015,-15.6,10.8,True,True,0.0453,0.2059,True,True,False,False,False,False,False,False,NORMAL,10.0,,False,False,False,False,False,False,NORMAL,10.0,
509,33.933333,True,0.243,0.017,-15.7,10.6,True,True,0.0502,0.2038,True,True,False,False,False,False,False,False,NORMAL,10.0,,False,False,False,False,False,False,NORMAL,10.0,
510,34.000000,True,0.251,0.016,-15.5,10.5,True,True,0.0519,0.1879,True,True,False,False,False,False,False,False,NORMAL,10.0,,False,False,False,False,False,False,NORMAL,10.0,
511,34.066667,True,0.243,0.013,-15.1,10.4,True,True,0.0665,0.1804,True,True,False,False,False,False,False,False,NORMAL,10.0,,False,False,False,False,False,False,NORMAL,10.0,
512,34.133333,True,0.251,0.015,-14.8,10.3,True,True,0.0599,0.1575,True,True,False,False,False,False,False,False,NORMAL,10.0,,False,False,False,False,False,False,NORMAL,10.0,
513,34.200000,True,0.253,0.017,-14.7,10.1,True,True,0.049,0.1493,True,True,False,False,False,False,False,False,NORMAL,10.0,,False,False,False,False,False,False,NORMAL,10.0,
514,34.266667,True,0.256,0.019,-14.8,9.9,True,True,0.0502,0.1333,True,True,False,False,False,False,False,False,NORMAL,10.0,,False,False,False,False,False,False,NORMAL,10.0,
515,34.333333,True,0.255,0.02,-14.8,9.7,True,True,0.0547,0.1275,True,True,False,False,False,False,False,False,NORMAL,10.0,,False,False,False,False,False,False,NORMAL,10.0,
516,34.400000,True,0.253,0.022,-14.9,9.4,True,True,0.0444,0.1167,True,True,False,False,False,False,False,False,NORMAL,10.0,,False,False,False,False,False,False,NORMAL,10.0,
517,34.466667,True,0.248,0.023,-15.0,9.1,True,True,0.0374,0.1013,True,True,False,False,False,False,False,False,NORMAL,10.0,,False,False,False,False,False,False,NORMAL,10.0,
518,34.533333,True,0.243,0.023,-15.2,8.9,True,True,0.0299,0.0985,True,True,False,False,False,False,False,False,NORMAL,10.0,,False,False,False,False,False,False,NORMAL,10.0,
519,34.600000,True,0.239,0.025,-15.3,8.7,True,True,0.0298,0.0982,True,True,False,False,False,False,False,False,NORMAL,10.0,,False,False,False,False,False,False,NORMAL,10.0,
520,34.666667,True,0.23,0.027,-15.4,8.5,True,True,0.0172,0.0885,True,True,False,False,False,False,False,False,NORMAL,10.0,,False,False,False,False,False,False,NORMAL,10.0,
521,34.733333,True,0.225,0.031,-15.5,8.4,True,True,0.0164,0.0808,True,True,False,False,False,False,False,False,NORMAL,10.0,,False,False,False,False,False,False,NORMAL,10.0,
522,34.800000,True,0.22,0.033,-15.6,8.2,True,True,0.0162,0.0794,True,True,False,False,False,False,False,False,NORMAL,10.0,,False,False,False,False,False,False,NORMAL,10.0,
523,34.866667,True,0.217,0.033,-15.7,8.0,True,True,0.013,0.0719,True,True,False,False,False,False,False,False,NORMAL,10.0,,False,False,False,False,False,False,NORMAL,10.0,
524,34.933333,True,0.216,0.034,-15.8,7.9,True,True,0.0112,0.0707,True,True,False,False,False,False,False,False,NORMAL,10.0,,False,False,False,False,False,False,NORMAL,10.0,
525,35.000000,True,0.212,0.035,-15.9,7.8,True,True,0.0057,0.0694,True,True,False,False,False,False,False,False,NORMAL,10.0,,False,False,False,False,False,False,NORMAL,10.0,
526,35.066667,True,0.212,0.036,-16.0,7.7,True,True,0.0066,0.0671,True,True,False,False,False,False,False,False,NORMAL,10.0,,False,False,False,False,False,False,NORMAL,10.0,
527,35.133333,True,0.21,0.036,-16.1,7.6,True,True,0.0032,0.0663,True,True,False,False,False,False,False,False,NORMAL,10.0,,False,False,False,False,False,False,NORMAL,10.0,
528,35.200000,True,0.211,0.037,-16.1,7.4,True,True,-0.0016,0.0664,True,True,False,False,False,False,False,False,NORMAL,10.0,,False,False,False,False,False,False,NORMAL,10.0,
529,35.266667,True,0.209,0.035,-16.2,7.3,True,True,-0.0056,0.0642,True,True,False,False,False,False,False,False,NORMAL,10.0,,False,False,False,False,False,False,NORMAL,10.0,
530,35.333333,True,0.21,0.035,-16.2,7.2,True,True,-0.0077,0.0696,True,True,False,False,False,False,False,False,NORMAL,10.0,,False,False,False,False,False,False,NORMAL,10.0,
531,35.400000,True,0.209,0.034,-16.2,7.1,True,True,-0.0095,0.0675,True,True,False,False,False,False,False,False,NORMAL,10.0,,False,False,False,False,False,False,NORMAL,10.0,
532,35.466667,True,0.207,0.032,-16.3,7.0,True,True,-0.0187,0.0721,True,True,False,False,False,False,False,False,NORMAL,10.0,,False,False,False,False,False,False,NORMAL,10.0,
533,35.533333,True,0.208,0.031,-16.3,7.0,True,True,-0.025,0.0725,True,True,False,False,False,False,False,False,NORMAL,10.0,,False,False,False,False,False,False,NORMAL,10.0,
534,35.600000,True,0.21,0.03,-16.3,7.0,True,True,-0.0202,0.0769,True,True,False,False,False,False,False,False,NORMAL,10.0,,False,False,False,False,False,False,NORMAL,10.0,
535,35.666667,True,0.209,0.028,-16.4,7.1,True,True,-0.022,0.0855,True,True,False,False,False,False,False,False,NORMAL,10.0,,False,False,False,False,False,False,NORMAL,10.0,
536,35.733333,True,0.211,0.03,-16.5,7.2,True,True,-0.0203,0.0839,True,True,False,False,False,False,False,False,NORMAL,10.0,,False,False,False,False,False,False,NORMAL,10.0,
537,35.800000,True,0.205,0.032,-16.6,7.3,True,True,-0.0285,0.0891,True,True,False,False,False,False,False,False,NORMAL,10.0,,False,False,False,False,False,False,NORMAL,10.0,
538,35.866667,True,0.21,0.029,-16.7,7.3,True,True,-0.0343,0.0929,True,True,False,False,False,False,False,False,NORMAL,10.0,,False,False,False,False,False,False,NORMAL,10.0,
539,35.933333,True,0.209,0.029,-16.9,7.5,True,True,-0.0394,0.0999,True,True,False,False,False,False,False,False,NORMAL,10.0,,False,False,False,False,False,False,NORMAL,10.0,
540,36.000000,True,0.198,0.025,-17.0,7.6,True,True,-0.0292,0.1124,True,True,False,False,False,False,False,False,NORMAL,10.0,,False,False,False,False,False,False,NORMAL,10.0,
541,36.066667,True,0.216,0.024,-17.0,7.8,True,True,-0.0379,0.1319,True,True,False,False,False,False,False,False,NORMAL,10.0,,False,False,False,False,False,False,NORMAL,10.0,
542,36.133333,True,0.166,0.014,-17.4,8.4,True,True,-0.0441,0.1699,True,True,False,False,False,False,False,False,NORMAL,10.0,,False,False,False,False,False,False,NORMAL,10.0,
543,36.200000,True,0.151,0.016,-17.7,8.8,True,True,-0.0379,0.2063,True,True,False,False,False,False,False,False,NORMAL,10.0,,False,False,False,False,False,False,NORMAL,10.0,
544,36.266667,True,0.161,0.021,-17.9,9.0,True,True,-0.0435,0.2011,True,True,False,False,False,False,False,False,NORMAL,10.0,,False,False,False,False,False,False,NORMAL,10.0,
545,36.333333,True,0.146,0.023,-18.0,8.7,True,True,-0.0539,0.2082,True,True,False,False,False,False,False,False,NORMAL,10.0,,False,False,False,False,False,False,NORMAL,10.0,
546,36.400000,True,0.141,0.019,-18.3,9.0,True,True,-0.0528,0.1979,True,True,False,False,False,False,False,False,NORMAL,10.0,,False,False,False,False,False,False,NORMAL,10.0,
547,36.466667,True,0.159,0.016,-18.4,8.6,True,True,-0.0509,0.1849,True,True,False,False,False,False,False,False,NORMAL,10.0,,False,False,False,False,False,False,NORMAL,10.0,
548,36.533333,True,0.163,0.021,-18.7,8.6,True,True,-0.047,0.1824,True,True,False,False,False,False,False,False,NORMAL,10.0,,False,False,False,False,False,False,NORMAL,10.0,
549,36.600000,True,0.159,0.019,-18.8,8.8,True,True,-0.0471,0.1644,True,True,False,False,False,False,False,False,NORMAL,10.0,,False,False,False,False,False,False,NORMAL,10.0,
550,36.666667,True,0.162,0.021,-18.9,8.5,True,True,-0.0396,0.1504,True,True,False,False,False,False,False,False,NORMAL,10.0,,False,False,False,False,False,False,NORMAL,10.0,
551,36.733333,True,0.172,0.024,-19.0,8.6,True,True,-0.0335,0.1327,True,True,False,False,False,False,False,False,NORMAL,10.0,,False,False,False,False,False,False,NORMAL,10.0,
552,36.800000,True,0.183,0.027,-19.0,8.5,True,True,-0.0308,0.115,True,True,False,False,False,False,False,False,NORMAL,10.0,,False,False,False,False,False,False,NORMAL,10.0,
553,36.866667,True,0.189,0.03,-18.9,8.3,True,True,-0.0309,0.1022,True,True,False,False,False,False,False,False,NORMAL,10.0,,False,False,False,False,False,False,NORMAL,10.0,
554,36.933333,True,0.188,0.034,-18.9,8.2,True,True,-0.0319,0.0856,True,True,False,False,False,False,False,False,NORMAL,10.0,,False,False,False,False,False,False,NORMAL,10.0,
555,37.000000,True,0.191,0.038,-18.9,8.1,True,True,-0.0263,0.0775,True,True,False,False,False,False,False,False,NORMAL,10.0,,False,False,False,False,False,False,NORMAL,10.0,
556,37.066667,True,0.191,0.042,-18.9,8.1,True,True,-0.0413,0.0699,True,True,False,False,False,False,False,False,NORMAL,10.0,,False,False,False,False,False,False,NORMAL,10.0,
557,37.133333,True,0.192,0.048,-19.1,8.1,True,True,-0.0459,0.0607,True,True,False,False,False,False,False,False,NORMAL,10.0,,False,False,False,False,False,False,NORMAL,10.0,
558,37.200000,True,0.201,0.051,-19.3,8.0,True,True,-0.0436,0.0465,True,True,False,False,False,False,False,False,NORMAL,10.0,,False,False,False,False,False,False,NORMAL,10.0,
559,37.266667,True,0.215,0.039,-19.3,7.6,True,True,-0.047,0.0349,True,True,False,False,False,False,False,False,NORMAL,10.0,,False,False,False,False,False,False,NORMAL,10.0,
560,37.333333,True,0.217,0.023,-19.1,7.3,True,True,-0.0504,0.0302,True,True,False,False,False,False,False,False,NORMAL,10.0,,False,False,False,False,False,False,NORMAL,10.0,
561,37.400000,True,0.223,0.012,-19.0,6.8,True,True,-0.0489,0.0248,True,True,False,False,False,False,False,False,NORMAL,10.0,,False,False,False,False,False,False,NORMAL,10.0,
562,37.466667,True,0.234,0.004,-18.9,6.2,True,True,-0.0468,0.0193,True,True,False,False,False,False,False,False,NORMAL,10.0,,False,False,False,False,False,False,NORMAL,10.0,
563,37.533333,True,0.249,0.006,-18.8,5.8,True,True,-0.0676,0.0131,True,True,False,False,False,False,False,False,NORMAL,10.0,,False,False,False,False,False,False,NORMAL,10.0,
564,37.600000,True,0.261,0.01,-18.7,5.3,True,True,-0.0554,0.0159,True,True,False,False,False,False,False,False,NORMAL,10.0,,False,False,False,False,False,False,NORMAL,10.0,
565,37.666667,True,0.261,0.011,-18.7,5.0,True,True,-0.0519,0.0209,True,True,False,False,False,False,False,False,NORMAL,10.0,,False,False,False,False,False,False,NORMAL,10.0,
566,37.733333,True,0.261,0.012,-18.7,4.8,True,True,-0.0649,0.02,True,True,False,False,False,False,False,False,NORMAL,10.0,,False,False,False,False,False,False,NORMAL,10.0,
567,37.800000,True,0.267,0.013,-18.7,4.7,True,True,-0.0628,0.025,True,True,False,False,False,False,False,False,NORMAL,10.0,,False,False,False,False,False,False,NORMAL,10.0,
568,37.866667,True,0.264,0.014,-18.6,4.6,True,True,-0.0611,0.0283,True,True,False,False,False,False,False,False,NORMAL,10.0,,False,False,False,False,False,False,NORMAL,10.0,
569,37.933333,True,0.258,0.015,-18.5,4.5,True,True,-0.0606,0.0216,True,True,False,False,False,False,False,False,NORMAL,10.0,,False,False,False,False,False,False,NORMAL,10.0,
570,38.000000,True,0.252,0.018,-18.4,4.4,True,True,-0.0463,0.0223,True,True,False,False,False,False,False,False,NORMAL,10.0,,False,False,False,False,False,False,NORMAL,10.0,
571,38.066667,True,0.241,0.019,-18.4,4.4,True,True,-0.0524,0.0173,True,True,False,False,False,False,False,False,NORMAL,10.0,,False,False,False,False,False,False,NORMAL,10.0,
572,38.133333,True,0.231,0.021,-18.3,4.5,True,True,-0.0424,0.0174,True,True,False,False,False,False,False,False,NORMAL,10.0,,False,False,False,False,False,False,NORMAL,10.0,
573,38.200000,True,0.227,0.022,-18.4,4.5,True,True,-0.0549,0.0037,True,True,False,False,False,False,False,False,NORMAL,10.0,,False,False,False,False,False,False,NORMAL,10.0,
574,38.266667,True,0.222,0.021,-18.4,4.6,True,True,-0.0445,0.0117,True,True,False,False,False,False,False,False,NORMAL,10.0,,False,False,False,False,False,False,NORMAL,10.0,
575,38.333333,True,0.221,0.021,-18.5,4.6,True,True,-0.0396,0.0138,True,True,False,False,False,False,False,False,NORMAL,10.0,,False,False,False,False,False,False,NORMAL,10.0,
576,38.400000,True,0.22,0.019,-18.6,4.6,True,True,-0.0409,0.0132,True,True,False,False,False,False,False,False,NORMAL,10.0,,False,False,False,False,False,False,NORMAL,10.0,
577,38.466667,True,0.221,0.016,-18.7,4.7,True,True,-0.0413,0.0153,True,True,False,False,False,False,False,False,NORMAL,10.0,,False,False,False,False,False,False,NORMAL,10.0,
578,38.533333,True,0.225,0.014,-18.7,4.7,True,True,-0.0426,0.0162,True,True,False,False,False,False,False,False,NORMAL,10.0,,False,False,False,False,False,False,NORMAL,10.0,
579,38.600000,True,0.228,0.012,-18.8,4.7,True,True,-0.0541,0.0139,True,True,False,False,False,False,False,False,NORMAL,10.0,,False,False,False,False,False,False,NORMAL,10.0,
580,38.666667,True,0.231,0.01,-18.8,4.7,True,True,-0.0467,0.0176,True,True,False,False,False,False,False,False,NORMAL,10.0,,False,False,False,False,False,False,NORMAL,10.0,
581,38.733333,True,0.233,0.008,-18.9,4.6,True,True,-0.046,0.0191,True,True,False,False,False,False,False,False,NORMAL,10.0,,False,False,False,False,False,False,NORMAL,10.0,
582,38.800000,True,0.235,0.007,-18.9,4.5,True,True,-0.0489,0.0232,True,True,False,False,False,False,False,False,NORMAL,10.0,,False,False,False,False,False,False,NORMAL,10.0,
583,38.866667,True,0.237,0.006,-18.9,4.5,True,True,-0.059,0.0128,True,True,False,False,False,False,False,False,NORMAL,10.0,,False,False,False,False,False,False,NORMAL,10.0,
584,38.933333,True,0.238,0.005,-18.9,4.4,True,True,-0.0622,0.0132,True,True,False,False,False,False,False,False,NORMAL,10.0,,False,False,False,False,False,False,NORMAL,10.0,
585,39.000000,True,0.242,0.005,-18.9,4.3,True,True,-0.0674,0.0111,True,True,False,False,False,False,False,False,NORMAL,10.0,,False,False,False,False,False,False,NORMAL,10.0,
586,39.066667,True,0.244,0.005,-18.9,4.2,True,True,-0.059,0.016,True,True,False,False,False,False,False,False,NORMAL,10.0,,False,False,False,False,False,False,NORMAL,10.0,
587,39.133333,True,0.248,0.005,-18.9,4.1,True,True,-0.0607,0.0098,True,True,False,False,False,False,False,False,NORMAL,10.0,,False,False,False,False,False,False,NORMAL,10.0,
588,39.200000,True,0.249,0.005,-18.9,4.0,True,True,-0.0646,0.0124,True,True,False,False,False,False,False,False,NORMAL,10.0,,False,False,False,False,False,False,NORMAL,10.0,
589,39.266667,True,0.251,0.005,-18.9,3.9,True,True,-0.0597,0.0137,True,True,False,False,False,False,False,False,NORMAL,10.0,,False,False,False,False,False,False,NORMAL,10.0,
590,39.333333,True,0.252,0.005,-18.9,3.8,True,True,-0.0582,0.0154,True,True,False,False,False,False,False,False,NORMAL,10.0,,False,False,False,False,False,False,NORMAL,10.0,
591,39.400000,True,0.251,0.005,-18.9,3.8,True,True,-0.0546,0.0138,True,True,False,False,False,False,False,False,NORMAL,10.0,,False,False,False,False,False,False,NORMAL,10.0,
592,39.466667,True,0.25,0.006,-18.9,3.7,True,True,-0.0537,0.0127,True,True,False,False,False,False,False,False,NORMAL,10.0,,False,False,False,False,False,False,NORMAL,10.0,
593,39.533333,True,0.25,0.006,-18.9,3.7,True,True,-0.067,0.0043,True,True,False,False,False,False,False,False,NORMAL,10.0,,False,False,False,False,False,False,NORMAL,10.0,
594,39.600000,True,0.249,0.007,-18.9,3.7,True,True,-0.0444,0.0167,True,True,False,False,False,False,False,False,NORMAL,10.0,,False,False,False,False,False,False,NORMAL,10.0,
595,39.666667,True,0.248,0.008,-19.0,3.7,True,True,-0.0415,0.0179,True,True,False,False,False,False,False,False,NORMAL,10.0,,False,False,False,False,False,False,NORMAL,10.0,
596,39.733333,True,0.248,0.009,-19.0,3.7,True,True,-0.0474,0.0132,True,True,False,False,False,False,False,False,NORMAL,10.0,,False,False,False,False,False,False,NORMAL,10.0,
597,39.800000,True,0.247,0.01,-19.1,3.7,True,True,-0.0387,0.0268,True,True,False,False,False,False,False,False,NORMAL,10.0,,False,False,False,False,False,False,NORMAL,10.0,
598,39.866667,True,0.248,0.011,-19.1,3.6,True,True,-0.0412,0.0293,True,True,False,False,False,False,False,False,NORMAL,10.0,,False,False,False,False,False,False,NORMAL,10.0,
599,39.933333,True,0.248,0.012,-19.1,3.6,True,True,-0.0382,0.0193,True,True,False,False,False,False,False,False,NORMAL,10.0,,False,False,False,False,False,False,NORMAL,10.0,
600,40.000000,True,0.248,0.013,-19.0,3.6,True,True,-0.0367,-0.0018,True,True,False,False,False,False,False,False,NORMAL,10.0,,False,False,False,False,False,False,NORMAL,10.0,
601,40.066667,True,0.248,0.013,-19.0,3.6,True,True,-0.0451,0.0105,True,True,False,False,False,False,False,False,NORMAL,10.0,,False,False,False,False,False,False,NORMAL,10.0,
602,40.133333,True,0.251,0.013,-19.1,3.6,True,True,-0.0475,0.0074,True,True,False,False,False,False,False,False,NORMAL,10.0,,False,False,False,False,False,False,NORMAL,10.0,
603,40.200000,True,0.251,0.013,-19.0,3.6,True,True,-0.0511,0.0089,True,True,False,False,False,False,False,False,NORMAL,10.0,,False,False,False,False,False,False,NORMAL,10.0,
604,40.266667,True,0.252,0.013,-19.0,3.6,True,True,-0.0578,0.0106,True,True,False,False,False,False,False,False,NORMAL,10.0,,False,False,False,False,False,False,NORMAL,10.0,
605,40.333333,True,0.253,0.013,-19.0,3.6,True,True,-0.0497,0.0101,True,True,False,False,False,False,False,False,NORMAL,10.0,,False,False,False,False,False,False,NORMAL,10.0,
606,40.400000,True,0.252,0.013,-19.0,3.5,True,True,-0.0476,0.0065,True,True,False,False,False,False,False,False,NORMAL,10.0,,False,False,False,False,False,False,NORMAL,10.0,
607,40.466667,True,0.25,0.012,-19.0,3.4,True,True,-0.0399,-0.006,True,True,False,False,False,False,False,False,NORMAL,10.0,,False,False,False,False,False,False,NORMAL,10.0,
608,40.533333,True,0.25,0.01,-19.0,3.2,True,True,-0.0234,-0.0075,True,True,False,False,False,False,False,False,NORMAL,10.0,,False,False,False,False,False,False,NORMAL,10.0,
609,40.600000,True,0.24,0.008,-18.9,2.9,True,True,-0.0134,-0.0178,True,True,False,False,False,False,False,False,NORMAL,10.0,,False,False,False,False,False,False,NORMAL,10.0,
610,40.666667,True,0.23,0.006,-18.9,2.6,True,True,-0.009,-0.0243,True,True,False,False,False,False,False,False,NORMAL,10.0,,False,False,False,False,False,False,NORMAL,10.0,
611,40.733333,True,0.208,0.006,-18.7,2.3,True,True,0.0091,-0.0282,True,True,False,False,False,False,False,False,NORMAL,10.0,,False,False,False,False,False,False,NORMAL,10.0,
612,40.800000,True,0.194,0.006,-18.6,2.1,True,True,0.014,-0.0301,True,True,False,False,False,False,False,False,NORMAL,10.0,,False,False,False,False,False,False,NORMAL,10.0,
613,40.866667,True,0.187,0.006,-18.6,1.9,True,True,0.0169,-0.043,True,True,False,False,False,False,False,False,NORMAL,10.0,,False,False,False,False,False,False,NORMAL,10.0,
614,40.933333,True,0.195,0.005,-18.5,1.6,True,True,0.0146,-0.0444,True,True,False,False,False,False,False,False,NORMAL,10.0,,False,False,False,False,False,False,NORMAL,10.0,
615,41.000000,True,0.198,0.005,-18.5,1.3,True,True,0.0309,-0.0489,True,True,False,False,False,False,False,False,NORMAL,10.0,,False,False,False,False,False,False,NORMAL,10.0,
616,41.066667,True,0.203,0.006,-18.4,1.1,True,True,0.0262,-0.0418,True,True,False,False,False,False,False,False,NORMAL,10.0,,False,False,False,False,False,False,NORMAL,10.0,
617,41.133333,True,0.213,0.006,-18.5,1.0,True,True,0.0181,-0.0362,True,True,False,False,False,False,False,False,NORMAL,10.0,,False,False,False,False,False,False,NORMAL,10.0,
618,41.200000,True,0.221,0.007,-18.5,0.9,True,True,0.0129,-0.0317,True,True,False,False,False,False,False,False,NORMAL,10.0,,False,False,False,False,False,False,NORMAL,10.0,
619,41.266667,True,0.229,0.009,-18.6,0.9,True,True,-0.0021,-0.0257,True,True,False,False,False,False,False,False,NORMAL,10.0,,False,False,False,False,False,False,NORMAL,10.0,
620,41.333333,True,0.236,0.011,-18.5,0.9,True,True,-0.0194,-0.014,True,True,False,False,False,False,False,False,NORMAL,10.0,,False,False,False,False,False,False,NORMAL,10.0,
621,41.400000,True,0.245,0.013,-18.5,0.9,True,True,-0.0347,-0.0099,True,True,False,False,False,False,False,False,NORMAL,10.0,,False,False,False,False,False,False,NORMAL,10.0,
622,41.466667,True,0.251,0.013,-18.6,0.9,True,True,-0.0435,0.0012,True,True,False,False,False,False,False,False,NORMAL,10.0,,False,False,False,False,False,False,NORMAL,10.0,
623,41.533333,True,0.256,0.014,-18.7,0.9,True,True,-0.0455,-0.0,True,True,False,False,False,False,False,False,NORMAL,10.0,,False,False,False,False,False,False,NORMAL,10.0,
624,41.600000,True,0.26,0.015,-18.7,1.0,True,True,-0.0314,0.0042,True,True,False,False,False,False,False,False,NORMAL,10.0,,False,False,False,False,False,False,NORMAL,10.0,
625,41.666667,True,0.259,0.016,-18.8,1.1,True,True,-0.0289,-0.0024,True,True,False,False,False,False,False,False,NORMAL,10.0,,False,False,False,False,False,False,NORMAL,10.0,
626,41.733333,True,0.257,0.016,-18.8,1.2,True,True,-0.0281,-0.0021,True,True,False,False,False,False,False,False,NORMAL,10.0,,False,False,False,False,False,False,NORMAL,10.0,
627,41.800000,True,0.256,0.017,-18.8,1.2,True,True,-0.0273,-0.005,True,True,False,False,False,False,False,False,NORMAL,10.0,,False,False,False,False,False,False,NORMAL,10.0,
628,41.866667,True,0.259,0.017,-18.8,1.2,True,True,-0.0266,-0.0035,True,True,False,False,False,False,False,False,NORMAL,10.0,,False,False,False,False,False,False,NORMAL,10.0,
629,41.933333,True,0.259,0.017,-18.8,1.3,True,True,-0.0251,-0.0083,True,True,False,False,False,False,False,False,NORMAL,10.0,,False,False,False,False,False,False,NORMAL,10.0,
630,42.000000,True,0.258,0.017,-18.9,1.3,True,True,-0.0414,-0.0138,True,True,False,False,False,False,False,False,NORMAL,10.0,,False,False,False,False,False,False,NORMAL,10.0,
631,42.066667,True,0.257,0.017,-18.9,1.4,True,True,-0.0188,0.0016,True,True,False,False,False,False,False,False,NORMAL,10.0,,False,False,False,False,False,False,NORMAL,10.0,
632,42.133333,True,0.256,0.018,-18.9,1.5,True,True,-0.0192,-0.0008,True,True,False,False,False,False,False,False,NORMAL,10.0,,False,False,False,False,False,False,NORMAL,10.0,
633,42.200000,True,0.256,0.017,-18.8,1.5,True,True,-0.0263,-0.0024,True,True,False,False,False,False,False,False,NORMAL,10.0,,False,False,False,False,False,False,NORMAL,10.0,
634,42.266667,True,0.259,0.018,-18.8,1.5,True,True,-0.0305,0.0005,True,True,False,False,False,False,False,False,NORMAL,10.0,,False,False,False,False,False,False,NORMAL,10.0,
635,42.333333,True,0.261,0.019,-18.9,1.6,True,True,-0.0282,0.0091,True,True,False,False,False,False,False,False,NORMAL,10.0,,False,False,False,False,False,False,NORMAL,10.0,
636,42.400000,True,0.262,0.02,-18.9,1.6,True,True,-0.0296,0.0117,True,True,False,False,False,False,False,False,NORMAL,10.0,,False,False,False,False,False,False,NORMAL,10.0,
637,42.466667,True,0.264,0.021,-19.0,1.7,True,True,-0.0251,0.0097,True,True,False,False,False,False,False,False,NORMAL,10.0,,False,False,False,False,False,False,NORMAL,10.0,
638,42.533333,True,0.266,0.023,-19.0,1.7,True,True,-0.0255,0.0128,True,True,False,False,False,False,False,False,NORMAL,10.0,,False,False,False,False,False,False,NORMAL,10.0,
639,42.600000,True,0.268,0.024,-19.1,1.8,True,True,-0.0392,0.0113,True,True,False,False,False,False,False,False,NORMAL,10.0,,False,False,False,False,False,False,NORMAL,10.0,
640,42.666667,True,0.268,0.025,-19.2,1.8,True,True,-0.0585,0.0127,True,True,False,False,False,False,False,False,NORMAL,10.0,,False,False,False,False,False,False,NORMAL,10.0,
641,42.733333,True,0.267,0.024,-19.1,1.9,True,True,-0.0579,0.0177,True,True,False,False,False,False,False,False,NORMAL,10.0,,False,False,False,False,False,False,NORMAL,10.0,
642,42.800000,True,0.277,0.023,-19.3,2.0,True,True,-0.0574,0.0308,True,True,False,False,False,False,False,False,NORMAL,10.0,,False,False,False,False,False,False,NORMAL,10.0,
643,42.866667,True,0.286,0.021,-19.3,2.1,True,True,-0.0598,0.0285,True,True,False,False,False,False,False,False,NORMAL,10.0,,False,False,False,False,False,False,NORMAL,10.0,
644,42.933333,True,0.301,0.019,-19.4,2.4,True,True,-0.0648,0.0262,True,True,False,False,False,False,False,False,NORMAL,10.0,,False,False,False,False,False,False,NORMAL,10.0,
645,43.000000,True,0.31,0.018,-19.4,2.6,True,True,-0.0544,0.0378,True,True,False,False,False,False,False,False,NORMAL,10.0,,False,False,False,False,False,False,NORMAL,10.0,
646,43.066667,True,0.323,0.018,-19.4,2.6,True,True,-0.0589,0.03,True,True,False,False,False,False,False,False,NORMAL,10.0,,False,False,False,False,False,False,NORMAL,10.0,
647,43.133333,True,0.331,0.017,-19.4,2.7,True,True,-0.059,0.0298,True,True,False,False,False,False,False,False,NORMAL,10.0,,False,False,False,False,False,False,NORMAL,10.0,
648,43.200000,True,0.337,0.015,-19.3,2.8,True,True,-0.0574,0.0313,True,True,False,False,False,False,False,False,NORMAL,10.0,,False,False,False,False,False,False,NORMAL,10.0,
649,43.266667,True,0.346,0.015,-19.4,2.9,True,True,-0.0587,0.0325,True,True,False,False,False,False,False,False,NORMAL,10.0,,False,False,False,False,False,False,NORMAL,10.0,
650,43.333333,True,0.35,0.015,-19.5,3.0,True,True,-0.0684,0.0207,True,True,False,False,False,False,False,False,NORMAL,10.0,,False,False,False,False,False,False,NORMAL,10.0,
651,43.400000,True,0.355,0.014,-19.7,3.2,True,True,-0.0618,0.0268,True,True,False,False,False,False,False,False,NORMAL,10.0,,False,False,False,False,False,False,NORMAL,10.0,
652,43.466667,True,0.357,0.014,-19.7,3.3,True,True,-0.0672,0.0157,True,True,False,False,False,False,False,False,NORMAL,10.0,,False,False,False,False,False,False,NORMAL,10.0,
653,43.533333,True,0.36,0.013,-19.8,3.4,True,True,-0.0599,0.0279,True,True,False,False,False,False,False,False,NORMAL,10.0,,False,False,False,False,False,False,NORMAL,10.0,
654,43.600000,True,0.359,0.013,-19.8,3.5,True,True,-0.0671,0.0263,True,True,False,False,False,False,False,False,NORMAL,10.0,,False,False,False,False,False,False,NORMAL,10.0,
655,43.666667,True,0.361,0.012,-19.8,3.5,True,True,-0.0657,0.0253,True,True,False,False,False,False,False,False,NORMAL,10.0,,False,False,False,False,False,False,NORMAL,10.0,
656,43.733333,True,0.361,0.012,-19.8,3.6,True,True,-0.065,0.0224,True,True,False,False,False,False,False,False,NORMAL,10.0,,False,False,False,False,False,False,NORMAL,10.0,
657,43.800000,True,0.36,0.012,-19.8,3.7,True,True,-0.067,0.0189,True,True,False,False,False,False,False,False,NORMAL,10.0,,False,False,False,False,False,False,NORMAL,10.0,
658,43.866667,True,0.359,0.011,-19.8,3.7,True,True,-0.0668,0.0196,True,True,False,False,False,False,False,False,NORMAL,10.0,,False,False,False,False,False,False,NORMAL,10.0,
659,43.933333,True,0.359,0.011,-19.8,3.7,True,True,-0.064,0.0232,True,True,False,False,False,False,False,False,NORMAL,10.0,,False,False,False,False,False,False,NORMAL,10.0,
660,44.000000,True,0.359,0.012,-19.8,3.7,True,True,-0.0607,0.0239,True,True,False,False,False,False,False,False,NORMAL,10.0,,False,False,False,False,False,False,NORMAL,10.0,
661,44.066667,True,0.36,0.012,-19.8,3.8,True,True,-0.064,0.0182,True,True,False,False,False,False,False,False,NORMAL,10.0,,False,False,False,False,False,False,NORMAL,10.0,
662,44.133333,True,0.36,0.012,-19.8,3.7,True,True,-0.0572,0.0291,True,True,False,False,False,False,False,False,NORMAL,10.0,,False,False,False,False,False,False,NORMAL,10.0,
663,44.200000,True,0.361,0.012,-19.8,3.8,True,True,-0.0626,0.0207,True,True,False,False,False,False,False,False,NORMAL,10.0,,False,False,False,False,False,False,NORMAL,10.0,
664,44.266667,True,0.361,0.012,-19.8,3.8,True,True,-0.0536,0.0322,True,True,False,False,False,False,False,False,NORMAL,10.0,,False,False,False,False,False,False,NORMAL,10.0,
665,44.333333,True,0.359,0.012,-19.8,3.9,True,True,-0.0499,0.0229,True,True,False,False,False,False,False,False,NORMAL,10.0,,False,False,False,False,False,False,NORMAL,10.0,
666,44.400000,True,0.359,0.012,-19.8,3.9,True,True,-0.0437,0.0353,True,True,False,False,False,False,False,False,NORMAL,10.0,,False,False,False,False,False,False,NORMAL,10.0,
667,44.466667,True,0.358,0.012,-19.7,3.9,True,True,-0.0502,0.0271,True,True,False,False,False,False,False,False,NORMAL,10.0,,False,False,False,False,False,False,NORMAL,10.0,
668,44.533333,True,0.357,0.013,-19.7,3.9,True,True,-0.0384,0.0291,True,True,False,False,False,False,False,False,NORMAL,10.0,,False,False,False,False,False,False,NORMAL,10.0,
669,44.600000,True,0.355,0.013,-19.7,3.9,True,True,-0.0525,0.0324,True,True,False,False,False,False,False,False,NORMAL,10.0,,False,False,False,False,False,False,NORMAL,10.0,
670,44.666667,True,0.353,0.014,-19.7,3.9,True,True,-0.041,0.0297,True,True,False,False,False,False,False,False,NORMAL,10.0,,False,False,False,False,False,False,NORMAL,10.0,
671,44.733333,True,0.35,0.014,-19.7,4.0,True,True,-0.044,0.0375,True,True,False,False,False,False,False,False,NORMAL,10.0,,False,False,False,False,False,False,NORMAL,10.0,
672,44.800000,True,0.348,0.014,-19.6,4.0,True,True,-0.0456,0.0359,True,True,False,False,False,False,False,False,NORMAL,10.0,,False,False,False,False,False,False,NORMAL,10.0,
673,44.866667,True,0.346,0.014,-19.6,3.9,True,True,-0.0372,0.0354,True,True,False,False,False,False,False,False,NORMAL,10.0,,False,False,False,False,False,False,NORMAL,10.0,
674,44.933333,True,0.345,0.014,-19.6,4.0,True,True,-0.0386,0.031,True,True,False,False,False,False,False,False,NORMAL,10.0,,False,False,False,False,False,False,NORMAL,10.0,
675,45.000000,True,0.345,0.015,-19.6,4.0,True,True,-0.0417,0.0365,True,True,False,False,False,False,False,False,NORMAL,10.0,,False,False,False,False,False,False,NORMAL,10.0,
676,45.066667,True,0.347,0.015,-19.6,4.0,True,True,-0.0487,0.0397,True,True,False,False,False,False,False,False,NORMAL,10.0,,False,False,False,False,False,False,NORMAL,10.0,
677,45.133333,True,0.35,0.015,-19.6,4.0,True,True,-0.0531,0.0443,True,True,False,False,False,False,False,False,NORMAL,10.0,,False,False,False,False,False,False,NORMAL,10.0,
678,45.200000,True,0.353,0.015,-19.7,4.0,True,True,-0.0554,0.0438,True,True,False,False,False,False,False,False,NORMAL,10.0,,False,False,False,False,False,False,NORMAL,10.0,
679,45.266667,True,0.357,0.015,-19.7,4.0,True,True,-0.0576,0.0486,True,True,False,False,False,False,False,False,NORMAL,10.0,,False,False,False,False,False,False,NORMAL,10.0,
680,45.333333,True,0.36,0.015,-19.7,4.0,True,True,-0.047,0.0467,True,True,False,False,False,False,False,False,NORMAL,10.0,,False,False,False,False,False,False,NORMAL,10.0,
681,45.400000,True,0.365,0.015,-19.8,4.0,True,True,-0.0494,0.0491,True,True,False,False,False,False,False,False,NORMAL,10.0,,False,False,False,False,False,False,NORMAL,10.0,
682,45.466667,True,0.369,0.015,-19.8,4.0,True,True,-0.0482,0.0435,True,True,False,False,False,False,False,False,NORMAL,10.0,,False,False,False,False,False,False,NORMAL,10.0,
683,45.533333,True,0.372,0.015,-19.8,4.0,True,True,-0.0467,0.0446,True,True,False,False,False,False,False,False,NORMAL,10.0,,False,False,False,False,False,False,NORMAL,10.0,
684,45.600000,True,0.375,0.015,-19.8,4.0,True,True,-0.0475,0.0431,True,True,False,False,False,False,False,False,NORMAL,10.0,,False,False,False,False,False,False,NORMAL,10.0,
685,45.666667,True,0.378,0.016,-19.8,4.0,True,True,-0.0435,0.0451,True,True,False,False,False,False,False,False,NORMAL,10.0,,False,False,False,False,False,False,NORMAL,10.0,
686,45.733333,True,0.379,0.016,-19.9,4.0,True,True,-0.039,0.0442,True,True,False,False,False,False,False,False,NORMAL,10.0,,False,False,False,False,False,False,NORMAL,10.0,
687,45.800000,True,0.379,0.016,-19.9,4.0,True,True,-0.0346,0.0431,True,True,False,False,False,False,False,False,NORMAL,10.0,,False,False,False,False,False,False,NORMAL,10.0,
688,45.866667,True,0.378,0.016,-19.9,4.0,True,True,-0.0312,0.0467,True,True,False,False,False,False,False,False,NORMAL,10.0,,False,False,False,False,False,False,NORMAL,10.0,
689,45.933333,True,0.375,0.016,-19.8,4.0,True,True,-0.0315,0.0452,True,True,False,False,False,False,False,False,NORMAL,10.0,,False,False,False,False,False,False,NORMAL,10.0,
690,46.000000,True,0.37,0.016,-19.8,4.0,True,True,-0.0272,0.0438,True,True,False,False,False,False,False,False,NORMAL,10.0,,False,False,False,False,False,False,NORMAL,10.0,
691,46.066667,True,0.363,0.016,-19.8,4.0,True,True,-0.026,0.0458,True,True,False,False,False,False,False,False,NORMAL,10.0,,False,False,False,False,False,False,NORMAL,10.0,
692,46.133333,True,0.359,0.016,-19.8,4.0,True,True,-0.0201,0.0492,True,True,False,False,False,False,False,False,NORMAL,10.0,,False,False,False,False,False,False,NORMAL,10.0,
693,46.200000,True,0.359,0.017,-19.8,4.0,True,True,-0.0225,0.0527,True,True,False,False,False,False,False,False,NORMAL,10.0,,False,False,False,False,False,False,NORMAL,10.0,
694,46.266667,True,0.359,0.017,-19.8,4.0,True,True,-0.0185,0.052,True,True,False,False,False,False,False,False,NORMAL,10.0,,False,False,False,False,False,False,NORMAL,10.0,
695,46.333333,True,0.358,0.018,-19.9,4.0,True,True,-0.0208,0.055,True,True,False,False,False,False,False,False,NORMAL,10.0,,False,False,False,False,False,False,NORMAL,10.0,
696,46.400000,True,0.357,0.018,-19.9,4.1,True,True,-0.0165,0.0575,True,True,False,False,False,False,False,False,NORMAL,10.0,,False,False,False,False,False,False,NORMAL,10.0,
697,46.466667,True,0.356,0.018,-19.9,4.1,True,True,-0.0166,0.0569,True,True,False,False,False,False,False,False,NORMAL,10.0,,False,False,False,False,False,False,NORMAL,10.0,
698,46.533333,True,0.355,0.018,-19.9,4.1,True,True,-0.0183,0.0605,True,True,False,False,False,False,False,False,NORMAL,10.0,,False,False,False,False,False,False,NORMAL,10.0,
699,46.600000,True,0.354,0.018,-20.0,4.1,True,True,-0.0162,0.0596,True,True,False,False,False,False,False,False,NORMAL,10.0,,False,False,False,False,False,False,NORMAL,10.0,
700,46.666667,True,0.35,0.018,-19.9,4.2,True,True,-0.0144,0.059,True,True,False,False,False,False,False,False,NORMAL,10.0,,False,False,False,False,False,False,NORMAL,10.0,
701,46.733333,True,0.348,0.019,-19.9,4.2,True,True,-0.0156,0.0605,True,True,False,False,False,False,False,False,NORMAL,10.0,,False,False,False,False,False,False,NORMAL,10.0,
702,46.800000,True,0.344,0.019,-20.0,4.2,True,True,-0.019,0.0653,True,True,False,False,False,False,False,False,NORMAL,10.0,,False,False,False,False,False,False,NORMAL,10.0,
703,46.866667,True,0.334,0.019,-20.0,4.3,True,True,-0.031,0.066,True,True,False,False,False,False,False,False,NORMAL,10.0,,False,False,False,False,False,False,NORMAL,10.0,
704,46.933333,True,0.326,0.019,-20.0,4.3,True,True,-0.0245,0.0676,True,True,False,False,False,False,False,False,NORMAL,10.0,,False,False,False,False,False,False,NORMAL,10.0,
705,47.000000,True,0.318,0.02,-20.0,4.3,True,True,-0.0291,0.0652,True,True,False,False,False,False,False,False,NORMAL,10.0,,False,False,False,False,False,False,NORMAL,10.0,
706,47.066667,True,0.31,0.02,-20.0,4.4,True,True,-0.0227,0.0695,True,True,False,False,False,False,False,False,NORMAL,10.0,,False,False,False,False,False,False,NORMAL,10.0,
707,47.133333,True,0.302,0.02,-20.0,4.4,True,True,-0.0224,0.069,True,True,False,False,False,False,False,False,NORMAL,10.0,,False,False,False,False,False,False,NORMAL,10.0,
708,47.200000,True,0.295,0.021,-20.0,4.4,True,True,-0.0227,0.0684,True,True,False,False,False,False,False,False,NORMAL,10.0,,False,False,False,False,False,False,NORMAL,10.0,
709,47.266667,True,0.29,0.021,-19.9,4.5,True,True,-0.0213,0.0687,True,True,False,False,False,False,False,False,NORMAL,10.0,,False,False,False,False,False,False,NORMAL,10.0,
710,47.333333,True,0.282,0.022,-19.9,4.5,True,True,-0.0135,0.0706,True,True,False,False,False,False,False,False,NORMAL,10.0,,False,False,False,False,False,False,NORMAL,10.0,
711,47.400000,True,0.272,0.023,-19.9,4.5,True,True,-0.0223,0.0663,True,True,False,False,False,False,False,False,NORMAL,10.0,,False,False,False,False,False,False,NORMAL,10.0,
712,47.466667,True,0.266,0.024,-19.9,4.5,True,True,-0.029,0.0663,True,True,False,False,False,False,False,False,NORMAL,10.0,,False,False,False,False,False,False,NORMAL,10.0,
713,47.533333,True,0.26,0.024,-19.9,4.5,True,True,-0.0291,0.0631,True,True,False,False,False,False,False,False,NORMAL,10.0,,False,False,False,False,False,False,NORMAL,10.0,
714,47.600000,True,0.255,0.024,-20.0,4.5,True,True,-0.0293,0.0621,True,True,False,False,False,False,False,False,NORMAL,10.0,,False,False,False,False,False,False,NORMAL,10.0,
715,47.666667,True,0.255,0.024,-20.0,4.4,True,True,-0.033,0.0605,True,True,False,False,False,False,False,False,NORMAL,10.0,,False,False,False,False,False,False,NORMAL,10.0,
716,47.733333,True,0.254,0.024,-20.0,4.4,True,True,-0.0349,0.0601,True,True,False,False,False,False,False,False,NORMAL,10.0,,False,False,False,False,False,False,NORMAL,10.0,
717,47.800000,True,0.255,0.024,-20.0,4.4,True,True,-0.0364,0.0583,True,True,False,False,False,False,False,False,NORMAL,10.0,,False,False,False,False,False,False,NORMAL,10.0,
718,47.866667,True,0.255,0.024,-20.0,4.4,True,True,-0.0347,0.055,True,True,False,False,False,False,False,False,NORMAL,10.0,,False,False,False,False,False,False,NORMAL,10.0,
719,47.933333,True,0.255,0.024,-20.0,4.4,True,True,-0.0327,0.0531,True,True,False,False,False,False,False,False,NORMAL,10.0,,False,False,False,False,False,False,NORMAL,10.0,
720,48.000000,True,0.255,0.024,-20.0,4.4,True,True,-0.0193,0.0467,True,True,False,False,False,False,False,False,NORMAL,10.0,,False,False,False,False,False,False,NORMAL,10.0,
721,48.066667,True,0.256,0.024,-20.0,4.4,True,True,-0.0203,0.0438,True,True,False,False,False,False,False,False,NORMAL,10.0,,False,False,False,False,False,False,NORMAL,10.0,
722,48.133333,True,0.256,0.024,-20.0,4.5,True,True,-0.0235,0.0441,True,True,False,False,False,False,False,False,NORMAL,10.0,,False,False,False,False,False,False,NORMAL,10.0,
723,48.200000,True,0.256,0.024,-20.1,4.5,True,True,-0.0241,0.0419,True,True,False,False,False,False,False,False,NORMAL,10.0,,False,False,False,False,False,False,NORMAL,10.0,
724,48.266667,True,0.257,0.024,-20.1,4.5,True,True,-0.0281,0.0404,True,True,False,False,False,False,False,False,NORMAL,10.0,,False,False,False,False,False,False,NORMAL,10.0,
725,48.333333,True,0.258,0.025,-20.2,4.5,True,True,-0.0327,0.0381,True,True,False,False,False,False,False,False,NORMAL,10.0,,False,False,False,False,False,False,NORMAL,10.0,
726,48.400000,True,0.261,0.025,-20.3,4.5,True,True,-0.0345,0.0357,True,True,False,False,False,False,False,False,NORMAL,10.0,,False,False,False,False,False,False,NORMAL,10.0,
727,48.466667,True,0.265,0.025,-20.3,4.6,True,True,-0.0372,0.0362,True,True,False,False,False,False,False,False,NORMAL,10.0,,False,False,False,False,False,False,NORMAL,10.0,
728,48.533333,True,0.267,0.026,-20.4,4.6,True,True,-0.0378,0.0376,True,True,False,False,False,False,False,False,NORMAL,10.0,,False,False,False,False,False,False,NORMAL,10.0,
729,48.600000,True,0.27,0.027,-20.5,4.6,True,True,-0.0362,0.0376,True,True,False,False,False,False,False,False,NORMAL,10.0,,False,False,False,False,False,False,NORMAL,10.0,
730,48.666667,True,0.272,0.027,-20.5,4.6,True,True,-0.0344,0.0382,True,True,False,False,False,False,False,False,NORMAL,10.0,,False,False,False,False,False,False,NORMAL,10.0,
731,48.733333,True,0.273,0.028,-20.5,4.6,True,True,-0.0353,0.0398,True,True,False,False,False,False,False,False,NORMAL,10.0,,False,False,False,False,False,False,NORMAL,10.0,
732,48.800000,True,0.275,0.028,-20.5,4.6,True,True,-0.0284,0.0424,True,True,False,False,False,False,False,False,NORMAL,10.0,,False,False,False,False,False,False,NORMAL,10.0,
733,48.866667,True,0.276,0.028,-20.6,4.6,True,True,-0.0319,0.0429,True,True,False,False,False,False,False,False,NORMAL,10.0,,False,False,False,False,False,False,NORMAL,10.0,
734,48.933333,True,0.276,0.028,-20.6,4.6,True,True,-0.0299,0.0474,True,True,False,False,False,False,False,False,NORMAL,10.0,,False,False,False,False,False,False,NORMAL,10.0,
735,49.000000,True,0.275,0.028,-20.6,4.6,True,True,-0.0252,0.0471,True,True,False,False,False,False,False,False,NORMAL,10.0,,False,False,False,False,False,False,NORMAL,10.0,
736,49.066667,True,0.274,0.027,-20.5,4.6,True,True,-0.023,0.0487,True,True,False,False,False,False,False,False,NORMAL,10.0,,False,False,False,False,False,False,NORMAL,10.0,
737,49.133333,True,0.274,0.027,-20.5,4.6,True,True,-0.0226,0.0495,True,True,False,False,False,False,False,False,NORMAL,10.0,,False,False,False,False,False,False,NORMAL,10.0,
738,49.200000,True,0.273,0.026,-20.5,4.6,True,True,-0.023,0.0491,True,True,False,False,False,False,False,False,NORMAL,10.0,,False,False,False,False,False,False,NORMAL,10.0,
739,49.266667,True,0.272,0.026,-20.5,4.6,True,True,-0.0228,0.0528,True,True,False,False,False,False,False,False,NORMAL,10.0,,False,False,False,False,False,False,NORMAL,10.0,
740,49.333333,True,0.274,0.026,-20.5,4.7,True,True,-0.0245,0.0557,True,True,False,False,False,False,False,False,NORMAL,10.0,,False,False,False,False,False,False,NORMAL,10.0,
741,49.400000,True,0.275,0.026,-20.4,4.8,True,True,-0.0228,0.0578,True,True,False,False,False,False,False,False,NORMAL,10.0,,False,False,False,False,False,False,NORMAL,10.0,
742,49.466667,True,0.276,0.025,-20.4,4.8,True,True,-0.0229,0.0616,True,True,False,False,False,False,False,False,NORMAL,10.0,,False,False,False,False,False,False,NORMAL,10.0,
743,49.533333,True,0.276,0.025,-20.3,4.9,True,True,-0.0239,0.0629,True,True,False,False,False,False,False,False,NORMAL,10.0,,False,False,False,False,False,False,NORMAL,10.0,
744,49.600000,True,0.276,0.024,-20.3,4.9,True,True,-0.0246,0.0646,True,True,False,False,False,False,False,False,NORMAL,10.0,,False,False,False,False,False,False,NORMAL,10.0,
745,49.666667,True,0.274,0.023,-20.3,5.1,True,True,-0.0245,0.0655,True,True,False,False,False,False,False,False,NORMAL,10.0,,False,False,False,False,False,False,NORMAL,10.0,
746,49.733333,True,0.27,0.023,-20.2,5.2,True,True,-0.0289,0.0654,True,True,False,False,False,False,False,False,NORMAL,10.0,,False,False,False,False,False,False,NORMAL,10.0,
747,49.800000,True,0.262,0.023,-20.2,5.5,True,True,-0.0246,0.0707,True,True,False,False,False,False,False,False,NORMAL,10.0,,False,False,False,False,False,False,NORMAL,10.0,
748,49.866667,True,0.254,0.022,-20.1,5.7,True,True,-0.0287,0.075,True,True,False,False,False,False,False,False,NORMAL,10.0,,False,False,False,False,False,False,NORMAL,10.0,
749,49.933333,True,0.248,0.02,-20.1,6.1,True,True,-0.0288,0.0846,True,True,False,False,False,False,False,False,NORMAL,10.0,,False,False,False,False,False,False,NORMAL,10.0,
750,50.000000,True,0.242,0.019,-20.1,6.2,True,True,-0.0298,0.0884,True,True,False,False,False,False,False,False,NORMAL,10.0,,False,False,False,False,False,False,NORMAL,10.0,
751,50.066667,True,0.23,0.02,-20.1,6.4,True,True,-0.0322,0.0941,True,True,False,False,False,False,False,False,NORMAL,10.0,,False,False,False,False,False,False,NORMAL,10.0,
752,50.133333,True,0.216,0.021,-20.1,6.6,True,True,-0.0309,0.0985,True,True,False,False,False,False,False,False,NORMAL,10.0,,False,False,False,False,False,False,NORMAL,10.0,
753,50.200000,True,0.204,0.021,-20.1,6.9,True,True,-0.0303,0.1092,True,True,False,False,False,False,False,False,NORMAL,10.0,,False,False,False,False,False,False,NORMAL,10.0,
754,50.266667,True,0.203,0.022,-20.0,7.2,True,True,-0.03,0.1206,True,True,False,False,False,False,False,False,NORMAL,10.0,,False,False,False,False,False,False,NORMAL,10.0,
755,50.333333,True,0.197,0.018,-20.0,7.6,True,True,-0.0426,0.1306,True,True,False,False,False,False,False,False,NORMAL,10.0,,False,False,False,False,False,False,NORMAL,10.0,
756,50.400000,True,0.21,0.016,-19.9,8.2,True,True,-0.0361,0.1437,True,True,False,False,False,False,False,False,NORMAL,10.0,,False,False,False,False,False,False,NORMAL,10.0,
757,50.466667,True,0.215,0.012,-19.9,8.3,True,True,-0.0421,0.1581,True,True,False,False,False,False,False,False,NORMAL,10.0,,False,False,False,False,False,False,NORMAL,10.0,
758,50.533333,True,0.202,0.011,-19.9,8.3,True,True,-0.0447,0.1869,True,True,False,False,False,False,False,False,NORMAL,10.0,,False,False,False,False,False,False,NORMAL,10.0,
759,50.600000,True,0.204,0.011,-20.2,8.4,True,True,-0.0662,0.2131,True,True,False,False,False,False,False,False,NORMAL,10.0,,False,False,False,False,False,False,NORMAL,10.0,
760,50.666667,True,0.2,0.011,-20.7,8.4,True,True,-0.0838,0.2448,True,True,False,False,False,False,False,False,NORMAL,10.0,,False,False,False,False,False,False,NORMAL,10.0,
761,50.733333,True,0.208,0.012,-21.2,9.2,True,True,-0.0712,0.2307,True,True,False,False,False,False,False,False,NORMAL,10.0,,False,False,False,False,False,False,NORMAL,10.0,
762,50.800000,True,0.188,0.012,-21.2,9.3,True,True,-0.0729,0.2303,True,True,False,False,False,False,False,False,NORMAL,10.0,,False,False,False,False,False,False,NORMAL,10.0,
763,50.866667,True,0.196,0.011,-21.6,9.5,True,True,-0.0814,0.2255,True,True,False,False,False,False,False,False,NORMAL,10.0,,False,False,False,False,False,False,NORMAL,10.0,
764,50.933333,True,0.201,0.008,-21.6,8.9,True,True,-0.1135,0.2358,True,True,False,False,False,False,False,False,NORMAL,10.0,,False,False,False,False,False,False,NORMAL,10.0,
765,51.000000,True,0.203,0.014,-21.7,8.8,True,True,-0.1002,0.2156,True,True,False,False,False,False,False,False,NORMAL,10.0,,False,False,False,False,False,False,NORMAL,10.0,
766,51.066667,True,0.188,0.015,-21.8,8.7,True,True,-0.0855,0.1988,True,True,False,False,False,False,False,False,NORMAL,10.0,,False,False,False,False,False,False,NORMAL,10.0,
767,51.133333,True,0.192,0.016,-21.7,8.3,True,True,-0.0735,0.1776,True,True,False,False,False,False,False,False,NORMAL,10.0,,False,False,False,False,False,False,NORMAL,10.0,
768,51.200000,True,0.205,0.02,-21.8,8.0,True,True,-0.0658,0.1557,True,True,False,False,False,False,False,False,NORMAL,10.0,,False,False,False,False,False,False,NORMAL,10.0,
769,51.266667,True,0.208,0.021,-21.8,7.9,True,True,-0.0699,0.1439,True,True,False,False,False,False,False,False,NORMAL,10.0,,False,False,False,False,False,False,NORMAL,10.0,
770,51.333333,True,0.209,0.022,-21.7,7.9,True,True,-0.0747,0.1295,True,True,False,False,False,False,False,False,NORMAL,10.0,,False,False,False,False,False,False,NORMAL,10.0,
771,51.400000,True,0.21,0.023,-21.6,7.8,True,True,-0.0557,0.1128,True,True,False,False,False,False,False,False,NORMAL,10.0,,False,False,False,False,False,False,NORMAL,10.0,
772,51.466667,True,0.211,0.024,-21.4,7.7,True,True,-0.0497,0.1046,True,True,False,False,False,False,False,False,NORMAL,10.0,,False,False,False,False,False,False,NORMAL,10.0,
773,51.533333,True,0.219,0.024,-21.3,7.6,True,True,-0.0513,0.0858,True,True,False,False,False,False,False,False,NORMAL,10.0,,False,False,False,False,False,False,NORMAL,10.0,
774,51.600000,True,0.219,0.025,-21.2,7.5,True,True,-0.0535,0.0779,True,True,False,False,False,False,False,False,NORMAL,10.0,,False,False,False,False,False,False,NORMAL,10.0,
775,51.666667,True,0.222,0.025,-21.1,7.4,True,True,-0.0559,0.0664,True,True,False,False,False,False,False,False,NORMAL,10.0,,False,False,False,False,False,False,NORMAL,10.0,
776,51.733333,True,0.226,0.025,-20.9,7.3,True,True,-0.0461,0.0668,True,True,False,False,False,False,False,False,NORMAL,10.0,,False,False,False,False,False,False,NORMAL,10.0,
777,51.800000,True,0.23,0.025,-20.9,7.2,True,True,-0.0506,0.0594,True,True,False,False,False,False,False,False,NORMAL,10.0,,False,False,False,False,False,False,NORMAL,10.0,
778,51.866667,True,0.234,0.025,-20.8,7.2,True,True,-0.0397,0.0554,True,True,False,False,False,False,False,False,NORMAL,10.0,,False,False,False,False,False,False,NORMAL,10.0,
779,51.933333,True,0.24,0.025,-20.8,7.1,True,True,-0.0395,0.0523,True,True,False,False,False,False,False,False,NORMAL,10.0,,False,False,False,False,False,False,NORMAL,10.0,
780,52.000000,True,0.243,0.021,-20.8,7.1,True,True,-0.0381,0.0466,True,True,False,False,False,False,False,False,NORMAL,10.0,,False,False,False,False,False,False,NORMAL,10.0,
781,52.066667,True,0.241,0.018,-20.6,7.0,True,True,-0.0318,0.0386,True,True,False,False,False,False,False,False,NORMAL,10.0,,False,False,False,False,False,False,NORMAL,10.0,
782,52.133333,True,0.229,0.014,-20.5,6.8,True,True,-0.0248,0.0314,True,True,False,False,False,False,False,False,NORMAL,10.0,,False,False,False,False,False,False,NORMAL,10.0,
783,52.200000,True,0.211,0.011,-20.3,6.4,True,True,-0.0241,0.029,True,True,False,False,False,False,False,False,NORMAL,10.0,,False,False,False,False,False,False,NORMAL,10.0,
784,52.266667,True,0.204,0.007,-20.2,6.1,True,True,-0.0296,0.0212,True,True,False,False,False,False,False,False,NORMAL,10.0,,False,False,False,False,False,False,NORMAL,10.0,
785,52.333333,True,0.2,0.007,-20.0,5.6,True,True,-0.0283,0.017,True,True,False,False,False,False,False,False,NORMAL,10.0,,False,False,False,False,False,False,NORMAL,10.0,
786,52.400000,True,0.212,0.007,-19.9,5.4,True,True,-0.0303,0.0136,True,True,False,False,False,False,False,False,NORMAL,10.0,,False,False,False,False,False,False,NORMAL,10.0,
787,52.466667,True,0.225,0.008,-19.8,5.2,True,True,-0.0267,0.0125,True,True,False,False,False,False,False,False,NORMAL,10.0,,False,False,False,False,False,False,NORMAL,10.0,
788,52.533333,True,0.234,0.007,-19.8,4.7,True,True,-0.0314,0.0074,True,True,False,False,False,False,False,False,NORMAL,10.0,,False,False,False,False,False,False,NORMAL,10.0,
789,52.600000,True,0.245,0.008,-19.7,4.3,True,True,-0.0435,0.0026,True,True,False,False,False,False,False,False,NORMAL,10.0,,False,False,False,False,False,False,NORMAL,10.0,
790,52.666667,True,0.255,0.008,-19.7,3.7,True,True,-0.0422,-0.002,True,True,False,False,False,False,False,False,NORMAL,10.0,,False,False,False,False,False,False,NORMAL,10.0,
791,52.733333,True,0.266,0.006,-19.7,3.1,True,True,-0.0449,-0.0075,True,True,False,False,False,False,False,False,NORMAL,10.0,,False,False,False,False,False,False,NORMAL,10.0,
792,52.800000,True,0.272,0.005,-19.8,2.5,True,True,-0.0472,-0.0054,True,True,False,False,False,False,False,False,NORMAL,10.0,,False,False,False,False,False,False,NORMAL,10.0,
793,52.866667,True,0.273,0.004,-19.8,2.0,True,True,-0.0413,-0.0121,True,True,False,False,False,False,False,False,NORMAL,10.0,,False,False,False,False,False,False,NORMAL,10.0,
794,52.933333,True,0.275,0.004,-19.9,1.5,True,True,-0.0482,-0.0066,True,True,False,False,False,False,False,False,NORMAL,10.0,,False,False,False,False,False,False,NORMAL,10.0,
795,53.000000,True,0.277,0.004,-19.9,1.2,True,True,-0.0679,-0.0069,True,True,False,False,False,False,False,False,NORMAL,10.0,,False,False,False,False,False,False,NORMAL,10.0,
796,53.066667,True,0.28,0.004,-20.0,0.8,True,True,-0.0661,-0.004,True,True,False,False,False,False,False,False,NORMAL,10.0,,False,False,False,False,False,False,NORMAL,10.0,
797,53.133333,True,0.281,0.005,-20.0,0.5,True,True,-0.0735,-0.0045,True,True,False,False,False,False,False,False,NORMAL,10.0,,False,False,False,False,False,False,NORMAL,10.0,
798,53.200000,True,0.279,0.006,-19.9,0.4,True,True,-0.0738,-0.0017,True,True,False,False,False,False,False,False,NORMAL,10.0,,False,False,False,False,False,False,NORMAL,10.0,
799,53.266667,True,0.282,0.008,-20.0,0.3,True,True,-0.0733,0.0017,True,True,False,False,False,False,False,False,NORMAL,10.0,,False,False,False,False,False,False,NORMAL,10.0,
800,53.333333,True,0.277,0.009,-20.0,0.2,True,True,-0.0593,0.0152,True,True,False,False,False,False,False,False,NORMAL,10.0,,False,False,False,False,False,False,NORMAL,10.0,
801,53.400000,True,0.276,0.009,-19.9,0.1,True,True,-0.0504,0.0071,True,True,False,False,False,False,False,False,NORMAL,10.0,,False,False,False,False,False,False,NORMAL,10.0,
802,53.466667,True,0.273,0.01,-19.9,0.1,True,True,-0.0553,0.0054,True,True,False,False,False,False,False,False,NORMAL,10.0,,False,False,False,False,False,False,NORMAL,10.0,
803,53.533333,True,0.274,0.011,-19.9,0.1,True,True,-0.0581,0.0149,True,True,False,False,False,False,False,False,NORMAL,10.0,,False,False,False,False,False,False,NORMAL,10.0,
804,53.600000,True,0.274,0.012,-19.9,0.1,True,True,-0.0624,0.0169,True,True,False,False,False,False,False,False,NORMAL,10.0,,False,False,False,False,False,False,NORMAL,10.0,
805,53.666667,True,0.274,0.012,-19.9,0.2,True,True,-0.0577,0.0199,True,True,False,False,False,False,False,False,NORMAL,10.0,,False,False,False,False,False,False,NORMAL,10.0,
806,53.733333,True,0.274,0.013,-19.9,0.1,True,True,-0.0597,0.0196,True,True,False,False,False,False,False,False,NORMAL,10.0,,False,False,False,False,False,False,NORMAL,10.0,
807,53.800000,True,0.275,0.013,-19.9,0.1,True,True,-0.0644,0.021,True,True,False,False,False,False,False,False,NORMAL,10.0,,False,False,False,False,False,False,NORMAL,10.0,
808,53.866667,True,0.276,0.013,-19.9,0.1,True,True,-0.0643,0.0151,True,True,False,False,False,False,False,False,NORMAL,10.0,,False,False,False,False,False,False,NORMAL,10.0,
809,53.933333,True,0.276,0.013,-19.9,0.1,True,True,-0.0521,0.0183,True,True,False,False,False,False,False,False,NORMAL,10.0,,False,False,False,False,False,False,NORMAL,10.0,
810,54.000000,True,0.276,0.012,-19.9,0.2,True,True,-0.0535,0.0229,True,True,False,False,False,False,False,False,NORMAL,10.0,,False,False,False,False,False,False,NORMAL,10.0,
811,54.066667,True,0.276,0.012,-19.9,0.2,True,True,-0.0501,0.0231,True,True,False,False,False,False,False,False,NORMAL,10.0,,False,False,False,False,False,False,NORMAL,10.0,
812,54.133333,True,0.275,0.012,-19.8,0.3,True,True,-0.0523,0.0158,True,True,False,False,False,False,False,False,NORMAL,10.0,,False,False,False,False,False,False,NORMAL,10.0,
813,54.200000,True,0.273,0.012,-19.8,0.3,True,True,-0.0575,0.0161,True,True,False,False,False,False,False,False,NORMAL,10.0,,False,False,False,False,False,False,NORMAL,10.0,
814,54.266667,True,0.27,0.012,-19.8,0.4,True,True,-0.0422,0.0108,True,True,False,False,False,False,False,False,NORMAL,10.0,,False,False,False,False,False,False,NORMAL,10.0,
815,54.333333,True,0.269,0.012,-19.8,0.4,True,True,-0.0462,0.0212,True,True,False,False,False,False,False,False,NORMAL,10.0,,False,False,False,False,False,False,NORMAL,10.0,
816,54.400000,True,0.267,0.012,-19.7,0.4,True,True,-0.05,0.0147,True,True,False,False,False,False,False,False,NORMAL,10.0,,False,False,False,False,False,False,NORMAL,10.0,
817,54.466667,True,0.264,0.013,-19.7,0.5,True,True,-0.0514,0.0175,True,True,False,False,False,False,False,False,NORMAL,10.0,,False,False,False,False,False,False,NORMAL,10.0,
818,54.533333,True,0.261,0.013,-19.7,0.6,True,True,-0.052,0.0195,True,True,False,False,False,False,False,False,NORMAL,10.0,,False,False,False,False,False,False,NORMAL,10.0,
819,54.600000,True,0.26,0.014,-19.6,0.6,True,True,-0.0426,0.0172,True,True,False,False,False,False,False,False,NORMAL,10.0,,False,False,False,False,False,False,NORMAL,10.0,
820,54.666667,True,0.258,0.014,-19.6,0.7,True,True,-0.0426,0.0213,True,True,False,False,False,False,False,False,NORMAL,10.0,,False,False,False,False,False,False,NORMAL,10.0,
821,54.733333,True,0.254,0.015,-19.6,0.8,True,True,-0.0502,0.0119,True,True,False,False,False,False,False,False,NORMAL,10.0,,False,False,False,False,False,False,NORMAL,10.0,
822,54.800000,True,0.252,0.016,-19.6,0.8,True,True,-0.0448,0.0189,True,True,False,False,False,False,False,False,NORMAL,10.0,,False,False,False,False,False,False,NORMAL,10.0,
823,54.866667,True,0.25,0.017,-19.6,0.9,True,True,-0.0443,0.012,True,True,False,False,False,False,False,False,NORMAL,10.0,,False,False,False,False,False,False,NORMAL,10.0,
824,54.933333,True,0.25,0.017,-19.6,1.0,True,True,-0.0451,0.0148,True,True,False,False,False,False,False,False,NORMAL,10.0,,False,False,False,False,False,False,NORMAL,10.0,
825,55.000000,True,0.249,0.017,-19.5,1.0,True,True,-0.0431,0.0171,True,True,False,False,False,False,False,False,NORMAL,10.0,,False,False,False,False,False,False,NORMAL,10.0,
826,55.066667,True,0.248,0.017,-19.5,1.1,True,True,-0.0418,0.0165,True,True,False,False,False,False,False,False,NORMAL,10.0,,False,False,False,False,False,False,NORMAL,10.0,
827,55.133333,True,0.249,0.017,-19.5,1.1,True,True,-0.0425,0.0161,True,True,False,False,False,False,False,False,NORMAL,10.0,,False,False,False,False,False,False,NORMAL,10.0,
828,55.200000,True,0.248,0.018,-19.5,1.2,True,True,-0.049,0.0131,True,True,False,False,False,False,False,False,NORMAL,10.0,,False,False,False,False,False,False,NORMAL,10.0,
829,55.266667,True,0.248,0.018,-19.5,1.3,True,True,-0.0417,0.0148,True,True,False,False,False,False,False,False,NORMAL,10.0,,False,False,False,False,False,False,NORMAL,10.0,
830,55.333333,True,0.247,0.017,-19.5,1.3,True,True,-0.0399,0.0159,True,True,False,False,False,False,False,False,NORMAL,10.0,,False,False,False,False,False,False,NORMAL,10.0,
831,55.400000,True,0.247,0.017,-19.5,1.4,True,True,-0.0389,0.017,True,True,False,False,False,False,False,False,NORMAL,10.0,,False,False,False,False,False,False,NORMAL,10.0,
832,55.466667,True,0.247,0.018,-19.5,1.4,True,True,-0.0415,0.0161,True,True,False,False,False,False,False,False,NORMAL,10.0,,False,False,False,False,False,False,NORMAL,10.0,
833,55.533333,True,0.247,0.018,-19.5,1.5,True,True,-0.0386,0.0164,True,True,False,False,False,False,False,False,NORMAL,10.0,,False,False,False,False,False,False,NORMAL,10.0,
834,55.600000,True,0.248,0.018,-19.5,1.5,True,True,-0.0401,0.0165,True,True,False,False,False,False,False,False,NORMAL,10.0,,False,False,False,False,False,False,NORMAL,10.0,
835,55.666667,True,0.249,0.018,-19.5,1.6,True,True,-0.0407,0.0177,True,True,False,False,False,False,False,False,NORMAL,10.0,,False,False,False,False,False,False,NORMAL,10.0,
836,55.733333,True,0.249,0.018,-19.5,1.6,True,True,-0.044,0.0203,True,True,False,False,False,False,False,False,NORMAL,10.0,,False,False,False,False,False,False,NORMAL,10.0,
837,55.800000,True,0.25,0.018,-19.5,1.7,True,True,-0.0389,0.0208,True,True,False,False,False,False,False,False,NORMAL,10.0,,False,False,False,False,False,False,NORMAL,10.0,
838,55.866667,True,0.251,0.018,-19.6,1.7,True,True,-0.0409,0.0219,True,True,False,False,False,False,False,False,NORMAL,10.0,,False,False,False,False,False,False,NORMAL,10.0,
839,55.933333,True,0.252,0.019,-19.6,1.8,True,True,-0.0353,0.0232,True,True,False,False,False,False,False,False,NORMAL,10.0,,False,False,False,False,False,False,NORMAL,10.0,
840,56.000000,True,0.253,0.019,-19.6,1.8,True,True,-0.0372,0.0272,True,True,False,False,False,False,False,False,NORMAL,10.0,,False,False,False,False,False,False,NORMAL,10.0,
841,56.066667,True,0.254,0.019,-19.6,1.8,True,True,-0.0429,0.0259,True,True,False,False,False,False,False,False,NORMAL,10.0,,False,False,False,False,False,False,NORMAL,10.0,
842,56.133333,True,0.254,0.019,-19.6,1.8,True,True,-0.036,0.0302,True,True,False,False,False,False,False,False,NORMAL,10.0,,False,False,False,False,False,False,NORMAL,10.0,
843,56.200000,True,0.254,0.018,-19.6,1.8,True,True,-0.0492,0.0236,True,True,False,False,False,False,False,False,NORMAL,10.0,,False,False,False,False,False,False,NORMAL,10.0,
844,56.266667,True,0.255,0.017,-19.6,1.8,True,True,-0.0544,0.018,True,True,False,False,False,False,False,False,NORMAL,10.0,,False,False,False,False,False,False,NORMAL,10.0,
845,56.333333,True,0.256,0.015,-19.6,1.6,True,True,-0.0592,0.017,True,True,False,False,False,False,False,False,NORMAL,10.0,,False,False,False,False,False,False,NORMAL,10.0,
846,56.400000,True,0.258,0.014,-19.7,1.5,True,True,-0.0532,0.0177,True,True,False,False,False,False,False,False,NORMAL,10.0,,False,False,False,False,False,False,NORMAL,10.0,
847,56.466667,True,0.26,0.013,-19.8,1.4,True,True,-0.051,0.0147,True,True,False,False,False,False,False,False,NORMAL,10.0,,False,False,False,False,False,False,NORMAL,10.0,
848,56.533333,True,0.262,0.011,-19.9,1.2,True,True,-0.0591,0.0208,True,True,False,False,False,False,False,False,NORMAL,10.0,,False,False,False,False,False,False,NORMAL,10.0,
849,56.600000,True,0.264,0.01,-20.1,1.0,True,True,-0.0595,0.0247,True,True,False,False,False,False,False,False,NORMAL,10.0,,False,False,False,False,False,False,NORMAL,10.0,
850,56.666667,True,0.268,0.009,-20.2,0.8,True,True,-0.0557,0.0191,True,True,False,False,False,False,False,False,NORMAL,10.0,,False,False,False,False,False,False,NORMAL,10.0,
851,56.733333,True,0.271,0.009,-20.4,0.7,True,True,-0.0668,0.0239,True,True,False,False,False,False,False,False,NORMAL,10.0,,False,False,False,False,False,False,NORMAL,10.0,
852,56.800000,True,0.275,0.01,-20.6,0.5,True,True,-0.0778,0.0203,True,True,False,False,False,False,False,False,NORMAL,10.0,,False,False,False,False,False,False,NORMAL,10.0,
853,56.866667,True,0.279,0.009,-20.8,0.3,True,True,-0.0859,0.0218,True,True,False,False,False,False,False,False,NORMAL,10.0,,False,False,False,False,False,False,NORMAL,10.0,
854,56.933333,True,0.282,0.009,-21.0,0.0,True,True,-0.0936,0.0218,True,True,False,False,False,False,False,False,NORMAL,10.0,,False,False,False,False,False,False,NORMAL,10.0,
855,57.000000,True,0.287,0.008,-21.1,-0.2,True,True,-0.0853,0.0178,True,True,False,False,False,False,False,False,NORMAL,10.0,,False,False,False,False,False,False,NORMAL,10.0,
856,57.066667,True,0.287,0.008,-21.1,-0.4,True,True,-0.0942,0.0176,True,True,False,False,False,False,False,False,NORMAL,10.0,,False,False,False,False,False,False,NORMAL,10.0,
857,57.133333,True,0.282,0.008,-21.1,-0.5,True,True,-0.0887,0.0114,True,True,False,False,False,False,False,False,NORMAL,10.0,,False,False,False,False,False,False,NORMAL,10.0,
858,57.200000,True,0.276,0.008,-21.0,-0.6,True,True,-0.0852,0.0153,True,True,False,False,False,False,False,False,NORMAL,10.0,,False,False,False,False,False,False,NORMAL,10.0,
859,57.266667,True,0.269,0.009,-20.9,-0.6,True,True,-0.0712,0.0209,True,True,False,False,False,False,False,False,NORMAL,10.0,,False,False,False,False,False,False,NORMAL,10.0,
860,57.333333,True,0.263,0.009,-20.8,-0.6,True,True,-0.0603,0.0232,True,True,False,False,False,False,False,False,NORMAL,10.0,,False,False,False,False,False,False,NORMAL,10.0,
861,57.400000,True,0.256,0.01,-20.8,-0.5,True,True,-0.0623,0.0314,True,True,False,False,False,False,False,False,NORMAL,10.0,,False,False,False,False,False,False,NORMAL,10.0,
862,57.466667,True,0.248,0.011,-20.8,-0.5,True,True,-0.0528,0.033,True,True,False,False,False,False,False,False,NORMAL,10.0,,False,False,False,False,False,False,NORMAL,10.0,
863,57.533333,True,0.243,0.012,-20.7,-0.5,True,True,-0.0334,0.0348,True,True,False,False,False,False,False,False,NORMAL,10.0,,False,False,False,False,False,False,NORMAL,10.0,
864,57.600000,True,0.238,0.014,-20.6,-0.5,True,True,-0.0305,0.037,True,True,False,False,False,False,False,False,NORMAL,10.0,,False,False,False,False,False,False,NORMAL,10.0,
865,57.666667,True,0.232,0.016,-20.5,-0.5,True,True,-0.0192,0.0389,True,True,False,False,False,False,False,False,NORMAL,10.0,,False,False,False,False,False,False,NORMAL,10.0,
866,57.733333,True,0.228,0.018,-20.4,-0.5,True,True,-0.0442,0.0346,True,True,False,False,False,False,False,False,NORMAL,10.0,,False,False,False,False,False,False,NORMAL,10.0,
867,57.800000,True,0.222,0.019,-20.3,-0.4,True,True,-0.0434,0.0373,True,True,False,False,False,False,False,False,NORMAL,10.0,,False,False,False,False,False,False,NORMAL,10.0,
868,57.866667,True,0.22,0.025,-20.2,-0.5,True,True,-0.0455,0.0398,True,True,False,False,False,False,False,False,NORMAL,10.0,,False,False,False,False,False,False,NORMAL,10.0,
869,57.933333,True,0.219,0.029,-20.1,-0.5,True,True,-0.0418,0.0365,True,True,False,False,False,False,False,False,NORMAL,10.0,,False,False,False,False,False,False,NORMAL,10.0,
870,58.000000,True,0.221,0.033,-20.1,-0.5,True,True,-0.0257,0.0425,True,True,False,False,False,False,False,False,NORMAL,10.0,,False,False,False,False,False,False,NORMAL,10.0,
871,58.066667,True,0.225,0.039,-20.1,-0.6,True,True,-0.0185,0.051,True,True,False,False,False,False,False,False,NORMAL,10.0,,False,False,False,False,False,False,NORMAL,10.0,
872,58.133333,True,0.231,0.042,-20.1,-0.6,True,True,-0.028,0.0462,True,True,False,False,False,False,False,False,NORMAL,10.0,,False,False,False,False,False,False,NORMAL,10.0,
873,58.200000,True,0.24,0.043,-20.2,-0.7,True,True,-0.0259,0.0573,True,True,False,False,False,False,False,False,NORMAL,10.0,,False,False,False,False,False,False,NORMAL,10.0,
874,58.266667,True,0.248,0.048,-20.3,-0.8,True,True,-0.0337,0.0504,True,True,False,False,False,False,False,False,NORMAL,10.0,,False,False,False,False,False,False,NORMAL,10.0,
875,58.333333,True,0.254,0.056,-20.3,-1.0,True,True,-0.0421,0.0528,True,True,False,False,False,False,False,False,NORMAL,10.0,,False,False,False,False,False,False,NORMAL,10.0,
876,58.400000,True,0.259,0.064,-20.4,-1.1,True,True,-0.0424,0.0486,True,True,False,False,False,False,False,False,NORMAL,10.0,,False,False,False,False,False,False,NORMAL,10.0,
877,58.466667,True,0.265,0.072,-20.4,-1.2,True,True,-0.0428,0.0454,True,True,False,False,False,False,False,False,NORMAL,10.0,,False,False,False,False,False,False,NORMAL,10.0,
878,58.533333,True,0.268,0.087,-20.5,-1.3,True,True,-0.0398,0.0527,True,True,False,False,False,False,False,False,NORMAL,10.0,,False,False,False,False,False,False,NORMAL,10.0,
879,58.600000,True,0.271,0.114,-20.6,-1.3,True,True,-0.0395,0.0607,True,True,False,False,False,False,False,False,NORMAL,10.0,,False,False,False,False,False,False,NORMAL,10.0,
880,58.666667,True,0.272,0.157,-20.6,-1.2,True,True,-0.0447,0.0466,True,True,False,False,False,False,False,False,NORMAL,10.0,,False,False,False,False,False,False,NORMAL,10.0,
881,58.733333,True,0.274,0.2,-20.6,-1.1,True,True,-0.0468,0.0425,True,True,False,False,False,False,False,False,NORMAL,10.0,,False,False,False,False,False,False,NORMAL,10.0,
882,58.800000,True,0.274,0.245,-20.6,-1.0,True,True,-0.0541,0.0428,True,True,False,False,False,False,False,False,NORMAL,10.0,,False,False,False,False,False,False,NORMAL,10.0,
883,58.866667,True,0.275,0.286,-20.6,-1.0,True,True,-0.0597,0.0443,True,True,False,False,False,False,False,False,NORMAL,10.0,,False,False,False,False,False,False,NORMAL,10.0,
884,58.933333,True,0.275,0.322,-20.6,-0.9,True,True,-0.0576,0.0456,True,True,False,False,False,False,False,False,NORMAL,10.0,,False,False,False,False,False,False,NORMAL,10.0,
885,59.000000,True,0.275,0.358,-20.6,-0.8,True,True,-0.053,0.0525,True,True,False,False,False,False,False,False,NORMAL,10.0,,False,False,False,False,False,False,NORMAL,10.0,
886,59.066667,True,0.274,0.388,-20.6,-0.7,True,True,-0.0293,0.0665,True,True,False,False,False,False,False,False,NORMAL,10.0,,False,False,False,False,False,False,NORMAL,10.0,
887,59.133333,True,0.273,0.413,-20.7,-0.7,True,True,-0.0163,0.0667,True,True,False,False,False,False,False,False,NORMAL,10.0,,False,False,False,False,False,False,NORMAL,10.0,
888,59.200000,True,0.272,0.436,-20.7,-0.7,True,True,-0.0233,0.0633,True,True,False,False,False,False,False,False,NORMAL,10.0,,False,False,False,False,False,False,NORMAL,10.0,
889,59.266667,True,0.272,0.458,-20.7,-0.7,True,True,-0.0373,0.0554,True,True,False,False,False,False,False,False,NORMAL,10.0,,False,False,False,False,False,False,NORMAL,10.0,
890,59.333333,True,0.272,0.479,-20.7,-0.6,True,True,-0.0312,0.0602,True,True,False,False,False,False,False,False,NORMAL,10.0,,False,False,False,False,False,False,NORMAL,10.0,
891,59.400000,True,0.271,0.494,-20.7,-0.6,True,True,-0.0375,0.0602,True,True,False,False,False,False,False,False,NORMAL,10.0,,False,False,False,False,False,False,NORMAL,10.0,
892,59.466667,True,0.271,0.512,-20.7,-0.5,True,True,-0.0382,0.0512,True,True,False,False,False,False,False,False,NORMAL,10.0,,False,False,False,False,False,False,NORMAL,10.0,
893,59.533333,True,0.271,0.519,-20.7,-0.5,True,True,-0.0301,0.0552,True,True,False,False,False,False,False,False,NORMAL,10.0,,False,False,False,False,False,False,NORMAL,10.0,
894,59.600000,True,0.27,0.519,-20.6,-0.4,True,True,-0.0273,0.0539,True,True,False,False,False,False,False,False,NORMAL,10.0,,False,False,False,False,False,False,NORMAL,10.0,
895,59.666667,True,0.268,0.52,-20.6,-0.4,True,True,-0.0341,0.0498,True,True,False,False,False,False,False,False,NORMAL,10.0,,False,False,False,False,False,False,NORMAL,10.0,
896,59.733333,True,0.268,0.523,-20.6,-0.3,True,True,-0.0173,0.0544,True,True,False,False,False,False,False,False,NORMAL,10.0,,False,False,False,False,False,False,NORMAL,10.0,
897,59.800000,True,0.269,0.526,-20.7,-0.3,True,True,-0.0329,0.0433,True,True,False,False,False,False,False,False,NORMAL,10.0,,False,False,False,False,False,False,NORMAL,10.0,
898,59.866667,True,0.27,0.528,-20.7,-0.3,True,True,-0.055,0.0256,True,True,False,False,False,False,False,False,NORMAL,10.0,,False,False,False,False,False,False,NORMAL,10.0,
899,59.933333,True,0.269,0.523,-20.7,-0.3,True,True,-0.0426,0.0285,True,True,False,False,False,False,False,False,NORMAL,10.0,,False,False,False,False,False,False,NORMAL,10.0,
900,60.000000,True,0.267,0.523,-20.7,-0.2,True,True,-0.0526,0.022,True,True,False,False,False,False,False,False,NORMAL,10.0,,False,False,False,False,False,False,NORMAL,10.0,
901,60.066667,True,0.267,0.523,-20.7,-0.2,True,True,-0.0569,0.0351,True,True,False,False,False,False,False,False,NORMAL,10.0,,False,False,False,False,False,False,NORMAL,10.0,
902,60.133333,True,0.266,0.523,-20.7,-0.2,True,True,-0.0425,0.0229,True,True,False,False,False,False,False,False,NORMAL,10.0,,False,False,False,False,False,False,NORMAL,10.0,
903,60.200000,True,0.267,0.525,-20.7,-0.2,True,True,-0.0496,0.0227,True,True,False,False,False,False,False,False,NORMAL,10.0,,False,False,False,False,False,False,NORMAL,10.0,
904,60.266667,True,0.268,0.525,-20.7,-0.2,True,True,-0.0668,0.0087,True,True,False,False,False,False,False,False,NORMAL,10.0,,False,False,False,False,False,False,NORMAL,10.0,
905,60.333333,True,0.266,0.526,-20.7,-0.2,True,True,-0.063,0.0128,True,True,False,False,False,False,False,False,NORMAL,10.0,,False,False,False,False,False,False,NORMAL,10.0,
906,60.400000,True,0.264,0.529,-20.7,-0.2,True,True,-0.0785,0.0008,True,True,False,False,False,False,False,False,NORMAL,10.0,,False,False,False,False,False,False,NORMAL,10.0,
907,60.466667,True,0.264,0.53,-20.7,-0.2,True,True,-0.0799,-0.003,True,True,False,False,False,False,False,False,NORMAL,10.0,,False,False,False,False,False,False,NORMAL,10.0,
908,60.533333,True,0.268,0.534,-20.7,-0.2,True,True,-0.0615,-0.0021,True,True,False,False,False,False,False,False,NORMAL,10.0,,False,False,False,False,False,False,NORMAL,10.0,
909,60.600000,True,0.265,0.536,-20.7,-0.2,True,True,-0.0779,-0.0153,True,True,False,False,False,False,False,False,NORMAL,10.0,,False,False,False,False,False,False,NORMAL,10.0,
910,60.666667,True,0.265,0.534,-20.8,-0.1,True,True,-0.0761,0.0024,True,True,False,False,False,False,False,False,NORMAL,10.0,,False,False,False,False,False,False,NORMAL,10.0,
911,60.733333,True,0.265,0.537,-20.8,-0.1,True,True,-0.0808,-0.0,True,True,False,False,False,False,False,False,NORMAL,10.0,,False,False,False,False,False,False,NORMAL,10.0,
912,60.800000,True,0.267,0.536,-20.9,-0.0,True,True,-0.077,-0.001,True,True,False,False,False,False,False,False,NORMAL,10.0,,False,False,False,False,False,False,NORMAL,10.0,
913,60.866667,True,0.265,0.535,-20.9,0.1,True,True,-0.0772,-0.0087,True,True,False,False,False,False,False,False,NORMAL,10.0,,False,False,False,False,False,False,NORMAL,10.0,
914,60.933333,True,0.265,0.535,-20.9,0.1,True,True,-0.0719,0.0049,True,True,False,False,False,False,False,False,NORMAL,10.0,,False,False,False,False,False,False,NORMAL,10.0,
915,61.000000,True,0.266,0.534,-20.9,0.2,True,True,-0.0621,0.0031,True,True,False,False,False,False,False,False,NORMAL,10.0,,False,False,False,False,False,False,NORMAL,10.0,
916,61.066667,True,0.268,0.536,-20.9,0.2,True,True,-0.0616,0.0038,True,True,False,False,False,False,False,False,NORMAL,10.0,,False,False,False,False,False,False,NORMAL,10.0,
917,61.133333,True,0.268,0.537,-20.9,0.2,True,True,-0.0493,-0.003,True,True,False,True,False,False,False,False,WARNING,45.0,,False,True,False,False,False,False,WARNING,45.0,
918,61.200000,True,0.267,0.543,-21.0,0.3,True,True,-0.07,-0.0076,True,True,False,True,False,False,False,False,WARNING,45.0,,False,True,False,False,False,False,WARNING,45.0,
919,61.266667,True,0.266,0.557,-21.0,0.3,True,True,-0.0533,0.0116,True,True,False,True,False,False,False,False,WARNING,45.0,,False,True,False,False,False,False,WARNING,45.0,
920,61.333333,True,0.264,0.566,-21.0,0.3,True,True,-0.0609,-0.0121,True,True,False,True,False,False,False,False,WARNING,45.0,,False,True,False,False,False,False,WARNING,45.0,
921,61.400000,True,0.263,0.578,-20.9,0.4,True,True,-0.0614,-0.0094,True,True,False,True,False,False,False,False,WARNING,45.0,,False,True,False,False,False,False,WARNING,45.0,
922,61.466667,True,0.261,0.591,-20.9,0.4,True,True,-0.0567,-0.002,True,True,False,True,False,False,False,False,WARNING,45.0,,False,True,False,False,False,False,WARNING,45.0,
923,61.533333,True,0.259,0.604,-20.8,0.4,True,True,-0.0661,-0.0096,True,True,False,True,False,False,False,False,WARNING,45.0,,False,True,False,False,False,False,WARNING,45.0,
924,61.600000,True,0.258,0.613,-20.7,0.5,True,True,-0.0561,-0.0011,True,True,False,True,False,False,False,False,WARNING,45.0,,False,True,False,False,False,False,WARNING,45.0,
925,61.666667,True,0.257,0.621,-20.7,0.5,True,True,-0.0587,-0.0006,True,True,False,True,False,False,False,False,WARNING,45.0,,False,True,False,False,False,False,WARNING,45.0,
926,61.733333,True,0.255,0.624,-20.6,0.6,True,True,-0.0516,0.0022,True,True,False,True,False,False,False,False,WARNING,45.0,,False,True,False,False,False,False,WARNING,45.0,
927,61.800000,True,0.252,0.626,-20.5,0.6,True,True,-0.0528,0.0026,True,True,False,True,False,False,False,False,WARNING,45.0,,False,True,False,False,False,False,WARNING,45.0,
928,61.866667,True,0.25,0.627,-20.4,0.7,True,True,-0.0592,-0.0003,True,True,False,True,False,False,False,False,WARNING,45.0,,False,True,False,False,False,False,WARNING,45.0,
929,61.933333,True,0.248,0.625,-20.3,0.7,True,True,-0.048,0.0042,True,True,False,True,False,False,False,False,WARNING,45.0,,False,True,False,False,False,False,WARNING,45.0,
930,62.000000,True,0.246,0.624,-20.2,0.7,True,True,-0.0452,0.0021,True,True,False,True,False,False,False,False,WARNING,45.0,,False,True,False,False,False,False,WARNING,45.0,
931,62.066667,True,0.243,0.624,-20.0,0.7,True,True,-0.0423,0.0026,True,True,False,True,False,False,False,False,WARNING,45.0,,False,True,False,False,False,False,WARNING,45.0,
932,62.133333,True,0.243,0.622,-19.9,0.7,True,True,-0.0399,0.0009,True,True,False,True,False,False,False,False,WARNING,45.0,,False,True,False,False,False,False,WARNING,45.0,
933,62.200000,True,0.241,0.62,-19.8,0.7,True,True,-0.0389,-0.0029,True,True,False,True,False,False,False,False,WARNING,45.0,,False,True,False,False,False,False,WARNING,45.0,
934,62.266667,True,0.237,0.617,-19.8,0.7,True,True,-0.031,-0.008,True,True,False,True,False,False,False,False,WARNING,45.0,,False,True,False,False,False,False,WARNING,45.0,
935,62.333333,True,0.233,0.617,-19.7,0.8,True,True,-0.0353,-0.0059,True,True,False,True,False,False,False,False,WARNING,45.0,,False,True,False,False,False,False,WARNING,45.0,
936,62.400000,True,0.232,0.616,-19.6,0.9,True,True,-0.0322,-0.0051,True,True,False,True,False,False,False,False,WARNING,45.0,,False,True,False,False,False,False,WARNING,45.0,
937,62.466667,True,0.23,0.617,-19.6,0.9,True,True,-0.0433,0.0,True,True,False,True,False,False,False,False,WARNING,45.0,,False,True,False,False,False,False,WARNING,45.0,
938,62.533333,True,0.23,0.621,-19.6,0.9,True,True,-0.0457,0.0003,True,True,False,True,False,False,False,False,WARNING,45.0,,False,True,False,False,False,False,WARNING,45.0,
939,62.600000,True,0.23,0.626,-19.6,0.9,True,True,-0.0513,-0.001,True,True,False,True,False,False,False,False,WARNING,45.0,,False,True,False,False,False,False,WARNING,45.0,
940,62.666667,True,0.231,0.627,-19.6,1.0,True,True,-0.0495,0.003,True,True,False,True,False,False,False,False,WARNING,45.0,,False,True,False,False,False,False,WARNING,45.0,
941,62.733333,True,0.231,0.633,-19.6,1.0,True,True,-0.0463,0.0011,True,True,False,True,False,False,False,False,WARNING,45.0,,False,True,False,False,False,False,WARNING,45.0,
942,62.800000,True,0.23,0.631,-19.6,1.0,True,True,-0.0545,0.0067,True,True,False,True,False,False,False,False,WARNING,45.0,,False,True,False,False,False,False,WARNING,45.0,
943,62.866667,True,0.23,0.637,-19.6,1.0,True,True,-0.0663,-0.0019,True,True,False,True,False,False,False,False,WARNING,45.0,,False,True,False,False,False,False,WARNING,45.0,
944,62.933333,True,0.229,0.648,-19.6,1.0,True,True,-0.0557,0.0092,True,True,False,True,False,False,False,False,WARNING,45.0,,False,True,False,False,False,False,WARNING,45.0,
945,63.000000,True,0.23,0.654,-19.6,0.9,True,True,-0.0549,0.0089,True,True,False,True,False,False,False,False,WARNING,45.0,,False,True,False,False,False,False,WARNING,45.0,
946,63.066667,True,0.23,0.656,-19.6,0.9,True,True,-0.059,-0.0086,True,True,False,True,False,False,False,False,WARNING,45.0,,False,True,False,False,False,False,WARNING,45.0,
947,63.133333,True,0.231,0.657,-19.6,0.8,True,True,-0.0595,-0.0096,True,True,False,True,False,False,False,False,WARNING,45.0,,False,True,False,False,False,False,WARNING,45.0,
948,63.200000,True,0.231,0.658,-19.6,0.8,True,True,-0.0582,-0.0138,True,True,False,True,False,False,False,False,WARNING,45.0,,False,True,False,False,False,False,WARNING,45.0,
949,63.266667,True,0.232,0.647,-19.7,0.7,True,True,-0.0692,-0.0153,True,True,False,True,False,False,False,False,WARNING,45.0,,False,True,False,False,False,False,WARNING,45.0,
950,63.333333,True,0.233,0.65,-19.7,0.6,True,True,-0.0679,-0.0104,True,True,False,True,False,False,False,False,WARNING,45.0,,False,True,False,False,False,False,WARNING,45.0,
951,63.400000,True,0.233,0.656,-19.8,0.6,True,True,-0.0678,-0.0088,True,True,False,True,False,False,False,False,WARNING,45.0,,False,True,False,False,False,False,WARNING,45.0,
952,63.466667,True,0.233,0.656,-19.8,0.5,True,True,-0.0705,-0.0097,True,True,False,True,False,False,False,False,WARNING,45.0,,False,True,False,False,False,False,WARNING,45.0,
953,63.533333,True,0.234,0.657,-19.9,0.5,True,True,-0.0727,-0.0091,True,True,False,True,False,False,False,False,WARNING,45.0,,False,True,False,False,False,False,WARNING,45.0,
954,63.600000,True,0.235,0.658,-20.0,0.4,True,True,-0.0698,-0.01,True,True,False,True,False,False,False,False,WARNING,45.0,,False,True,False,False,False,False,WARNING,45.0,
955,63.666667,True,0.236,0.663,-20.0,0.4,True,True,-0.0688,-0.0149,True,True,False,True,False,False,False,False,WARNING,45.0,,False,True,False,False,False,False,WARNING,45.0,
956,63.733333,True,0.237,0.666,-20.0,0.4,True,True,-0.0719,-0.0082,True,True,False,True,False,False,False,False,WARNING,45.0,,False,True,False,False,False,False,WARNING,45.0,
957,63.800000,True,0.237,0.675,-20.0,0.4,True,True,-0.063,-0.0034,True,True,False,True,False,False,False,False,WARNING,45.0,,False,True,False,False,False,False,WARNING,45.0,
958,63.866667,True,0.236,0.678,-20.0,0.4,True,True,-0.0586,-0.0024,True,True,False,True,False,False,False,False,WARNING,45.0,,False,True,False,False,False,False,WARNING,45.0,
959,63.933333,True,0.237,0.685,-20.1,0.3,True,True,-0.0567,-0.0052,True,True,False,True,False,False,False,False,WARNING,45.0,,False,True,False,False,False,False,WARNING,45.0,
960,64.000000,True,0.239,0.689,-20.1,0.3,True,True,-0.0565,0.0076,True,True,False,True,False,False,False,False,WARNING,45.0,,False,True,False,False,False,False,WARNING,45.0,
961,64.066667,True,0.24,0.692,-20.2,0.3,True,True,-0.0546,0.0042,True,True,False,True,False,False,False,False,WARNING,45.0,,False,True,False,False,False,False,WARNING,45.0,
962,64.133333,True,0.241,0.693,-20.2,0.3,True,True,-0.0469,-0.0002,True,True,False,True,False,False,False,False,WARNING,45.0,,False,True,False,False,False,False,WARNING,45.0,
963,64.200000,True,0.242,0.687,-20.3,0.3,True,True,-0.0551,-0.0019,True,True,False,True,False,False,False,False,WARNING,45.0,,False,True,False,False,False,False,WARNING,45.0,
964,64.266667,True,0.244,0.68,-20.3,0.3,True,True,-0.0539,0.0045,True,True,False,True,False,False,False,False,WARNING,45.0,,False,True,False,False,False,False,WARNING,45.0,
965,64.333333,True,0.245,0.676,-20.3,0.3,True,True,-0.0548,-0.0018,True,True,False,True,False,False,False,False,WARNING,45.0,,False,True,False,False,False,False,WARNING,45.0,
966,64.400000,True,0.245,0.672,-20.3,0.3,True,True,-0.0589,0.0056,True,True,False,True,False,False,False,False,WARNING,45.0,,False,True,False,False,False,False,WARNING,45.0,
967,64.466667,True,0.245,0.664,-20.3,0.3,True,True,-0.0647,-0.0025,True,True,False,True,False,False,False,False,WARNING,45.0,,False,True,False,False,False,False,WARNING,45.0,
968,64.533333,True,0.245,0.659,-20.4,0.2,True,True,-0.0646,0.0021,True,True,False,True,False,False,False,False,WARNING,45.0,,False,True,False,False,False,False,WARNING,45.0,
969,64.600000,True,0.245,0.653,-20.5,0.2,True,True,-0.064,0.0005,True,True,False,True,False,False,False,False,WARNING,45.0,,False,True,False,False,False,False,WARNING,45.0,
970,64.666667,True,0.245,0.653,-20.5,0.2,True,True,-0.0645,-0.0009,True,True,False,True,False,False,False,False,WARNING,45.0,,False,True,False,False,False,False,WARNING,45.0,
971,64.733333,True,0.244,0.649,-20.6,0.1,True,True,-0.0617,-0.0061,True,True,False,True,False,False,False,False,WARNING,45.0,,False,True,False,False,False,False,WARNING,45.0,
972,64.800000,True,0.244,0.652,-20.7,0.1,True,True,-0.0663,-0.0069,True,True,False,True,False,False,False,False,WARNING,45.0,,False,True,False,False,False,False,WARNING,45.0,
973,64.866667,True,0.243,0.65,-20.8,0.1,True,True,-0.0647,-0.0064,True,True,False,True,False,False,False,False,WARNING,45.0,,False,True,False,False,False,False,WARNING,45.0,
974,64.933333,True,0.241,0.65,-20.9,0.1,True,True,-0.0603,-0.0071,True,True,False,True,False,False,False,False,WARNING,45.0,,False,True,False,False,False,False,WARNING,45.0,
975,65.000000,True,0.241,0.652,-21.0,0.1,True,True,-0.0662,-0.009,True,True,False,True,False,False,False,False,WARNING,45.0,,False,True,False,False,False,False,WARNING,45.0,
976,65.066667,True,0.243,0.659,-21.1,0.1,True,True,-0.0687,-0.012,True,True,False,True,False,False,False,False,WARNING,45.0,,False,True,False,False,False,False,WARNING,45.0,
977,65.133333,True,0.244,0.657,-21.3,0.1,True,True,-0.0677,-0.0116,True,True,False,True,False,False,False,False,WARNING,45.0,,False,True,False,False,False,False,WARNING,45.0,
978,65.200000,True,0.247,0.661,-21.4,0.2,True,True,-0.071,0.0026,True,True,False,True,False,False,False,False,WARNING,45.0,,False,True,False,False,False,False,WARNING,45.0,
979,65.266667,True,0.251,0.658,-21.5,0.2,True,True,-0.0763,-0.0018,True,True,False,True,False,False,False,False,WARNING,45.0,,False,True,False,False,False,False,WARNING,45.0,
980,65.333333,True,0.256,0.646,-21.7,0.2,True,True,-0.0802,-0.0122,True,True,False,True,False,False,False,False,WARNING,45.0,,False,True,False,False,False,False,WARNING,45.0,
981,65.400000,True,0.262,0.627,-21.9,0.2,True,True,-0.0948,-0.0123,True,True,False,True,False,False,False,False,WARNING,45.0,,False,True,False,False,False,False,WARNING,45.0,
982,65.466667,True,0.266,0.6,-22.1,0.2,True,True,-0.0882,-0.0157,True,True,False,True,False,False,False,False,WARNING,45.0,,False,True,False,False,False,False,WARNING,45.0,
983,65.533333,True,0.273,0.574,-22.3,0.1,True,True,-0.0922,-0.0104,True,True,False,True,False,False,False,False,WARNING,45.0,,False,True,False,False,False,False,WARNING,45.0,
984,65.600000,True,0.274,0.55,-22.5,0.2,True,True,-0.0974,-0.009,True,True,False,True,False,False,False,False,WARNING,45.0,,False,True,False,False,False,False,WARNING,45.0,
985,65.666667,True,0.276,0.528,-22.6,0.2,True,True,-0.1049,-0.0083,True,True,False,True,False,False,False,False,WARNING,45.0,,False,True,False,False,False,False,WARNING,45.0,
986,65.733333,True,0.278,0.512,-22.7,0.1,True,True,-0.1108,-0.0028,True,True,False,True,False,False,False,False,WARNING,45.0,,False,True,False,False,False,False,WARNING,45.0,
987,65.800000,True,0.283,0.495,-22.7,0.1,True,True,-0.1085,-0.0055,True,True,False,True,False,False,False,False,WARNING,45.0,,False,True,False,False,False,False,WARNING,45.0,
988,65.866667,True,0.285,0.485,-22.8,0.2,True,True,-0.1058,-0.0041,True,True,False,True,False,False,False,False,WARNING,45.0,,False,True,False,False,False,False,WARNING,45.0,
989,65.933333,True,0.287,0.477,-22.8,0.2,True,True,-0.1019,0.0025,True,True,False,True,False,False,False,False,WARNING,45.0,,False,True,False,False,False,False,WARNING,45.0,
990,66.000000,True,0.289,0.478,-22.8,0.4,True,True,-0.1001,0.003,True,True,False,True,False,False,False,False,WARNING,45.0,,False,True,False,False,False,False,WARNING,45.0,
991,66.066667,True,0.288,0.474,-22.8,0.5,True,True,-0.0916,0.0065,True,True,False,True,False,False,False,False,WARNING,45.0,,False,True,False,False,False,False,WARNING,45.0,
992,66.133333,True,0.29,0.458,-22.8,0.6,True,True,-0.0854,0.0035,True,True,False,True,False,False,False,False,WARNING,45.0,,False,True,False,False,False,False,WARNING,45.0,
993,66.200000,True,0.289,0.443,-22.7,0.7,True,True,-0.0957,0.0047,True,True,False,True,False,False,False,False,WARNING,45.0,,False,True,False,False,False,False,WARNING,45.0,
994,66.266667,True,0.289,0.429,-22.7,0.7,True,True,-0.0897,-0.002,True,True,False,True,False,False,False,False,WARNING,45.0,,False,True,False,False,False,False,WARNING,45.0,
995,66.333333,True,0.287,0.399,-22.6,0.9,True,True,-0.082,-0.0007,True,True,False,False,False,False,False,False,WARNING,44.1,,False,False,False,False,False,False,WARNING,44.1,
996,66.400000,True,0.286,0.354,-22.5,1.0,True,True,-0.0932,0.0063,True,True,False,False,False,False,False,False,WARNING,43.2,,False,False,False,False,False,False,WARNING,43.2,
997,66.466667,True,0.285,0.304,-22.5,1.1,True,True,-0.0824,0.0011,True,True,False,False,False,False,False,False,WARNING,42.4,,False,False,False,False,False,False,WARNING,42.4,
998,66.533333,True,0.283,0.257,-22.4,1.3,True,True,-0.086,-0.0,True,True,False,False,False,False,False,False,WARNING,41.5,,False,False,False,False,False,False,WARNING,41.5,
999,66.600000,True,0.282,0.213,-22.3,1.5,True,True,-0.089,0.0002,True,True,False,False,False,False,False,False,WARNING,40.7,,False,False,False,False,False,False,WARNING,40.7,
1000,66.666667,True,0.282,0.171,-22.4,1.7,True,True,-0.0775,-0.0039,True,True,False,False,False,False,False,False,NORMAL,39.9,,False,False,False,False,False,False,NORMAL,39.9,
1001,66.733333,True,0.281,0.132,-22.4,2.0,True,True,-0.0761,-0.0028,True,True,False,False,False,False,False,False,NORMAL,39.1,,False,False,False,False,False,False,NORMAL,39.1,
1002,66.800000,True,0.281,0.101,-22.4,2.2,True,True,-0.0756,-0.004,True,True,False,False,False,False,False,False,NORMAL,38.3,,False,False,False,False,False,False,NORMAL,38.3,
1003,66.866667,True,0.281,0.077,-22.4,2.4,True,True,-0.0771,-0.0037,True,True,False,False,False,False,False,False,NORMAL,37.6,,False,False,False,False,False,False,NORMAL,37.6,
1004,66.933333,True,0.283,0.061,-22.4,2.4,True,True,-0.0752,-0.0068,True,True,False,False,False,False,False,False,NORMAL,36.8,,False,False,False,False,False,False,NORMAL,36.8,
1005,67.000000,True,0.285,0.05,-22.5,2.5,True,True,-0.0808,-0.006,True,True,False,False,False,False,False,False,NORMAL,36.1,,False,False,False,False,False,False,NORMAL,36.1,
1006,67.066667,True,0.29,0.042,-22.5,2.5,True,True,-0.0784,-0.0027,True,True,False,False,False,False,False,False,NORMAL,35.4,,False,False,False,False,False,False,NORMAL,35.4,
1007,67.133333,True,0.295,0.04,-22.6,2.5,True,True,-0.0838,-0.0044,True,True,False,False,False,False,False,False,NORMAL,34.7,,False,False,False,False,False,False,NORMAL,34.7,
1008,67.200000,True,0.298,0.038,-22.8,2.5,True,True,-0.0824,-0.004,True,True,False,False,False,False,False,False,NORMAL,34.0,,False,False,False,False,False,False,NORMAL,34.0,
1009,67.266667,True,0.301,0.038,-22.9,2.4,True,True,-0.0832,-0.008,True,True,False,False,False,False,False,False,NORMAL,33.3,,False,False,False,False,False,False,NORMAL,33.3,
1010,67.333333,True,0.304,0.042,-22.9,2.4,True,True,-0.0829,-0.0117,True,True,False,False,False,False,False,False,NORMAL,32.7,,False,False,False,False,False,False,NORMAL,32.7,
1011,67.400000,True,0.305,0.035,-23.0,2.4,True,True,-0.0805,-0.0119,True,True,False,False,False,False,False,False,NORMAL,32.0,,False,False,False,False,False,False,NORMAL,32.0,
1012,67.466667,True,0.306,0.023,-23.1,2.4,True,True,-0.0805,-0.0118,True,True,False,False,False,False,False,False,NORMAL,31.4,,False,False,False,False,False,False,NORMAL,31.4,
1013,67.533333,True,0.305,0.012,-23.1,2.4,True,True,-0.0884,-0.02,True,True,False,False,False,False,False,False,NORMAL,30.8,,False,False,False,False,False,False,NORMAL,30.8,
1014,67.600000,True,0.307,0.011,-23.1,2.4,True,True,-0.0799,-0.0149,True,True,False,False,False,False,False,False,NORMAL,30.2,,False,False,False,False,False,False,NORMAL,30.2,
1015,67.666667,True,0.308,0.015,-23.0,2.3,True,True,-0.076,-0.0133,True,True,False,False,False,False,False,False,NORMAL,29.6,,False,False,False,False,False,False,NORMAL,29.6,
1016,67.733333,True,0.308,0.018,-23.0,2.3,True,True,-0.0771,-0.0211,True,True,False,False,False,False,False,False,NORMAL,29.0,,False,False,False,False,False,False,NORMAL,29.0,
1017,67.800000,True,0.309,0.019,-22.9,2.4,True,True,-0.0738,-0.0121,True,True,False,False,False,False,False,False,NORMAL,28.4,,False,False,False,False,False,False,NORMAL,28.4,
1018,67.866667,True,0.308,0.019,-22.9,2.4,True,True,-0.0721,-0.0229,True,True,False,False,False,False,False,False,NORMAL,27.8,,False,False,False,False,False,False,NORMAL,27.8,
1019,67.933333,True,0.307,0.019,-22.8,2.4,True,True,-0.0676,-0.0247,True,True,False,False,False,False,False,False,NORMAL,27.3,,False,False,False,False,False,False,NORMAL,27.3,
1020,68.000000,True,0.308,0.018,-22.8,2.4,True,True,-0.0645,-0.0185,True,True,False,False,False,False,False,False,NORMAL,26.8,,False,False,False,False,False,False,NORMAL,26.8,
1021,68.066667,True,0.309,0.018,-22.8,2.4,True,True,-0.0645,-0.0245,True,True,False,False,False,False,False,False,NORMAL,26.2,,False,False,False,False,False,False,NORMAL,26.2,
1022,68.133333,True,0.309,0.015,-22.8,2.3,True,True,-0.0654,-0.0215,True,True,False,False,False,False,False,False,NORMAL,25.7,,False,False,False,False,False,False,NORMAL,25.7,
1023,68.200000,True,0.309,0.013,-22.9,2.3,True,True,-0.0662,-0.0132,True,True,False,False,False,False,False,False,NORMAL,25.2,,False,False,False,False,False,False,NORMAL,25.2,
1024,68.266667,True,0.311,0.012,-22.9,2.3,True,True,-0.0664,-0.0241,True,True,False,False,False,False,False,False,NORMAL,24.7,,False,False,False,False,False,False,NORMAL,24.7,
1025,68.333333,True,0.315,0.013,-22.9,2.2,True,True,-0.068,-0.0237,True,True,False,False,False,False,False,False,NORMAL,24.2,,False,False,False,False,False,False,NORMAL,24.2,
1026,68.400000,True,0.319,0.014,-23.0,2.2,True,True,-0.07,-0.0235,True,True,False,False,False,False,False,False,NORMAL,23.7,,False,False,False,False,False,False,NORMAL,23.7,
1027,68.466667,True,0.324,0.016,-23.1,2.2,True,True,-0.067,-0.0239,True,True,False,False,False,False,False,False,NORMAL,23.3,,False,False,False,False,False,False,NORMAL,23.3,
1028,68.533333,True,0.329,0.017,-23.1,2.2,True,True,-0.0687,-0.018,True,True,False,False,False,False,False,False,NORMAL,22.8,,False,False,False,False,False,False,NORMAL,22.8,
1029,68.600000,True,0.329,0.014,-23.2,2.2,True,True,-0.0666,-0.0232,True,True,False,False,False,False,False,False,NORMAL,22.3,,False,False,False,False,False,False,NORMAL,22.3,
1030,68.666667,True,0.327,0.011,-23.2,2.3,True,True,-0.0676,-0.0111,True,True,False,False,False,False,False,False,NORMAL,21.9,,False,False,False,False,False,False,NORMAL,21.9,
1031,68.733333,True,0.327,0.009,-23.2,2.4,True,True,-0.0691,-0.0101,True,True,False,False,False,False,False,False,NORMAL,21.5,,False,False,False,False,False,False,NORMAL,21.5,
1032,68.800000,True,0.326,0.009,-23.2,2.5,True,True,-0.0732,-0.0094,True,True,False,False,False,False,False,False,NORMAL,21.0,,False,False,False,False,False,False,NORMAL,21.0,
1033,68.866667,True,0.325,0.009,-23.1,2.7,True,True,-0.0738,-0.0064,True,True,False,False,False,False,False,False,NORMAL,20.6,,False,False,False,False,False,False,NORMAL,20.6,
1034,68.933333,True,0.323,0.009,-23.2,2.9,True,True,-0.0807,-0.0067,True,True,False,False,False,False,False,False,NORMAL,20.2,,False,False,False,False,False,False,NORMAL,20.2,
1035,69.000000,True,0.323,0.009,-23.2,3.2,True,True,-0.0771,0.0026,True,True,False,False,False,False,False,False,NORMAL,20.0,,False,False,False,False,False,False,NORMAL,20.0,
1036,69.066667,True,0.323,0.009,-23.2,3.3,True,True,-0.0833,-0.0049,True,True,False,False,False,False,False,False,NORMAL,20.0,,False,False,False,False,False,False,NORMAL,20.0,
1037,69.133333,True,0.324,0.009,-23.2,3.4,True,True,-0.0787,0.0012,True,True,False,False,False,False,False,False,NORMAL,20.0,,False,False,False,False,False,False,NORMAL,20.0,
1038,69.200000,True,0.324,0.009,-23.3,3.6,True,True,-0.0814,0.003,True,True,False,False,False,False,False,False,NORMAL,20.0,,False,False,False,False,False,False,NORMAL,20.0,
1039,69.266667,True,0.323,0.01,-23.3,3.7,True,True,-0.0786,0.0054,True,True,False,False,False,False,False,False,NORMAL,20.0,,False,False,False,False,False,False,NORMAL,20.0,
1040,69.333333,True,0.323,0.011,-23.3,3.8,True,True,-0.0813,0.0107,True,True,False,False,False,False,False,False,NORMAL,20.0,,False,False,False,False,False,False,NORMAL,20.0,
1041,69.400000,True,0.323,0.013,-23.4,3.8,True,True,-0.0765,0.0064,True,True,False,False,False,False,False,False,NORMAL,20.0,,False,False,False,False,False,False,NORMAL,20.0,
1042,69.466667,True,0.323,0.016,-23.4,3.8,True,True,-0.083,0.01,True,True,False,False,False,False,False,False,NORMAL,20.0,,False,False,False,False,False,False,NORMAL,20.0,
1043,69.533333,True,0.323,0.02,-23.3,3.8,True,True,-0.0787,0.009,True,True,False,False,False,False,False,False,NORMAL,20.0,,False,False,False,False,False,False,NORMAL,20.0,
1044,69.600000,True,0.323,0.022,-23.3,3.7,True,True,-0.0828,0.0092,True,True,False,False,False,False,False,False,NORMAL,20.0,,False,False,False,False,False,False,NORMAL,20.0,
1045,69.666667,True,0.322,0.024,-23.3,3.7,True,True,-0.0828,0.008,True,True,False,False,False,False,False,False,NORMAL,20.0,,False,False,False,False,False,False,NORMAL,20.0,
1046,69.733333,True,0.322,0.027,-23.3,3.6,True,True,-0.0736,0.0042,True,True,False,False,False,False,False,False,NORMAL,20.0,,False,False,False,False,False,False,NORMAL,20.0,
1047,69.800000,True,0.322,0.027,-23.3,3.6,True,True,-0.0789,0.0077,True,True,False,False,False,False,False,False,NORMAL,20.0,,False,False,False,False,False,False,NORMAL,20.0,
1048,69.866667,True,0.321,0.028,-23.3,3.6,True,True,-0.0741,0.0042,True,True,False,False,False,False,False,False,NORMAL,20.0,,False,False,False,False,False,False,NORMAL,20.0,
1049,69.933333,True,0.321,0.027,-23.3,3.6,True,True,-0.079,0.0056,True,True,False,False,False,False,False,False,NORMAL,20.0,,False,False,False,False,False,False,NORMAL,20.0,
1050,70.000000,True,0.321,0.027,-23.2,3.5,True,True,-0.078,0.0059,True,True,False,False,False,False,False,False,NORMAL,20.0,,False,False,False,False,False,False,NORMAL,20.0,
1051,70.066667,True,0.321,0.027,-23.2,3.5,True,True,-0.0777,0.0044,True,True,False,False,False,False,False,False,NORMAL,20.0,,False,False,False,False,False,False,NORMAL,20.0,
1052,70.133333,True,0.32,0.026,-23.2,3.5,True,True,-0.0762,0.0054,True,True,False,False,False,False,False,False,NORMAL,20.0,,False,False,False,False,False,False,NORMAL,20.0,
1053,70.200000,True,0.32,0.026,-23.2,3.4,True,True,-0.0757,0.0029,True,True,False,False,False,False,False,False,NORMAL,20.0,,False,False,False,False,False,False,NORMAL,20.0,
1054,70.266667,True,0.319,0.026,-23.2,3.4,True,True,-0.0764,0.0013,True,True,False,False,False,False,False,False,NORMAL,20.0,,False,False,False,False,False,False,NORMAL,20.0,
1055,70.333333,True,0.318,0.025,-23.2,3.4,True,True,-0.0753,-0.0047,True,True,False,False,False,False,False,False,NORMAL,20.0,,False,False,False,False,False,False,NORMAL,20.0,
1056,70.400000,True,0.318,0.025,-23.2,3.3,True,True,-0.0749,0.0053,True,True,False,False,False,False,False,False,NORMAL,20.0,,False,False,False,False,False,False,NORMAL,20.0,
1057,70.466667,True,0.318,0.025,-23.3,3.3,True,True,-0.0721,-0.0003,True,True,False,False,False,False,False,False,NORMAL,20.0,,False,False,False,False,False,False,NORMAL,20.0,
1058,70.533333,True,0.318,0.026,-23.3,3.3,True,True,-0.0739,0.006,True,True,False,False,False,False,False,False,NORMAL,20.0,,False,False,False,False,False,False,NORMAL,20.0,
1059,70.600000,True,0.317,0.026,-23.3,3.3,True,True,-0.0733,0.0004,True,True,False,False,False,False,False,False,NORMAL,20.0,,False,False,False,False,False,False,NORMAL,20.0,
1060,70.666667,True,0.317,0.026,-23.3,3.3,True,True,-0.0773,0.0074,True,True,False,False,False,False,False,False,NORMAL,20.0,,False,False,False,False,False,False,NORMAL,20.0,
1061,70.733333,True,0.317,0.026,-23.3,3.2,True,True,-0.0726,0.0025,True,True,False,False,False,False,False,False,NORMAL,20.0,,False,False,False,False,False,False,NORMAL,20.0,
1062,70.800000,True,0.317,0.026,-23.3,3.2,True,True,-0.0782,0.0058,True,True,False,False,False,False,False,False,NORMAL,20.0,,False,False,False,False,False,False,NORMAL,20.0,
1063,70.866667,True,0.317,0.026,-23.3,3.2,True,True,-0.0726,-0.001,True,True,False,False,False,False,False,False,NORMAL,20.0,,False,False,False,False,False,False,NORMAL,20.0,
1064,70.933333,True,0.317,0.027,-23.3,3.1,True,True,-0.0783,0.0055,True,True,False,False,False,False,False,False,NORMAL,20.0,,False,False,False,False,False,False,NORMAL,20.0,
1065,71.000000,True,0.317,0.028,-23.4,3.1,True,True,-0.0731,0.0042,True,True,False,False,False,False,False,False,NORMAL,20.0,,False,False,False,False,False,False,NORMAL,20.0,
1066,71.066667,True,0.317,0.027,-23.4,3.1,True,True,-0.0754,0.0006,True,True,False,False,False,False,False,False,NORMAL,20.0,,False,False,False,False,False,False,NORMAL,20.0,
1067,71.133333,True,0.316,0.027,-23.4,3.1,True,True,-0.073,-0.0055,True,True,False,False,False,False,False,False,NORMAL,20.0,,False,False,False,False,False,False,NORMAL,20.0,
1068,71.200000,True,0.316,0.028,-23.4,3.1,True,True,-0.0742,-0.0078,True,True,False,False,False,False,False,False,NORMAL,20.0,,False,False,False,False,False,False,NORMAL,20.0,
1069,71.266667,True,0.316,0.029,-23.4,3.0,True,True,-0.0755,-0.0082,True,True,False,False,False,False,False,False,NORMAL,20.0,,False,False,False,False,False,False,NORMAL,20.0,
1070,71.333333,True,0.315,0.03,-23.4,3.0,True,True,-0.0789,-0.0038,True,True,False,False,False,False,False,False,NORMAL,20.0,,False,False,False,False,False,False,NORMAL,20.0,
1071,71.400000,True,0.315,0.03,-23.4,3.0,True,True,-0.0763,-0.0013,True,True,False,False,False,False,False,False,NORMAL,20.0,,False,False,False,False,False,False,NORMAL,20.0,
1072,71.466667,True,0.314,0.031,-23.3,3.0,True,True,-0.0758,-0.0002,True,True,False,False,False,False,False,False,NORMAL,20.0,,False,False,False,False,False,False,NORMAL,20.0,
1073,71.533333,True,0.314,0.031,-23.3,3.0,True,True,-0.0748,-0.0096,True,True,False,False,False,False,False,False,NORMAL,20.0,,False,False,False,False,False,False,NORMAL,20.0,
1074,71.600000,True,0.313,0.032,-23.3,2.9,True,True,-0.0724,-0.008,True,True,False,False,False,False,False,False,NORMAL,20.0,,False,False,False,False,False,False,NORMAL,20.0,
1075,71.666667,True,0.313,0.033,-23.3,2.9,True,True,-0.0702,-0.0068,True,True,False,False,False,False,False,False,NORMAL,20.0,,False,False,False,False,False,False,NORMAL,20.0,
1076,71.733333,True,0.312,0.034,-23.2,2.9,True,True,-0.0709,-0.0116,True,True,False,False,False,False,False,False,NORMAL,20.0,,False,False,False,False,False,False,NORMAL,20.0,
1077,71.800000,True,0.311,0.034,-23.2,2.9,True,True,-0.0692,-0.0139,True,True,False,False,False,False,False,False,NORMAL,20.0,,False,False,False,False,False,False,NORMAL,20.0,
1078,71.866667,True,0.311,0.034,-23.2,2.9,True,True,-0.0683,-0.0164,True,True,False,False,False,False,False,False,NORMAL,20.0,,False,False,False,False,False,False,NORMAL,20.0,
1079,71.933333,True,0.31,0.035,-23.2,2.9,True,True,-0.0688,-0.0137,True,True,False,False,False,False,False,False,NORMAL,20.0,,False,False,False,False,False,False,NORMAL,20.0,
1080,72.000000,True,0.312,0.034,-23.2,2.9,True,True,-0.0716,-0.0135,True,True,False,False,False,False,False,False,NORMAL,20.0,,False,False,False,False,False,False,NORMAL,20.0,
1081,72.066667,True,0.313,0.033,-23.1,2.8,True,True,-0.0688,-0.0186,True,True,False,False,False,False,False,False,NORMAL,20.0,,False,False,False,False,False,False,NORMAL,20.0,
1082,72.133333,True,0.314,0.03,-23.1,2.8,True,True,-0.072,-0.0189,True,True,False,False,False,False,False,False,NORMAL,20.0,,False,False,False,False,False,False,NORMAL,20.0,
1083,72.200000,True,0.314,0.027,-23.1,2.8,True,True,-0.0628,-0.0112,True,True,False,False,False,False,False,False,NORMAL,20.0,,False,False,False,False,False,False,NORMAL,20.0,
1084,72.266667,True,0.314,0.024,-23.1,2.8,True,True,-0.0686,-0.0201,True,True,False,False,False,False,False,False,NORMAL,20.0,,False,False,False,False,False,False,NORMAL,20.0,
1085,72.333333,True,0.312,0.021,-23.1,2.8,True,True,-0.0704,-0.0212,True,True,False,False,False,False,False,False,NORMAL,20.0,,False,False,False,False,False,False,NORMAL,20.0,
1086,72.400000,True,0.311,0.018,-23.1,2.8,True,True,-0.0619,-0.0263,True,True,False,False,False,False,False,False,NORMAL,20.0,,False,False,False,False,False,False,NORMAL,20.0,
1087,72.466667,True,0.309,0.016,-23.0,2.8,True,True,-0.0576,-0.0092,True,True,False,False,False,False,False,False,NORMAL,20.0,,False,False,False,False,False,False,NORMAL,20.0,
1088,72.533333,True,0.308,0.013,-23.0,2.8,True,True,-0.0589,-0.0089,True,True,False,False,False,False,False,False,NORMAL,20.0,,False,False,False,False,False,False,NORMAL,20.0,
1089,72.600000,True,0.307,0.01,-23.0,2.8,True,True,-0.0514,-0.0096,True,True,False,False,False,False,False,False,NORMAL,20.0,,False,False,False,False,False,False,NORMAL,20.0,
1090,72.666667,True,0.307,0.007,-22.9,2.7,True,True,-0.0473,-0.0072,True,True,False,False,False,False,False,False,NORMAL,20.0,,False,False,False,False,False,False,NORMAL,20.0,
1091,72.733333,True,0.307,0.005,-22.9,2.6,True,True,-0.0527,0.001,True,True,False,False,False,False,False,False,NORMAL,20.0,,False,False,False,False,False,False,NORMAL,20.0,
1092,72.800000,True,0.307,0.004,-22.9,2.5,True,True,-0.0463,0.0008,True,True,False,False,False,False,False,False,NORMAL,20.0,,False,False,False,False,False,False,NORMAL,20.0,
1093,72.866667,True,0.307,0.006,-22.9,2.5,True,True,-0.0505,0.0011,True,True,False,False,False,False,False,False,NORMAL,20.0,,False,False,False,False,False,False,NORMAL,20.0,
1094,72.933333,True,0.307,0.009,-22.9,2.4,True,True,-0.0475,-0.007,True,True,False,False,False,False,False,False,NORMAL,20.0,,False,False,False,False,False,False,NORMAL,20.0,
1095,73.000000,True,0.309,0.011,-23.0,2.3,True,True,-0.0455,-0.0109,True,True,False,False,False,False,False,False,NORMAL,20.0,,False,False,False,False,False,False,NORMAL,20.0,
1096,73.066667,True,0.312,0.013,-23.0,2.2,True,True,-0.051,-0.0111,True,True,False,False,False,False,False,False,NORMAL,20.0,,False,False,False,False,False,False,NORMAL,20.0,
1097,73.133333,True,0.313,0.015,-23.0,2.2,True,True,-0.0474,-0.0098,True,True,False,False,False,False,False,False,NORMAL,20.0,,False,False,False,False,False,False,NORMAL,20.0,
1098,73.200000,True,0.314,0.016,-23.0,2.2,True,True,-0.0455,-0.0078,True,True,False,False,False,False,False,False,NORMAL,20.0,,False,False,False,False,False,False,NORMAL,20.0,
1099,73.266667,True,0.314,0.018,-23.0,2.2,True,True,-0.0422,-0.007,True,True,False,False,False,False,False,False,NORMAL,20.0,,False,False,False,False,False,False,NORMAL,20.0,
1100,73.333333,True,0.314,0.018,-23.1,2.2,True,True,-0.045,-0.0105,True,True,False,False,False,False,False,False,NORMAL,20.0,,False,False,False,False,False,False,NORMAL,20.0,
1101,73.400000,True,0.315,0.017,-23.1,2.2,True,True,-0.0556,-0.0055,True,True,False,False,False,False,False,False,NORMAL,20.0,,False,False,False,False,False,False,NORMAL,20.0,
1102,73.466667,True,0.315,0.017,-23.1,2.2,True,True,-0.0603,-0.012,True,True,False,False,False,False,False,False,NORMAL,20.0,,False,False,False,False,False,False,NORMAL,20.0,
1103,73.533333,True,0.315,0.016,-23.1,2.2,True,True,-0.0659,-0.0056,True,True,False,False,False,False,False,False,NORMAL,20.0,,False,False,False,False,False,False,NORMAL,20.0,
1104,73.600000,True,0.315,0.016,-23.1,2.2,True,True,-0.0651,0.0135,True,True,False,False,False,False,False,False,NORMAL,20.0,,False,False,False,False,False,False,NORMAL,20.0,
1105,73.666667,True,0.315,0.016,-23.2,2.2,True,True,-0.0747,-0.0056,True,True,False,False,False,False,False,False,NORMAL,20.0,,False,False,False,False,False,False,NORMAL,20.0,
1106,73.733333,True,0.317,0.016,-23.3,2.3,True,True,-0.0772,-0.0001,True,True,False,False,False,False,False,False,NORMAL,20.0,,False,False,False,False,False,False,NORMAL,20.0,
1107,73.800000,True,0.317,0.018,-23.3,2.3,True,True,-0.0762,0.0037,True,True,False,False,False,False,False,False,NORMAL,20.0,,False,False,False,False,False,False,NORMAL,20.0,
1108,73.866667,True,0.317,0.019,-23.3,2.3,True,True,-0.0806,0.0052,True,True,False,False,False,False,False,False,NORMAL,20.0,,False,False,False,False,False,False,NORMAL,20.0,
1109,73.933333,True,0.318,0.02,-23.3,2.3,True,True,-0.0808,0.0045,True,True,False,False,False,False,False,False,NORMAL,20.0,,False,False,False,False,False,False,NORMAL,20.0,
1110,74.000000,True,0.318,0.021,-23.3,2.3,True,True,-0.0811,-0.0023,True,True,False,False,False,False,False,False,NORMAL,20.0,,False,False,False,False,False,False,NORMAL,20.0,
1111,74.066667,True,0.319,0.023,-23.4,2.2,True,True,-0.0828,0.0031,True,True,False,False,False,False,False,False,NORMAL,20.0,,False,False,False,False,False,False,NORMAL,20.0,
1112,74.133333,True,0.319,0.025,-23.4,2.2,True,True,-0.0793,0.0046,True,True,False,False,False,False,False,False,NORMAL,20.0,,False,False,False,False,False,False,NORMAL,20.0,
1113,74.200000,True,0.32,0.027,-23.3,2.2,True,True,-0.0794,0.0161,True,True,False,False,False,False,False,False,NORMAL,20.0,,False,False,False,False,False,False,NORMAL,20.0,
1114,74.266667,True,0.32,0.028,-23.3,2.2,True,True,-0.0811,0.0084,True,True,False,False,False,False,False,False,NORMAL,20.0,,False,False,False,False,False,False,NORMAL,20.0,
1115,74.333333,True,0.32,0.028,-23.3,2.2,True,True,-0.0735,0.0073,True,True,False,False,False,False,False,False,NORMAL,20.0,,False,False,False,False,False,False,NORMAL,20.0,
1116,74.400000,True,0.32,0.027,-23.3,2.2,True,True,-0.0699,0.0081,True,True,False,False,False,False,False,False,NORMAL,20.0,,False,False,False,False,False,False,NORMAL,20.0,
1117,74.466667,True,0.321,0.026,-23.4,2.1,True,True,-0.0729,0.0025,True,True,False,False,False,False,False,False,NORMAL,20.0,,False,False,False,False,False,False,NORMAL,20.0,
1118,74.533333,True,0.321,0.025,-23.4,2.1,True,True,-0.0674,0.0077,True,True,False,False,False,False,False,False,NORMAL,20.0,,False,False,False,False,False,False,NORMAL,20.0,
1119,74.600000,True,0.321,0.024,-23.4,2.1,True,True,-0.0731,0.0064,True,True,False,False,False,False,False,False,NORMAL,20.0,,False,False,False,False,False,False,NORMAL,20.0,
1120,74.666667,True,0.321,0.024,-23.4,2.1,True,True,-0.0856,-0.0043,True,True,False,False,False,False,False,False,NORMAL,20.0,,False,False,False,False,False,False,NORMAL,20.0,
1121,74.733333,True,0.319,0.023,-23.3,2.1,True,True,-0.0807,-0.0083,True,True,False,False,False,False,False,False,NORMAL,20.0,,False,False,False,False,False,False,NORMAL,20.0,
1122,74.800000,True,0.319,0.021,-23.3,2.1,True,True,-0.0819,-0.0117,True,True,False,False,False,False,False,False,NORMAL,20.0,,False,False,False,False,False,False,NORMAL,20.0,
1123,74.866667,True,0.319,0.02,-23.3,2.1,True,True,-0.088,-0.0108,True,True,False,False,False,False,False,False,NORMAL,20.0,,False,False,False,False,False,False,NORMAL,20.0,
1124,74.933333,True,0.318,0.02,-23.2,2.1,True,True,-0.0801,-0.009,True,True,False,False,False,False,False,False,NORMAL,20.0,,False,False,False,False,False,False,NORMAL,20.0,
1125,75.000000,True,0.317,0.019,-23.2,2.1,True,True,-0.0779,-0.0086,True,True,False,False,False,False,False,False,NORMAL,20.0,,False,False,False,False,False,False,NORMAL,20.0,
1126,75.066667,True,0.317,0.017,-23.2,2.1,True,True,-0.074,-0.006,True,True,False,False,False,False,False,False,NORMAL,20.0,,False,False,False,False,False,False,NORMAL,20.0,
1127,75.133333,True,0.317,0.017,-23.2,2.1,True,True,-0.0766,-0.009,True,True,False,False,False,False,False,False,NORMAL,20.0,,False,False,False,False,False,False,NORMAL,20.0,
1128,75.200000,True,0.316,0.016,-23.2,2.1,True,True,-0.0752,-0.0041,True,True,False,False,False,False,False,False,NORMAL,20.0,,False,False,False,False,False,False,NORMAL,20.0,
1129,75.266667,True,0.316,0.016,-23.1,2.1,True,True,-0.0683,-0.003,True,True,False,False,False,False,False,False,NORMAL,20.0,,False,False,False,False,False,False,NORMAL,20.0,
1130,75.333333,True,0.315,0.016,-23.1,2.1,True,True,-0.062,-0.0171,True,True,False,False,False,False,False,False,NORMAL,20.0,,False,False,False,False,False,False,NORMAL,20.0,
1131,75.400000,True,0.314,0.016,-23.1,2.1,True,True,-0.058,-0.0112,True,True,False,False,False,False,False,False,NORMAL,20.0,,False,False,False,False,False,False,NORMAL,20.0,
1132,75.466667,True,0.313,0.017,-23.1,2.1,True,True,-0.0482,-0.0085,True,True,False,False,False,False,False,False,NORMAL,20.0,,False,False,False,False,False,False,NORMAL,20.0,
1133,75.533333,True,0.312,0.017,-23.0,2.1,True,True,-0.0471,-0.0058,True,True,False,False,False,False,False,False,NORMAL,20.0,,False,False,False,False,False,False,NORMAL,20.0,
1134,75.600000,True,0.31,0.018,-22.9,2.1,True,True,-0.0444,-0.0018,True,True,False,False,False,False,False,False,NORMAL,20.0,,False,False,False,False,False,False,NORMAL,20.0,
1135,75.666667,True,0.306,0.018,-22.7,2.2,True,True,-0.0406,0.0008,True,True,False,False,False,False,False,False,NORMAL,20.0,,False,False,False,False,False,False,NORMAL,20.0,
1136,75.733333,True,0.301,0.018,-22.5,2.2,True,True,-0.0354,0.003,True,True,False,False,False,False,False,False,NORMAL,20.0,,False,False,False,False,False,False,NORMAL,20.0,
1137,75.800000,True,0.298,0.018,-22.3,2.2,True,True,-0.0356,0.0058,True,True,False,False,False,False,False,False,NORMAL,20.0,,False,False,False,False,False,False,NORMAL,20.0,
1138,75.866667,True,0.296,0.017,-22.1,2.3,True,True,-0.0326,-0.0015,True,True,False,False,False,False,False,False,NORMAL,20.0,,False,False,False,False,False,False,NORMAL,20.0,
1139,75.933333,True,0.293,0.016,-22.0,2.3,True,True,-0.0315,0.0036,True,True,False,False,False,False,False,False,NORMAL,20.0,,False,False,False,False,False,False,NORMAL,20.0,
1140,76.000000,True,0.292,0.016,-21.9,2.3,True,True,-0.0302,0.0032,True,True,False,False,False,False,False,False,NORMAL,20.0,,False,False,False,False,False,False,NORMAL,20.0,
1141,76.066667,True,0.29,0.016,-21.8,2.2,True,True,-0.0354,0.0038,True,True,False,False,False,False,False,False,NORMAL,20.0,,False,False,False,False,False,False,NORMAL,20.0,
1142,76.133333,True,0.289,0.016,-21.7,2.2,True,True,-0.0306,0.0043,True,True,False,False,False,False,False,False,NORMAL,20.0,,False,False,False,False,False,False,NORMAL,20.0,
1143,76.200000,True,0.288,0.015,-21.6,2.2,True,True,-0.0303,0.0028,True,True,False,False,False,False,False,False,NORMAL,20.0,,False,False,False,False,False,False,NORMAL,20.0,
1144,76.266667,True,0.287,0.015,-21.6,2.2,True,True,-0.0298,0.0027,True,True,False,False,False,False,False,False,NORMAL,20.0,,False,False,False,False,False,False,NORMAL,20.0,
1145,76.333333,True,0.286,0.014,-21.5,2.2,True,True,-0.0299,0.0023,True,True,False,False,False,False,False,False,NORMAL,20.0,,False,False,False,False,False,False,NORMAL,20.0,
1146,76.400000,True,0.286,0.014,-21.5,2.2,True,True,-0.0295,0.0036,True,True,False,False,False,False,False,False,NORMAL,20.0,,False,False,False,False,False,False,NORMAL,20.0,
1147,76.466667,True,0.285,0.013,-21.4,2.2,True,True,-0.0282,0.0021,True,True,False,False,False,False,False,False,NORMAL,20.0,,False,False,False,False,False,False,NORMAL,20.0,
1148,76.533333,True,0.285,0.013,-21.4,2.2,True,True,-0.0292,0.0041,True,True,False,False,False,False,False,False,NORMAL,20.0,,False,False,False,False,False,False,NORMAL,20.0,
1149,76.600000,True,0.285,0.013,-21.4,2.2,True,True,-0.031,0.0067,True,True,False,False,False,False,False,False,NORMAL,20.0,,False,False,False,False,False,False,NORMAL,20.0,
1150,76.666667,True,0.285,0.013,-21.3,2.2,True,True,-0.0311,0.0079,True,True,False,False,False,False,False,False,NORMAL,20.0,,False,False,False,False,False,False,NORMAL,20.0,
1151,76.733333,True,0.285,0.013,-21.3,2.2,True,True,-0.0319,0.0079,True,True,False,False,False,False,False,False,NORMAL,20.0,,False,False,False,False,False,False,NORMAL,20.0,
1152,76.800000,True,0.284,0.013,-21.2,2.3,True,True,-0.0256,0.0061,True,True,False,False,False,False,False,False,NORMAL,20.0,,False,False,False,False,False,False,NORMAL,20.0,
1153,76.866667,True,0.285,0.012,-21.2,2.3,True,True,-0.0335,0.006,True,True,False,False,False,False,False,False,NORMAL,20.0,,False,False,False,False,False,False,NORMAL,20.0,
1154,76.933333,True,0.285,0.012,-21.1,2.2,True,True,-0.0259,0.0052,True,True,False,False,False,False,False,False,NORMAL,20.0,,False,False,False,False,False,False,NORMAL,20.0,
1155,77.000000,True,0.285,0.013,-21.1,2.2,True,True,-0.0333,0.0052,True,True,False,False,False,False,False,False,NORMAL,20.0,,False,False,False,False,False,False,NORMAL,20.0,
1156,77.066667,True,0.285,0.013,-21.1,2.2,True,True,-0.028,0.003,True,True,False,False,False,False,False,False,NORMAL,20.0,,False,False,False,False,False,False,NORMAL,20.0,
1157,77.133333,True,0.285,0.013,-21.1,2.2,True,True,-0.0367,0.0037,True,True,False,False,False,False,False,False,NORMAL,20.0,,False,False,False,False,False,False,NORMAL,20.0,
1158,77.200000,True,0.285,0.014,-21.0,2.2,True,True,-0.0313,0.0022,True,True,False,False,False,False,False,False,NORMAL,20.0,,False,False,False,False,False,False,NORMAL,20.0,
1159,77.266667,True,0.286,0.015,-21.0,2.2,True,True,-0.0361,0.0059,True,True,False,False,False,False,False,False,NORMAL,20.0,,False,False,False,False,False,False,NORMAL,20.0,
1160,77.333333,True,0.286,0.016,-21.0,2.2,True,True,-0.0336,-0.0113,True,True,False,False,False,False,False,False,NORMAL,20.0,,False,False,False,False,False,False,NORMAL,20.0,
1161,77.400000,True,0.286,0.018,-20.9,2.2,True,True,-0.0355,-0.0063,True,True,False,False,False,False,False,False,NORMAL,20.0,,False,False,False,False,False,False,NORMAL,20.0,
1162,77.466667,True,0.286,0.019,-20.9,2.2,True,True,-0.0382,-0.0122,True,True,False,False,False,False,False,False,NORMAL,20.0,,False,False,False,False,False,False,NORMAL,20.0,
1163,77.533333,True,0.286,0.02,-20.9,2.2,True,True,-0.0355,-0.0091,True,True,False,False,False,False,False,False,NORMAL,20.0,,False,False,False,False,False,False,NORMAL,20.0,
1164,77.600000,True,0.286,0.021,-20.8,2.2,True,True,-0.0327,-0.0085,True,True,False,False,False,False,False,False,NORMAL,20.0,,False,False,False,False,False,False,NORMAL,20.0,
1165,77.666667,True,0.286,0.023,-20.8,2.2,True,True,-0.0357,-0.0068,True,True,False,False,False,False,False,False,NORMAL,20.0,,False,False,False,False,False,False,NORMAL,20.0,
1166,77.733333,True,0.286,0.024,-20.7,2.2,True,True,-0.0351,-0.0071,True,True,False,False,False,False,False,False,NORMAL,20.0,,False,False,False,False,False,False,NORMAL,20.0,
1167,77.800000,True,0.286,0.026,-20.7,2.2,True,True,-0.0377,-0.0057,True,True,False,False,False,False,False,False,NORMAL,20.0,,False,False,False,False,False,False,NORMAL,20.0,
1168,77.866667,True,0.286,0.027,-20.7,2.2,True,True,-0.0382,-0.0066,True,True,False,False,False,False,False,False,NORMAL,20.0,,False,False,False,False,False,False,NORMAL,20.0,
1169,77.933333,True,0.286,0.028,-20.7,2.2,True,True,-0.036,-0.004,True,True,False,False,False,False,False,False,NORMAL,20.0,,False,False,False,False,False,False,NORMAL,20.0,
1170,78.000000,True,0.286,0.029,-20.6,2.2,True,True,-0.0442,-0.0058,True,True,False,False,False,False,False,False,NORMAL,20.0,,False,False,False,False,False,False,NORMAL,20.0,
1171,78.066667,True,0.286,0.031,-20.6,2.2,True,True,-0.0449,-0.0043,True,True,False,False,False,False,False,False,NORMAL,20.0,,False,False,False,False,False,False,NORMAL,20.0,
1172,78.133333,True,0.285,0.032,-20.6,2.2,True,True,-0.0373,-0.01,True,True,False,False,False,False,False,False,NORMAL,20.0,,False,False,False,False,False,False,NORMAL,20.0,
1173,78.200000,True,0.285,0.033,-20.6,2.2,True,True,-0.0371,-0.0086,True,True,False,False,False,False,False,False,NORMAL,20.0,,False,False,False,False,False,False,NORMAL,20.0,
1174,78.266667,True,0.285,0.033,-20.6,2.2,True,True,-0.039,-0.0099,True,True,False,False,False,False,False,False,NORMAL,20.0,,False,False,False,False,False,False,NORMAL,20.0,
1175,78.333333,True,0.285,0.033,-20.6,2.2,True,True,-0.0398,-0.0115,True,True,False,False,False,False,False,False,NORMAL,20.0,,False,False,False,False,False,False,NORMAL,20.0,
1176,78.400000,True,0.286,0.033,-20.6,2.2,True,True,-0.0397,-0.0115,True,True,False,False,False,False,False,False,NORMAL,20.0,,False,False,False,False,False,False,NORMAL,20.0,
1177,78.466667,True,0.286,0.034,-20.6,2.2,True,True,-0.0401,-0.0116,True,True,False,False,False,False,False,False,NORMAL,20.0,,False,False,False,False,False,False,NORMAL,20.0,
1178,78.533333,True,0.286,0.034,-20.6,2.1,True,True,-0.0415,-0.0125,True,True,False,False,False,False,False,False,NORMAL,20.0,,False,False,False,False,False,False,NORMAL,20.0,
1179,78.600000,True,0.286,0.034,-20.6,2.1,True,True,-0.0412,-0.011,True,True,False,False,False,False,False,False,NORMAL,20.0,,False,False,False,False,False,False,NORMAL,20.0,
1180,78.666667,True,0.286,0.034,-20.6,2.1,True,True,-0.0404,-0.0126,True,True,False,False,False,False,False,False,NORMAL,20.0,,False,False,False,False,False,False,NORMAL,20.0,
1181,78.733333,True,0.286,0.034,-20.6,2.1,True,True,-0.041,-0.0125,True,True,False,False,False,False,False,False,NORMAL,20.0,,False,False,False,False,False,False,NORMAL,20.0,
1182,78.800000,True,0.286,0.034,-20.6,2.1,True,True,-0.0418,-0.0125,True,True,False,False,False,False,False,False,NORMAL,20.0,,False,False,False,False,False,False,NORMAL,20.0,
1183,78.866667,True,0.286,0.034,-20.6,2.1,True,True,-0.0415,-0.012,True,True,False,False,False,False,False,False,NORMAL,20.0,,False,False,False,False,False,False,NORMAL,20.0,
1184,78.933333,True,0.286,0.034,-20.6,2.1,True,True,-0.0413,-0.013,True,True,False,False,False,False,False,False,NORMAL,20.0,,False,False,False,False,False,False,NORMAL,20.0,
1185,79.000000,True,0.286,0.035,-20.6,2.1,True,True,-0.0409,-0.0122,True,True,False,False,False,False,False,False,NORMAL,20.0,,False,False,False,False,False,False,NORMAL,20.0,
1186,79.066667,True,0.286,0.035,-20.6,2.1,True,True,-0.041,-0.0111,True,True,False,False,False,False,False,False,NORMAL,20.0,,False,False,False,False,False,False,NORMAL,20.0,
1187,79.133333,True,0.286,0.035,-20.6,2.1,True,True,-0.048,-0.0065,True,True,False,False,False,False,False,False,NORMAL,20.0,,False,False,False,False,False,False,NORMAL,20.0,
1188,79.200000,True,0.287,0.036,-20.6,2.1,True,True,-0.0403,-0.0077,True,True,False,False,False,False,False,False,NORMAL,20.0,,False,False,False,False,False,False,NORMAL,20.0,
1189,79.266667,True,0.286,0.036,-20.6,2.1,True,True,-0.0463,-0.0101,True,True,False,False,False,False,False,False,NORMAL,20.0,,False,False,False,False,False,False,NORMAL,20.0,
1190,79.333333,True,0.286,0.037,-20.6,2.1,True,True,-0.0393,-0.0027,True,True,False,False,False,False,False,False,NORMAL,20.0,,False,False,False,False,False,False,NORMAL,20.0,
1191,79.400000,True,0.286,0.037,-20.7,2.1,True,True,-0.0451,-0.0108,True,True,False,False,False,False,False,False,NORMAL,20.0,,False,False,False,False,False,False,NORMAL,20.0,
1192,79.466667,True,0.288,0.038,-20.7,2.1,True,True,-0.042,-0.0047,True,True,False,False,False,False,False,False,NORMAL,20.0,,False,False,False,False,False,False,NORMAL,20.0,
1193,79.533333,True,0.288,0.038,-20.7,2.1,True,True,-0.0424,-0.006,True,True,False,False,False,False,False,False,NORMAL,20.0,,False,False,False,False,False,False,NORMAL,20.0,
1194,79.600000,True,0.288,0.038,-20.7,2.1,True,True,-0.0543,-0.0064,True,True,False,False,False,False,False,False,NORMAL,20.0,,False,False,False,False,False,False,NORMAL,20.0,
1195,79.666667,True,0.288,0.038,-20.7,2.1,True,True,-0.0485,-0.008,True,True,False,False,False,False,False,False,NORMAL,20.0,,False,False,False,False,False,False,NORMAL,20.0,
1196,79.733333,True,0.289,0.038,-20.7,2.1,True,True,-0.0537,-0.0056,True,True,False,False,False,False,False,False,NORMAL,20.0,,False,False,False,False,False,False,NORMAL,20.0,
1197,79.800000,True,0.29,0.038,-20.7,2.1,True,True,-0.0559,-0.0047,True,True,False,False,False,False,False,False,NORMAL,20.0,,False,False,False,False,False,False,NORMAL,20.0,
1198,79.866667,True,0.289,0.038,-20.7,2.1,True,True,-0.053,-0.0051,True,True,False,False,False,False,False,False,NORMAL,20.0,,False,False,False,False,False,False,NORMAL,20.0,
1199,79.933333,True,0.29,0.038,-20.7,2.1,True,True,-0.0535,-0.0044,True,True,False,False,False,False,False,False,NORMAL,20.0,,False,False,False,False,False,False,NORMAL,20.0,
1200,80.000000,True,0.285,0.037,-20.8,2.1,True,True,-0.0485,0.0151,True,True,False,False,False,False,False,False,NORMAL,20.0,,False,False,False,False,False,False,NORMAL,20.0,
1201,80.066667,True,0.28,0.035,-20.8,2.1,True,True,-0.0447,0.0132,True,True,False,False,False,False,False,False,NORMAL,20.0,,False,False,False,False,False,False,NORMAL,20.0,
1202,80.133333,True,0.277,0.033,-20.8,2.1,True,True,-0.0435,0.0125,True,True,False,False,False,False,False,False,NORMAL,20.0,,False,False,False,False,False,False,NORMAL,20.0,
1203,80.200000,True,0.273,0.03,-20.8,2.2,True,True,-0.0412,0.0111,True,True,False,False,False,False,False,False,NORMAL,20.0,,False,False,False,False,False,False,NORMAL,20.0,
1204,80.266667,True,0.268,0.026,-20.8,2.2,True,True,-0.0409,0.0129,True,True,False,False,False,False,False,False,NORMAL,20.0,,False,False,False,False,False,False,NORMAL,20.0,
1205,80.333333,True,0.267,0.021,-20.8,2.3,True,True,-0.0427,0.0148,True,True,False,False,False,False,False,False,NORMAL,20.0,,False,False,False,False,False,False,NORMAL,20.0,
1206,80.400000,True,0.264,0.016,-20.8,2.3,True,True,-0.0411,0.0158,True,True,False,False,False,False,False,False,NORMAL,20.0,,False,False,False,False,False,False,NORMAL,20.0,
1207,80.466667,True,0.262,0.012,-20.9,2.4,True,True,-0.0425,0.0143,True,True,False,False,False,False,False,False,NORMAL,20.0,,False,False,False,False,False,False,NORMAL,20.0,
1208,80.533333,True,0.262,0.009,-20.9,2.4,True,True,-0.0422,0.013,True,True,False,False,False,False,False,False,NORMAL,20.0,,False,False,False,False,False,False,NORMAL,20.0,
1209,80.600000,True,0.262,0.006,-20.9,2.5,True,True,-0.0409,0.0135,True,True,False,False,False,False,False,False,NORMAL,20.0,,False,False,False,False,False,False,NORMAL,20.0,
1210,80.666667,True,0.262,0.004,-20.9,2.5,True,True,-0.0405,0.0128,True,True,False,False,False,False,False,False,NORMAL,20.0,,False,False,False,False,False,False,NORMAL,20.0,
1211,80.733333,True,0.261,0.003,-20.9,2.6,True,True,-0.0399,0.0143,True,True,False,False,False,False,False,False,NORMAL,20.0,,False,False,False,False,False,False,NORMAL,20.0,
1212,80.800000,True,0.259,0.004,-20.9,2.6,True,True,-0.0461,0.0094,True,True,False,False,False,False,False,False,NORMAL,20.0,,False,False,False,False,False,False,NORMAL,20.0,
1213,80.866667,True,0.259,0.004,-20.9,2.6,True,True,-0.0427,0.0131,True,True,False,False,False,False,False,False,NORMAL,20.0,,False,False,False,False,False,False,NORMAL,20.0,
1214,80.933333,True,0.257,0.005,-20.9,2.6,True,True,-0.0381,0.0074,True,True,False,False,False,False,False,False,NORMAL,20.0,,False,False,False,False,False,False,NORMAL,20.0,
1215,81.000000,True,0.256,0.006,-20.9,2.6,True,True,-0.043,0.0101,True,True,False,False,False,False,False,False,NORMAL,20.0,,False,False,False,False,False,False,NORMAL,20.0,
1216,81.066667,True,0.254,0.006,-20.9,2.6,True,True,-0.043,0.0054,True,True,False,False,False,False,False,False,NORMAL,20.0,,False,False,False,False,False,False,NORMAL,20.0,
1217,81.133333,True,0.253,0.006,-20.9,2.7,True,True,-0.045,0.0094,True,True,False,False,False,False,False,False,NORMAL,20.0,,False,False,False,False,False,False,NORMAL,20.0,
1218,81.200000,True,0.252,0.006,-20.9,2.7,True,True,-0.0492,0.0095,True,True,False,False,False,False,False,False,NORMAL,20.0,,False,False,False,False,False,False,NORMAL,20.0,
1219,81.266667,True,0.249,0.005,-20.9,2.7,True,True,-0.0485,0.0051,True,True,False,False,False,False,False,False,NORMAL,20.0,,False,False,False,False,False,False,NORMAL,20.0,
1220,81.333333,True,0.249,0.005,-21.0,2.7,True,True,-0.0451,0.007,True,True,False,False,False,False,False,False,NORMAL,20.0,,False,False,False,False,False,False,NORMAL,20.0,
1221,81.400000,True,0.248,0.004,-21.0,2.7,True,True,-0.0509,0.0073,True,True,False,False,False,False,False,False,NORMAL,20.0,,False,False,False,False,False,False,NORMAL,20.0,
1222,81.466667,True,0.247,0.004,-21.0,2.7,True,True,-0.0465,0.0052,True,True,False,False,False,False,False,False,NORMAL,20.0,,False,False,False,False,False,False,NORMAL,20.0,
1223,81.533333,True,0.246,0.005,-21.0,2.7,True,True,-0.0503,-0.0016,True,True,False,False,False,False,False,False,NORMAL,20.0,,False,False,False,False,False,False,NORMAL,20.0,
1224,81.600000,True,0.245,0.005,-21.0,2.7,True,True,-0.0504,0.0065,True,True,False,False,False,False,False,False,NORMAL,20.0,,False,False,False,False,False,False,NORMAL,20.0,
1225,81.666667,True,0.244,0.005,-21.0,2.7,True,True,-0.054,0.002,True,True,False,False,False,False,False,False,NORMAL,20.0,,False,False,False,False,False,False,NORMAL,20.0,
1226,81.733333,True,0.244,0.005,-21.0,2.7,True,True,-0.0507,0.0016,True,True,False,False,False,False,False,False,NORMAL,20.0,,False,False,False,False,False,False,NORMAL,20.0,
1227,81.800000,True,0.244,0.005,-21.0,2.7,True,True,-0.0534,0.0026,True,True,False,False,False,False,False,False,NORMAL,20.0,,False,False,False,False,False,False,NORMAL,20.0,
1228,81.866667,True,0.244,0.005,-21.0,2.7,True,True,-0.0536,0.0022,True,True,False,False,False,False,False,False,NORMAL,20.0,,False,False,False,False,False,False,NORMAL,20.0,
1229,81.933333,True,0.244,0.006,-21.0,2.7,True,True,-0.0543,0.0019,True,True,False,False,False,False,False,False,NORMAL,20.0,,False,False,False,False,False,False,NORMAL,20.0,
1230,82.000000,True,0.244,0.006,-21.1,2.7,True,True,-0.055,0.0013,True,True,False,False,False,False,False,False,NORMAL,20.0,,False,False,False,False,False,False,NORMAL,20.0,
1231,82.066667,True,0.243,0.006,-21.1,2.7,True,True,-0.0525,-0.0024,True,True,False,False,False,False,False,False,NORMAL,20.0,,False,False,False,False,False,False,NORMAL,20.0,
1232,82.133333,True,0.244,0.006,-21.1,2.7,True,True,-0.0534,-0.0038,True,True,False,False,False,False,False,False,NORMAL,20.0,,False,False,False,False,False,False,NORMAL,20.0,
1233,82.200000,True,0.244,0.007,-21.1,2.7,True,True,-0.0546,-0.0023,True,True,False,False,False,False,False,False,NORMAL,20.0,,False,False,False,False,False,False,NORMAL,20.0,
1234,82.266667,True,0.244,0.007,-21.1,2.6,True,True,-0.0497,-0.0019,True,True,False,False,False,False,False,False,NORMAL,20.0,,False,False,False,False,False,False,NORMAL,20.0,
1235,82.333333,True,0.245,0.009,-21.1,2.6,True,True,-0.0523,-0.0099,True,True,False,False,False,False,False,False,NORMAL,20.0,,False,False,False,False,False,False,NORMAL,20.0,
1236,82.400000,True,0.245,0.01,-21.1,2.6,True,True,-0.0512,-0.0077,True,True,False,False,False,False,False,False,NORMAL,20.0,,False,False,False,False,False,False,NORMAL,20.0,
1237,82.466667,True,0.244,0.011,-21.1,2.6,True,True,-0.0535,-0.0107,True,True,False,False,False,False,False,False,NORMAL,20.0,,False,False,False,False,False,False,NORMAL,20.0,
1238,82.533333,True,0.244,0.012,-21.1,2.5,True,True,-0.0544,-0.0125,True,True,False,False,False,False,False,False,NORMAL,20.0,,False,False,False,False,False,False,NORMAL,20.0,
1239,82.600000,True,0.244,0.014,-21.1,2.5,True,True,-0.0519,-0.0105,True,True,False,False,False,False,False,False,NORMAL,20.0,,False,False,False,False,False,False,NORMAL,20.0,
1240,82.666667,True,0.248,0.015,-21.2,2.5,True,True,-0.0472,-0.0074,True,True,False,False,False,False,False,False,NORMAL,20.0,,False,False,False,False,False,False,NORMAL,20.0,
1241,82.733333,True,0.249,0.016,-21.2,2.4,True,True,-0.0511,-0.0129,True,True,False,False,False,False,False,False,NORMAL,20.0,,False,False,False,False,False,False,NORMAL,20.0,
1242,82.800000,True,0.252,0.017,-21.2,2.4,True,True,-0.0479,-0.0077,True,True,False,False,False,False,False,False,NORMAL,20.0,,False,False,False,False,False,False,NORMAL,20.0,
1243,82.866667,True,0.253,0.017,-21.2,2.4,True,True,-0.0431,-0.0169,True,True,False,False,False,False,False,False,NORMAL,20.0,,False,False,False,False,False,False,NORMAL,20.0,
1244,82.933333,True,0.254,0.017,-21.2,2.3,True,True,-0.0398,-0.0128,True,True,False,False,False,False,False,False,NORMAL,20.0,,False,False,False,False,False,False,NORMAL,20.0,
1245,83.000000,True,0.256,0.017,-21.3,2.3,True,True,-0.0423,-0.0142,True,True,False,False,False,False,False,False,NORMAL,20.0,,False,False,False,False,False,False,NORMAL,20.0,
1246,83.066667,True,0.259,0.017,-21.3,2.3,True,True,-0.0431,-0.0145,True,True,False,False,False,False,False,False,NORMAL,20.0,,False,False,False,False,False,False,NORMAL,20.0,
1247,83.133333,True,0.261,0.016,-21.3,2.3,True,True,-0.0437,-0.0155,True,True,False,False,False,False,False,False,NORMAL,20.0,,False,False,False,False,False,False,NORMAL,20.0,
1248,83.200000,True,0.263,0.015,-21.4,2.3,True,True,-0.0447,-0.0134,True,True,False,False,False,False,False,False,NORMAL,20.0,,False,False,False,False,False,False,NORMAL,20.0,
1249,83.266667,True,0.265,0.015,-21.4,2.3,True,True,-0.0443,-0.0134,True,True,False,False,False,False,False,False,NORMAL,20.0,,False,False,False,False,False,False,NORMAL,20.0,
1250,83.333333,True,0.268,0.014,-21.4,2.3,True,True,-0.0418,-0.0139,True,True,False,False,False,False,False,False,NORMAL,20.0,,False,False,False,False,False,False,NORMAL,20.0,
1251,83.400000,True,0.269,0.013,-21.4,2.3,True,True,-0.0401,-0.013,True,True,False,False,False,False,False,False,NORMAL,20.0,,False,False,False,False,False,False,NORMAL,20.0,
1252,83.466667,True,0.27,0.012,-21.5,2.2,True,True,-0.0435,-0.0077,True,True,False,False,False,False,False,False,NORMAL,20.0,,False,False,False,False,False,False,NORMAL,20.0,
1253,83.533333,True,0.271,0.011,-21.5,2.2,True,True,-0.0436,-0.0054,True,True,False,False,False,False,False,False,NORMAL,20.0,,False,False,False,False,False,False,NORMAL,20.0,
1254,83.600000,True,0.273,0.01,-21.5,2.2,True,True,-0.0453,-0.0046,True,True,False,False,False,False,False,False,NORMAL,20.0,,False,False,False,False,False,False,NORMAL,20.0,
1255,83.666667,True,0.274,0.008,-21.5,2.2,True,True,-0.0465,-0.0029,True,True,False,False,False,False,False,False,NORMAL,20.0,,False,False,False,False,False,False,NORMAL,20.0,
1256,83.733333,True,0.275,0.007,-21.6,2.3,True,True,-0.0461,-0.0022,True,True,False,False,False,False,False,False,NORMAL,20.0,,False,False,False,False,False,False,NORMAL,20.0,
1257,83.800000,True,0.278,0.007,-21.6,2.3,True,True,-0.044,-0.0001,True,True,False,False,False,False,False,False,NORMAL,20.0,,False,False,False,False,False,False,NORMAL,20.0,
1258,83.866667,True,0.279,0.006,-21.6,2.3,True,True,-0.0441,0.001,True,True,False,False,False,False,False,False,NORMAL,20.0,,False,False,False,False,False,False,NORMAL,20.0,
1259,83.933333,True,0.282,0.006,-21.6,2.3,True,True,-0.0479,0.0021,True,True,False,False,False,False,False,False,NORMAL,20.0,,False,False,False,False,False,False,NORMAL,20.0,
1260,84.000000,True,0.285,0.006,-21.6,2.3,True,True,-0.0525,0.0093,True,True,False,False,False,False,False,False,NORMAL,20.0,,False,False,False,False,False,False,NORMAL,20.0,
1261,84.066667,True,0.288,0.006,-21.7,2.3,True,True,-0.0455,0.0047,True,True,False,False,False,False,False,False,NORMAL,20.0,,False,False,False,False,False,False,NORMAL,20.0,
1262,84.133333,True,0.293,0.007,-21.7,2.3,True,True,-0.0473,0.007,True,True,False,False,False,False,False,False,NORMAL,20.0,,False,False,False,False,False,False,NORMAL,20.0,
1263,84.200000,True,0.296,0.009,-21.7,2.4,True,True,-0.045,0.0097,True,True,False,False,False,False,False,False,NORMAL,20.0,,False,False,False,False,False,False,NORMAL,20.0,
1264,84.266667,True,0.301,0.01,-21.7,2.4,True,True,-0.0464,0.009,True,True,False,False,False,False,False,False,NORMAL,20.0,,False,False,False,False,False,False,NORMAL,20.0,
1265,84.333333,True,0.307,0.011,-21.7,2.6,True,True,-0.0448,0.0099,True,True,False,False,False,False,False,False,NORMAL,20.0,,False,False,False,False,False,False,NORMAL,20.0,
1266,84.400000,True,0.313,0.012,-21.7,2.7,True,True,-0.0449,0.011,True,True,False,False,False,False,False,False,NORMAL,20.0,,False,False,False,False,False,False,NORMAL,20.0,
1267,84.466667,True,0.321,0.013,-21.6,2.8,True,True,-0.0433,0.0155,True,True,False,False,False,False,False,False,NORMAL,20.0,,False,False,False,False,False,False,NORMAL,20.0,
1268,84.533333,True,0.328,0.014,-21.6,2.9,True,True,-0.0461,0.0165,True,True,False,False,False,False,False,False,NORMAL,20.0,,False,False,False,False,False,False,NORMAL,20.0,
1269,84.600000,True,0.336,0.014,-21.6,3.0,True,True,-0.0454,0.0163,True,True,False,False,False,False,False,False,NORMAL,20.0,,False,False,False,False,False,False,NORMAL,20.0,
1270,84.666667,True,0.343,0.014,-21.6,3.1,True,True,-0.0447,0.0194,True,True,False,False,False,False,False,False,NORMAL,20.0,,False,False,False,False,False,False,NORMAL,20.0,
1271,84.733333,True,0.352,0.014,-21.5,3.2,True,True,-0.0467,0.0229,True,True,False,False,False,False,False,False,NORMAL,20.0,,False,False,False,False,False,False,NORMAL,20.0,
1272,84.800000,True,0.359,0.013,-21.5,3.3,True,True,-0.0438,0.0237,True,True,False,False,False,False,False,False,NORMAL,20.0,,False,False,False,False,False,False,NORMAL,20.0,
1273,84.866667,True,0.364,0.012,-21.5,3.4,True,True,-0.0523,0.0269,True,True,False,False,False,False,False,False,NORMAL,20.0,,False,False,False,False,False,False,NORMAL,20.0,
1274,84.933333,True,0.367,0.012,-21.5,3.4,True,True,-0.0483,0.0242,True,True,False,False,False,False,False,False,NORMAL,20.0,,False,False,False,False,False,False,NORMAL,20.0,
1275,85.000000,True,0.368,0.011,-21.5,3.5,True,True,-0.05,0.0267,True,True,False,False,False,False,False,False,NORMAL,20.0,,False,False,False,False,False,False,NORMAL,20.0,
1276,85.066667,True,0.37,0.009,-21.5,3.6,True,True,-0.0503,0.0274,True,True,False,False,False,False,False,False,NORMAL,20.0,,False,False,False,False,False,False,NORMAL,20.0,
1277,85.133333,True,0.369,0.008,-21.5,3.7,True,True,-0.0489,0.0273,True,True,False,False,False,False,False,False,NORMAL,20.0,,False,False,False,False,False,False,NORMAL,20.0,
1278,85.200000,True,0.371,0.007,-21.5,3.8,True,True,-0.0485,0.0266,True,True,False,False,False,False,False,False,NORMAL,20.0,,False,False,False,False,False,False,NORMAL,20.0,
1279,85.266667,True,0.373,0.006,-21.5,3.8,True,True,-0.0479,0.0257,True,True,False,False,False,False,False,False,NORMAL,20.0,,False,False,False,False,False,False,NORMAL,20.0,
1280,85.333333,True,0.367,0.005,-21.4,3.8,True,True,-0.0483,0.0254,True,True,False,False,False,False,False,False,NORMAL,20.0,,False,False,False,False,False,False,NORMAL,20.0,
1281,85.400000,True,0.363,0.004,-21.4,3.9,True,True,-0.0477,0.0244,True,True,False,False,False,False,False,False,NORMAL,20.0,,False,False,False,False,False,False,NORMAL,20.0,
1282,85.466667,True,0.358,0.004,-21.4,3.9,True,True,-0.0512,0.0229,True,True,False,False,False,False,False,False,NORMAL,20.0,,False,False,False,False,False,False,NORMAL,20.0,
1283,85.533333,True,0.354,0.004,-21.4,3.9,True,True,-0.0515,0.0225,True,True,False,False,False,False,False,False,NORMAL,20.0,,False,False,False,False,False,False,NORMAL,20.0,
1284,85.600000,True,0.35,0.003,-21.4,3.9,True,True,-0.0509,0.0209,True,True,False,False,False,False,False,False,NORMAL,20.0,,False,False,False,False,False,False,NORMAL,20.0,
1285,85.666667,True,0.344,0.003,-21.4,3.8,True,True,-0.0505,0.0155,True,True,False,False,False,False,False,False,NORMAL,20.0,,False,False,False,False,False,False,NORMAL,20.0,
1286,85.733333,True,0.34,0.004,-21.4,3.8,True,True,-0.0526,0.0154,True,True,False,False,False,False,False,False,NORMAL,20.0,,False,False,False,False,False,False,NORMAL,20.0,
1287,85.800000,True,0.336,0.005,-21.4,3.8,True,True,-0.0516,0.013,True,True,False,False,False,False,False,False,NORMAL,20.0,,False,False,False,False,False,False,NORMAL,20.0,
1288,85.866667,True,0.333,0.006,-21.5,3.8,True,True,-0.0503,0.0118,True,True,False,False,False,False,False,False,NORMAL,20.0,,False,False,False,False,False,False,NORMAL,20.0,
1289,85.933333,True,0.33,0.007,-21.5,3.7,True,True,-0.0513,0.0126,True,True,False,False,False,False,False,False,NORMAL,20.0,,False,False,False,False,False,False,NORMAL,20.0,
1290,86.000000,True,0.327,0.008,-21.5,3.7,True,True,-0.0504,0.0115,True,True,False,False,False,False,False,False,NORMAL,20.0,,False,False,False,False,False,False,NORMAL,20.0,
1291,86.066667,True,0.324,0.009,-21.5,3.7,True,True,-0.0498,0.0107,True,True,False,False,False,False,False,False,NORMAL,20.0,,False,False,False,False,False,False,NORMAL,20.0,
1292,86.133333,True,0.321,0.01,-21.5,3.6,True,True,-0.0514,0.0094,True,True,False,False,False,False,False,False,NORMAL,20.0,,False,False,False,False,False,False,NORMAL,20.0,
1293,86.200000,True,0.318,0.011,-21.5,3.6,True,True,-0.0506,0.0087,True,True,False,False,False,False,False,False,NORMAL,20.0,,False,False,False,False,False,False,NORMAL,20.0,
1294,86.266667,True,0.316,0.011,-21.5,3.6,True,True,-0.0507,0.0086,True,True,False,False,False,False,False,False,NORMAL,20.0,,False,False,False,False,False,False,NORMAL,20.0,
1295,86.333333,True,0.314,0.012,-21.5,3.6,True,True,-0.0514,0.0099,True,True,False,False,False,False,False,False,NORMAL,20.0,,False,False,False,False,False,False,NORMAL,20.0,
1296,86.400000,True,0.312,0.013,-21.5,3.6,True,True,-0.0503,0.011,True,True,False,False,False,False,False,False,NORMAL,20.0,,False,False,False,False,False,False,NORMAL,20.0,
1297,86.466667,True,0.311,0.013,-21.5,3.5,True,True,-0.0511,0.0121,True,True,False,False,False,False,False,False,NORMAL,20.0,,False,False,False,False,False,False,NORMAL,20.0,
1298,86.533333,True,0.309,0.014,-21.5,3.5,True,True,-0.0517,0.0126,True,True,False,False,False,False,False,False,NORMAL,20.0,,False,False,False,False,False,False,NORMAL,20.0,
1299,86.600000,True,0.309,0.014,-21.5,3.5,True,True,-0.0524,0.0133,True,True,False,False,False,False,False,False,NORMAL,20.0,,False,False,False,False,False,False,NORMAL,20.0,
1300,86.666667,True,0.308,0.014,-21.5,3.5,True,True,-0.0513,0.011,True,True,False,False,False,False,False,False,NORMAL,20.0,,False,False,False,False,False,False,NORMAL,20.0,
1301,86.733333,True,0.307,0.014,-21.5,3.5,True,True,-0.0532,0.0119,True,True,False,False,False,False,False,False,NORMAL,20.0,,False,False,False,False,False,False,NORMAL,20.0,
1302,86.800000,True,0.307,0.014,-21.5,3.5,True,True,-0.0526,0.0158,True,True,False,False,False,False,False,False,NORMAL,20.0,,False,False,False,False,False,False,NORMAL,20.0,
1303,86.866667,True,0.307,0.013,-21.5,3.6,True,True,-0.0484,0.0181,True,True,False,False,False,False,False,False,NORMAL,20.0,,False,False,False,False,False,False,NORMAL,20.0,
1304,86.933333,True,0.306,0.012,-21.4,3.7,True,True,-0.0485,0.0179,True,True,False,False,False,False,False,False,NORMAL,20.0,,False,False,False,False,False,False,NORMAL,20.0,
1305,87.000000,True,0.307,0.012,-21.4,3.9,True,True,-0.0511,0.0256,True,True,False,False,False,False,False,False,NORMAL,20.0,,False,False,False,False,False,False,NORMAL,20.0,
1306,87.066667,True,0.308,0.011,-21.4,4.2,True,True,-0.0478,0.025,True,True,False,False,False,False,False,False,NORMAL,20.0,,False,False,False,False,False,False,NORMAL,20.0,
1307,87.133333,True,0.306,0.011,-21.3,4.4,True,True,-0.0497,0.0371,True,True,False,False,False,False,False,False,NORMAL,20.0,,False,False,False,False,False,False,NORMAL,20.0,
1308,87.200000,True,0.289,0.01,-21.3,4.8,True,True,-0.0447,0.0384,True,True,False,False,False,False,False,False,NORMAL,20.0,,False,False,False,False,False,False,NORMAL,20.0,
1309,87.266667,True,0.266,0.01,-21.2,5.2,True,True,-0.0506,0.0506,True,True,False,False,False,False,False,False,NORMAL,20.0,,False,False,False,False,False,False,NORMAL,20.0,
1310,87.333333,True,0.259,0.011,-21.2,5.5,True,True,-0.0512,0.059,True,True,False,False,False,False,False,False,NORMAL,20.0,,False,False,False,False,False,False,NORMAL,20.0,
1311,87.400000,True,0.239,0.011,-21.2,6.1,True,True,-0.0492,0.0665,True,True,False,False,False,False,False,False,NORMAL,20.0,,False,False,False,False,False,False,NORMAL,20.0,
1312,87.466667,True,0.227,0.009,-21.0,6.7,True,True,-0.0448,0.0766,True,True,False,False,False,False,False,False,NORMAL,20.0,,False,False,False,False,False,False,NORMAL,20.0,
1313,87.533333,True,0.24,0.008,-21.0,7.1,True,True,-0.0468,0.0918,True,True,False,False,False,False,False,False,NORMAL,20.0,,False,False,False,False,False,False,NORMAL,20.0,
1314,87.600000,True,0.245,0.006,-20.9,7.8,True,True,-0.0484,0.1082,True,True,False,False,False,False,False,False,NORMAL,20.0,,False,False,False,False,False,False,NORMAL,20.0,
1315,87.666667,True,0.214,0.006,-20.7,8.8,True,True,-0.0466,0.1281,True,True,False,False,False,False,False,False,NORMAL,20.0,,False,False,False,False,False,False,NORMAL,20.0,
1316,87.733333,True,0.215,0.006,-20.2,9.5,True,True,-0.05,0.1627,True,True,False,False,False,False,False,False,NORMAL,20.0,,False,False,False,False,False,False,NORMAL,20.0,
1317,87.800000,True,0.205,0.006,-19.5,10.5,True,True,-0.0485,0.169,True,True,False,False,False,False,False,False,NORMAL,20.0,,False,False,False,False,False,False,NORMAL,20.0,
1318,87.866667,True,0.197,0.006,-19.1,10.8,True,True,-0.0534,0.1705,True,True,False,False,False,False,False,False,NORMAL,20.0,,False,False,False,False,False,False,NORMAL,20.0,
1319,87.933333,True,0.183,0.006,-18.7,11.3,True,True,-0.0521,0.1695,True,True,False,False,False,False,False,False,NORMAL,20.0,,False,False,False,False,False,False,NORMAL,20.0,
1320,88.000000,True,0.2,0.008,-18.6,11.1,True,True,-0.0443,0.1654,True,True,False,False,False,False,False,False,NORMAL,20.0,,False,False,False,False,False,False,NORMAL,20.0,
1321,88.066667,True,0.22,0.008,-18.4,10.9,True,True,-0.041,0.1579,True,True,False,False,False,False,False,False,NORMAL,20.0,,False,False,False,False,False,False,NORMAL,20.0,
1322,88.133333,True,0.229,0.011,-18.4,10.6,True,True,-0.0333,0.1429,True,True,False,False,False,False,False,False,NORMAL,20.0,,False,False,False,False,False,False,NORMAL,20.0,
1323,88.200000,True,0.243,0.011,-18.4,10.2,True,True,-0.0332,0.1355,True,True,False,False,False,False,False,False,NORMAL,20.0,,False,False,False,False,False,False,NORMAL,20.0,
1324,88.266667,True,0.249,0.014,-18.4,9.9,True,True,-0.0286,0.1271,True,True,False,False,False,False,False,False,NORMAL,20.0,,False,False,False,False,False,False,NORMAL,20.0,
1325,88.333333,True,0.25,0.017,-18.2,9.8,True,True,-0.0195,0.1268,True,True,False,False,False,False,False,False,NORMAL,20.0,,False,False,False,False,False,False,NORMAL,20.0,
1326,88.400000,True,0.243,0.02,-18.0,9.6,True,True,-0.0159,0.1226,True,True,False,False,False,False,False,False,NORMAL,20.0,,False,False,False,False,False,False,NORMAL,20.0,
1327,88.466667,True,0.242,0.026,-17.8,9.4,True,True,-0.0048,0.1108,True,True,False,False,False,False,False,False,NORMAL,20.0,,False,False,False,False,False,False,NORMAL,20.0,
1328,88.533333,True,0.232,0.033,-17.8,9.1,True,True,-0.0068,0.1067,True,True,False,False,False,False,False,False,NORMAL,20.0,,False,False,False,False,False,False,NORMAL,20.0,
1329,88.600000,True,0.221,0.038,-17.7,8.9,True,True,0.0014,0.1057,True,True,False,False,False,False,False,False,NORMAL,20.0,,False,False,False,False,False,False,NORMAL,20.0,
1330,88.666667,True,0.215,0.044,-17.7,8.7,True,True,0.0014,0.1088,True,True,False,False,False,False,False,False,NORMAL,20.0,,False,False,False,False,False,False,NORMAL,20.0,
1331,88.733333,True,0.213,0.051,-17.7,8.5,True,True,-0.0016,0.1003,True,True,False,False,False,False,False,False,NORMAL,20.0,,False,False,False,False,False,False,NORMAL,20.0,
1332,88.800000,True,0.213,0.056,-17.8,8.3,True,True,-0.0227,0.0931,True,True,False,False,False,False,False,False,NORMAL,20.0,,False,False,False,False,False,False,NORMAL,20.0,
1333,88.866667,True,0.212,0.059,-18.0,8.2,True,True,-0.0288,0.0906,True,True,False,False,False,False,False,False,NORMAL,20.0,,False,False,False,False,False,False,NORMAL,20.0,
1334,88.933333,True,0.212,0.059,-18.1,8.0,True,True,-0.0249,0.0921,True,True,False,False,False,False,False,False,NORMAL,20.0,,False,False,False,False,False,False,NORMAL,20.0,
1335,89.000000,True,0.209,0.056,-18.3,7.9,True,True,-0.0279,0.0884,True,True,False,False,False,False,False,False,NORMAL,20.0,,False,False,False,False,False,False,NORMAL,20.0,
1336,89.066667,True,0.209,0.051,-18.4,7.7,True,True,-0.0276,0.0756,True,True,False,False,False,False,False,False,NORMAL,20.0,,False,False,False,False,False,False,NORMAL,20.0,
1337,89.133333,True,0.208,0.048,-18.5,7.6,True,True,-0.0363,0.0776,True,True,False,False,False,False,False,False,NORMAL,20.0,,False,False,False,False,False,False,NORMAL,20.0,
1338,89.200000,True,0.212,0.046,-18.6,7.4,True,True,-0.0412,0.0665,True,True,False,False,False,False,False,False,NORMAL,20.0,,False,False,False,False,False,False,NORMAL,20.0,
1339,89.266667,True,0.217,0.046,-18.7,7.3,True,True,-0.049,0.058,True,True,False,False,False,False,False,False,NORMAL,20.0,,False,False,False,False,False,False,NORMAL,20.0,
1340,89.333333,True,0.219,0.047,-18.8,7.2,True,True,-0.0462,0.0486,True,True,False,False,False,False,False,False,NORMAL,20.0,,False,False,False,False,False,False,NORMAL,20.0,
1341,89.400000,True,0.219,0.049,-18.9,7.1,True,True,-0.0465,0.0495,True,True,False,False,False,False,False,False,NORMAL,20.0,,False,False,False,False,False,False,NORMAL,20.0,
1342,89.466667,True,0.22,0.052,-19.0,7.1,True,True,-0.0554,0.0386,True,True,False,False,False,False,False,False,NORMAL,20.0,,False,False,False,False,False,False,NORMAL,20.0,
1343,89.533333,True,0.224,0.055,-19.1,7.1,True,True,-0.0595,0.0366,True,True,False,False,False,False,False,False,NORMAL,20.0,,False,False,False,False,False,False,NORMAL,20.0,
1344,89.600000,True,0.229,0.058,-19.1,7.1,True,True,-0.0602,0.0293,True,True,False,False,False,False,False,False,NORMAL,20.0,,False,False,False,False,False,False,NORMAL,20.0,
1345,89.666667,True,0.232,0.062,-19.2,7.0,True,True,-0.0652,0.0284,True,True,False,False,False,False,False,False,NORMAL,20.0,,False,False,False,False,False,False,NORMAL,20.0,
1346,89.733333,True,0.237,0.065,-19.2,7.0,True,True,-0.0614,0.0344,True,True,False,False,False,False,False,False,NORMAL,20.0,,False,False,False,False,False,False,NORMAL,20.0,
1347,89.800000,True,0.242,0.068,-19.3,6.9,True,True,-0.0637,0.0342,True,True,False,False,False,False,False,False,NORMAL,20.0,,False,False,False,False,False,False,NORMAL,20.0,
1348,89.866667,True,0.248,0.07,-19.3,6.9,True,True,-0.0627,0.0335,True,True,False,False,False,False,False,False,NORMAL,20.0,,False,False,False,False,False,False,NORMAL,20.0,
1349,89.933333,True,0.253,0.073,-19.4,6.8,True,True,-0.0696,0.0311,True,True,False,False,False,False,False,False,NORMAL,20.0,,False,False,False,False,False,False,NORMAL,20.0,
1350,90.000000,True,0.258,0.076,-19.5,6.7,True,True,-0.0668,0.0307,True,True,False,False,False,False,False,False,NORMAL,20.0,,False,False,False,False,False,False,NORMAL,20.0,
1351,90.066667,True,0.262,0.078,-19.6,6.6,True,True,-0.0697,0.0293,True,True,False,False,False,False,False,False,NORMAL,20.0,,False,False,False,False,False,False,NORMAL,20.0,
1352,90.133333,True,0.264,0.08,-19.6,6.5,True,True,-0.065,0.0303,True,True,False,False,False,False,False,False,NORMAL,20.0,,False,False,False,False,False,False,NORMAL,20.0,
1353,90.200000,True,0.268,0.082,-19.7,6.4,True,True,-0.0674,0.0331,True,True,False,False,False,False,False,False,NORMAL,20.0,,False,False,False,False,False,False,NORMAL,20.0,
1354,90.266667,True,0.27,0.083,-19.8,6.3,True,True,-0.0668,0.0325,True,True,False,False,False,False,False,False,NORMAL,20.0,,False,False,False,False,False,False,NORMAL,20.0,
1355,90.333333,True,0.272,0.084,-19.8,6.2,True,True,-0.0635,0.0343,True,True,False,False,False,False,False,False,NORMAL,20.0,,False,False,False,False,False,False,NORMAL,20.0,
1356,90.400000,True,0.273,0.085,-19.8,6.2,True,True,-0.059,0.0374,True,True,False,False,False,False,False,False,NORMAL,20.0,,False,False,False,False,False,False,NORMAL,20.0,
1357,90.466667,True,0.274,0.085,-19.9,6.2,True,True,-0.0613,0.0348,True,True,False,False,False,False,False,False,NORMAL,20.0,,False,False,False,False,False,False,NORMAL,20.0,
1358,90.533333,True,0.274,0.085,-19.9,6.1,True,True,-0.0606,0.0359,True,True,False,False,False,False,False,False,NORMAL,20.0,,False,False,False,False,False,False,NORMAL,20.0,
1359,90.600000,True,0.273,0.085,-19.9,6.1,True,True,-0.0614,0.0375,True,True,False,False,False,False,False,False,NORMAL,20.0,,False,False,False,False,False,False,NORMAL,20.0,
1360,90.666667,True,0.272,0.082,-19.9,6.1,True,True,-0.0573,0.0331,True,True,False,False,False,False,False,False,NORMAL,20.0,,False,False,False,False,False,False,NORMAL,20.0,
1361,90.733333,True,0.273,0.078,-20.0,6.1,True,True,-0.0582,0.0362,True,True,False,False,False,False,False,False,NORMAL,20.0,,False,False,False,False,False,False,NORMAL,20.0,
1362,90.800000,True,0.273,0.075,-20.0,6.0,True,True,-0.0588,0.0391,True,True,False,False,False,False,False,False,NORMAL,20.0,,False,False,False,False,False,False,NORMAL,20.0,
1363,90.866667,True,0.274,0.07,-20.0,6.0,True,True,-0.0563,0.0465,True,True,False,False,False,False,False,False,NORMAL,20.0,,False,False,False,False,False,False,NORMAL,20.0,
1364,90.933333,True,0.275,0.065,-20.1,6.0,True,True,-0.0551,0.0454,True,True,False,False,False,False,False,False,NORMAL,20.0,,False,False,False,False,False,False,NORMAL,20.0,
1365,91.000000,True,0.276,0.061,-20.1,6.0,True,True,-0.0551,0.0471,True,True,False,False,False,False,False,False,NORMAL,20.0,,False,False,False,False,False,False,NORMAL,20.0,
1366,91.066667,True,0.275,0.056,-20.1,6.0,True,True,-0.0528,0.0489,True,True,False,False,False,False,False,False,NORMAL,20.0,,False,False,False,False,False,False,NORMAL,20.0,
1367,91.133333,True,0.275,0.052,-20.1,6.0,True,True,-0.053,0.0522,True,True,False,False,False,False,False,False,NORMAL,20.0,,False,False,False,False,False,False,NORMAL,20.0,
1368,91.200000,True,0.272,0.048,-20.1,6.0,True,True,-0.0547,0.0533,True,True,False,False,False,False,False,False,NORMAL,20.0,,False,False,False,False,False,False,NORMAL,20.0,
1369,91.266667,True,0.272,0.045,-20.2,6.0,True,True,-0.0556,0.0544,True,True,False,False,False,False,False,False,NORMAL,20.0,,False,False,False,False,False,False,NORMAL,20.0,
1370,91.333333,True,0.269,0.043,-20.2,6.0,True,True,-0.055,0.0538,True,True,False,False,False,False,False,False,NORMAL,20.0,,False,False,False,False,False,False,NORMAL,20.0,
1371,91.400000,True,0.266,0.041,-20.2,6.0,True,True,-0.053,0.0552,True,True,False,False,False,False,False,False,NORMAL,20.0,,False,False,False,False,False,False,NORMAL,20.0,
1372,91.466667,True,0.264,0.039,-20.2,5.9,True,True,-0.0511,0.0542,True,True,False,False,False,False,False,False,NORMAL,20.0,,False,False,False,False,False,False,NORMAL,20.0,
1373,91.533333,True,0.262,0.037,-20.2,5.9,True,True,-0.05,0.0539,True,True,False,False,False,False,False,False,NORMAL,20.0,,False,False,False,False,False,False,NORMAL,20.0,
1374,91.600000,True,0.259,0.035,-20.2,5.9,True,True,-0.0524,0.0555,True,True,False,False,False,False,False,False,NORMAL,20.0,,False,False,False,False,False,False,NORMAL,20.0,
1375,91.666667,True,0.256,0.034,-20.2,5.9,True,True,-0.0536,0.0553,True,True,False,False,False,False,False,False,NORMAL,20.0,,False,False,False,False,False,False,NORMAL,20.0,
1376,91.733333,True,0.255,0.032,-20.2,5.8,True,True,-0.0539,0.0568,True,True,False,False,False,False,False,False,NORMAL,20.0,,False,False,False,False,False,False,NORMAL,20.0,
1377,91.800000,True,0.253,0.031,-20.2,5.8,True,True,-0.0514,0.0585,True,True,False,False,False,False,False,False,NORMAL,20.0,,False,False,False,False,False,False,NORMAL,20.0,
1378,91.866667,True,0.251,0.029,-20.2,5.8,True,True,-0.0505,0.0572,True,True,False,False,False,False,False,False,NORMAL,20.0,,False,False,False,False,False,False,NORMAL,20.0,
1379,91.933333,True,0.251,0.028,-20.2,5.8,True,True,-0.0501,0.0572,True,True,False,False,False,False,False,False,NORMAL,20.0,,False,False,False,False,False,False,NORMAL,20.0,
1380,92.000000,True,0.253,0.027,-20.2,5.7,True,True,-0.0491,0.0579,True,True,False,False,False,False,False,False,NORMAL,20.0,,False,False,False,False,False,False,NORMAL,20.0,
1381,92.066667,True,0.252,0.027,-20.2,5.7,True,True,-0.0515,0.0591,True,True,False,False,False,False,False,False,NORMAL,20.0,,False,False,False,False,False,False,NORMAL,20.0,
1382,92.133333,True,0.252,0.026,-20.2,5.7,True,True,-0.0505,0.0574,True,True,False,False,False,False,False,False,NORMAL,20.0,,False,False,False,False,False,False,NORMAL,20.0,
1383,92.200000,True,0.25,0.026,-20.2,5.7,True,True,-0.0542,0.0575,True,True,False,False,False,False,False,False,NORMAL,20.0,,False,False,False,False,False,False,NORMAL,20.0,
1384,92.266667,True,0.25,0.025,-20.2,5.6,True,True,-0.0461,0.0501,True,True,False,False,False,False,False,False,NORMAL,20.0,,False,False,False,False,False,False,NORMAL,20.0,
1385,92.333333,True,0.247,0.025,-20.2,5.6,True,True,-0.0533,0.0539,True,True,False,False,False,False,False,False,NORMAL,20.0,,False,False,False,False,False,False,NORMAL,20.0,
1386,92.400000,True,0.244,0.024,-20.2,5.6,True,True,-0.0501,0.0552,True,True,False,False,False,False,False,False,NORMAL,20.0,,False,False,False,False,False,False,NORMAL,20.0,
1387,92.466667,True,0.243,0.024,-20.2,5.6,True,True,-0.049,0.0514,True,True,False,False,False,False,False,False,NORMAL,20.0,,False,False,False,False,False,False,NORMAL,20.0,
1388,92.533333,True,0.241,0.024,-20.2,5.5,True,True,-0.0517,0.0576,True,True,False,False,False,False,False,False,NORMAL,20.0,,False,False,False,False,False,False,NORMAL,20.0,
1389,92.600000,True,0.24,0.023,-20.2,5.5,True,True,-0.0506,0.0564,True,True,False,False,False,False,False,False,NORMAL,20.0,,False,False,False,False,False,False,NORMAL,20.0,
1390,92.666667,True,0.235,0.023,-20.2,5.5,True,True,-0.0465,0.0475,True,True,False,False,False,False,False,False,NORMAL,20.0,,False,False,False,False,False,False,NORMAL,20.0,
1391,92.733333,True,0.231,0.022,-20.2,5.5,True,True,-0.0549,0.0591,True,True,False,False,False,False,False,False,NORMAL,20.0,,False,False,False,False,False,False,NORMAL,20.0,
1392,92.800000,True,0.228,0.022,-20.2,5.5,True,True,-0.0517,0.0603,True,True,False,False,False,False,False,False,NORMAL,20.0,,False,False,False,False,False,False,NORMAL,20.0,
1393,92.866667,True,0.227,0.022,-20.2,5.5,True,True,-0.0496,0.0644,True,True,False,False,False,False,False,False,NORMAL,20.0,,False,False,False,False,False,False,NORMAL,20.0,
1394,92.933333,True,0.223,0.022,-20.2,5.5,True,True,-0.0499,0.062,True,True,False,False,False,False,False,False,NORMAL,20.0,,False,False,False,False,False,False,NORMAL,20.0,
